{"py/object": "strutture_dati.Rete", "lista_FA": [{"py/object": "strutture_dati.FA", "nome": "AA", "stati": [{"py/object": "strutture_dati.Stato", "nome": "S"}, {"py/object": "strutture_dati.Stato", "nome": "I"}, {"py/object": "strutture_dati.Stato", "nome": "R"}], "transizioni": [{"py/object": "strutture_dati.Transizione", "nome": "tASI", "stato_i": {"py/id": 4}, "stato_f": {"py/id": 5}, "evento_in": {"py/object": "strutture_dati.FunzioneEvento", "link": {"py/object": "strutture_dati.Link", "nome": "LLA", "FA_i": "AL", "FA_f": "AA", "buffer": ""}, "evento": {"py/object": "strutture_dati.Evento", "nome": "azione"}}, "eventi_out": [{"py/object": "strutture_dati.FunzioneEvento", "link": {"py/object": "strutture_dati.Link", "nome": "LAL", "FA_i": "AA", "FA_f": "AL", "buffer": ""}, "evento": {"py/object": "strutture_dati.Evento", "nome": "sottraigettone"}}], "oss": "\u03b5", "ril": "\u03b5"}, {"py/object": "strutture_dati.Transizione", "nome": "tAIR", "stato_i": {"py/id": 5}, "stato_f": {"py/id": 6}, "evento_in": {"py/id": 9}, "eventi_out": [{"py/id": 13}], "oss": "\u03b5", "ril": "\u03b5"}], "stato_iniziale": {"py/id": 4}, "stato_corrente": {"py/id": 4}}, {"py/object": "strutture_dati.FA", "nome": "AL", "stati": [{"py/object": "strutture_dati.Stato", "nome": "0"}, {"py/object": "strutture_dati.Stato", "nome": "1"}, {"py/object": "strutture_dati.Stato", "nome": "2"}], "transizioni": [{"py/object": "strutture_dati.Transizione", "nome": "tL01", "stato_i": {"py/id": 20}, "stato_f": {"py/id": 21}, "evento_in": {"py/object": "strutture_dati.FunzioneEvento", "link": {"py/object": "strutture_dati.Link", "nome": "", "FA_i": null, "FA_f": null, "buffer": ""}, "evento": {"py/object": "strutture_dati.Evento", "nome": ""}}, "eventi_out": [{"py/id": 9}], "oss": "g1", "ril": "\u03b5"}, {"py/object": "strutture_dati.Transizione", "nome": "tL12", "stato_i": {"py/id": 21}, "stato_f": {"py/id": 22}, "evento_in": {"py/id": 9}, "eventi_out": [{"py/id": 9}], "oss": "g2", "ril": "\u03b5"}, {"py/object": "strutture_dati.Transizione", "nome": "tL10", "stato_i": {"py/id": 21}, "stato_f": {"py/id": 20}, "evento_in": {"py/id": 13}, "eventi_out": [], "oss": "\u03b5", "ril": "o2"}, {"py/object": "strutture_dati.Transizione", "nome": "tL10r", "stato_i": {"py/id": 21}, "stato_f": {"py/id": 20}, "evento_in": {"py/id": 9}, "eventi_out": {"py/id": 32}, "oss": "\u03b5", "ril": "r1"}, {"py/object": "strutture_dati.Transizione", "nome": "tL20", "stato_i": {"py/id": 22}, "stato_f": {"py/id": 20}, "evento_in": {"py/id": 9}, "eventi_out": {"py/id": 32}, "oss": "\u03b5", "ril": "r2"}, {"py/object": "strutture_dati.Transizione", "nome": "tL21", "stato_i": {"py/id": 22}, "stato_f": {"py/id": 21}, "evento_in": {"py/id": 13}, "eventi_out": [{"py/id": 9}], "oss": "\u03b5", "ril": "o1"}], "stato_iniziale": {"py/id": 20}, "stato_corrente": {"py/id": 20}}], "lista_link": [{"py/id": 14}, {"py/id": 10}], "nome": "Caso di studio - Autolavaggio"}