{"py/object": "strutture_dati.SpazioChiusure", "lista_chiusure": [{"py/object": "strutture_dati.ChiusuraSilenziosa", "nodo_iniziale": {"py/object": "strutture_dati.Nodo", "stati_FA": ["20", "30"], "lista_link": [{"py/object": "strutture_dati.Link", "nome": "L2", "FA_i": "C3", "FA_f": "C2", "buffer": ""}, {"py/object": "strutture_dati.Link", "nome": "L3", "FA_i": "C2", "FA_f": "C3", "buffer": ""}], "nome": "20:30|:", "id": 0, "final": true, "indice_oss": 0}, "lista_nodi": [{"py/id": 3}], "lista_nodi_uscenti": [{"py/object": "strutture_dati.Nodo", "stati_FA": ["20", "30"], "lista_link": [{"py/object": "strutture_dati.Link", "nome": "L2", "FA_i": "C3", "FA_f": "C2", "buffer": ""}, {"py/object": "strutture_dati.Link", "nome": "L3", "FA_i": "C2", "FA_f": "C3", "buffer": ""}], "nome": "20:30|:", "id": 0, "final": true, "indice_oss": 0}], "lista_cammini": [], "id": 0, "final": true, "diagnosi_relativa": "\u03b5"}, {"py/object": "strutture_dati.ChiusuraSilenziosa", "nodo_iniziale": {"py/object": "strutture_dati.Nodo", "stati_FA": ["20", "31"], "lista_link": [{"py/object": "strutture_dati.Link", "nome": "L2", "FA_i": "C3", "FA_f": "C2", "buffer": "e2"}, {"py/object": "strutture_dati.Link", "nome": "L3", "FA_i": "C2", "FA_f": "C3", "buffer": ""}], "nome": "20:31|e2:", "id": 1, "final": false, "indice_oss": 0}, "lista_nodi": [{"py/id": 17}], "lista_nodi_uscenti": [{"py/object": "strutture_dati.Nodo", "stati_FA": ["20", "31"], "lista_link": [{"py/object": "strutture_dati.Link", "nome": "L2", "FA_i": "C3", "FA_f": "C2", "buffer": "e2"}, {"py/object": "strutture_dati.Link", "nome": "L3", "FA_i": "C2", "FA_f": "C3", "buffer": ""}], "nome": "20:31|e2:", "id": 1, "final": false, "indice_oss": 0}], "lista_cammini": [], "id": 1, "final": false, "diagnosi_relativa": "\u03b5"}, {"py/object": "strutture_dati.ChiusuraSilenziosa", "nodo_iniziale": {"py/object": "strutture_dati.Nodo", "stati_FA": ["21", "31"], "lista_link": [{"py/object": "strutture_dati.Link", "nome": "L2", "FA_i": "C3", "FA_f": "C2", "buffer": ""}, {"py/object": "strutture_dati.Link", "nome": "L3", "FA_i": "C2", "FA_f": "C3", "buffer": "e3"}], "nome": "21:31|:e3", "id": 2, "final": false, "indice_oss": 0}, "lista_nodi": [{"py/id": 31}, {"py/object": "strutture_dati.Nodo", "stati_FA": ["21", "30"], "lista_link": [{"py/object": "strutture_dati.Link", "nome": "L2", "FA_i": "C3", "FA_f": "C2", "buffer": ""}, {"py/object": "strutture_dati.Link", "nome": "L3", "FA_i": "C2", "FA_f": "C3", "buffer": ""}], "nome": "21:30|:", "id": 3, "final": true, "indice_oss": 0}, {"py/object": "strutture_dati.Nodo", "stati_FA": ["21", "31"], "lista_link": [{"py/object": "strutture_dati.Link", "nome": "L2", "FA_i": "C3", "FA_f": "C2", "buffer": ""}, {"py/object": "strutture_dati.Link", "nome": "L3", "FA_i": "C2", "FA_f": "C3", "buffer": ""}], "nome": "21:31|:", "id": 4, "final": true, "indice_oss": 0}, {"py/object": "strutture_dati.Nodo", "stati_FA": ["20", "30"], "lista_link": [{"py/object": "strutture_dati.Link", "nome": "L2", "FA_i": "C3", "FA_f": "C2", "buffer": ""}, {"py/object": "strutture_dati.Link", "nome": "L3", "FA_i": "C2", "FA_f": "C3", "buffer": "e3"}], "nome": "20:30|:e3", "id": 5, "final": false, "indice_oss": 0}, {"py/object": "strutture_dati.Nodo", "stati_FA": ["20", "31"], "lista_link": [{"py/object": "strutture_dati.Link", "nome": "L2", "FA_i": "C3", "FA_f": "C2", "buffer": ""}, {"py/object": "strutture_dati.Link", "nome": "L3", "FA_i": "C2", "FA_f": "C3", "buffer": "e3"}], "nome": "20:31|:e3", "id": 7, "final": false, "indice_oss": 0}, {"py/object": "strutture_dati.Nodo", "stati_FA": ["20", "30"], "lista_link": [{"py/object": "strutture_dati.Link", "nome": "L2", "FA_i": "C3", "FA_f": "C2", "buffer": ""}, {"py/object": "strutture_dati.Link", "nome": "L3", "FA_i": "C2", "FA_f": "C3", "buffer": ""}], "nome": "20:30|:", "id": 0, "final": true, "indice_oss": 0}, {"py/object": "strutture_dati.Nodo", "stati_FA": ["20", "31"], "lista_link": [{"py/object": "strutture_dati.Link", "nome": "L2", "FA_i": "C3", "FA_f": "C2", "buffer": ""}, {"py/object": "strutture_dati.Link", "nome": "L3", "FA_i": "C2", "FA_f": "C3", "buffer": ""}], "nome": "20:31|:", "id": 9, "final": true, "indice_oss": 0}], "lista_nodi_uscenti": [{"py/id": 37}, {"py/id": 47}, {"py/object": "strutture_dati.Nodo", "stati_FA": ["20", "30"], "lista_link": [{"py/object": "strutture_dati.Link", "nome": "L2", "FA_i": "C3", "FA_f": "C2", "buffer": ""}, {"py/object": "strutture_dati.Link", "nome": "L3", "FA_i": "C2", "FA_f": "C3", "buffer": ""}], "nome": "20:30|:", "id": 0, "final": true, "indice_oss": 0}], "lista_cammini": [{"py/object": "strutture_dati.Cammino", "nome": "t3b", "nodo_iniziale": {"py/object": "strutture_dati.Nodo", "stati_FA": ["21", "31"], "lista_link": [{"py/object": "strutture_dati.Link", "nome": "L2", "FA_i": "C3", "FA_f": "C2", "buffer": ""}, {"py/object": "strutture_dati.Link", "nome": "L3", "FA_i": "C2", "FA_f": "C3", "buffer": "e3"}], "nome": "21:31|:e3", "id": 2, "final": false, "indice_oss": 0}, "nodo_finale": {"py/id": 37}, "oss": "\u03b5", "ril": "\u03b5", "chiusura_iniziale": null, "chiusura_finale": null, "nodo_accettazione_raggiunto": null, "etichetta_diagnosi": "\u03b5"}, {"py/object": "strutture_dati.Cammino", "nome": "t3c", "nodo_iniziale": {"py/id": 75}, "nodo_finale": {"py/id": 42}, "oss": "\u03b5", "ril": "f", "chiusura_iniziale": null, "chiusura_finale": null, "nodo_accettazione_raggiunto": null, "etichetta_diagnosi": "\u03b5"}, {"py/object": "strutture_dati.Cammino", "nome": "t2b", "nodo_iniziale": {"py/id": 37}, "nodo_finale": {"py/id": 47}, "oss": "\u03b5", "ril": "r", "chiusura_iniziale": null, "chiusura_finale": null, "nodo_accettazione_raggiunto": null, "etichetta_diagnosi": "\u03b5"}, {"py/object": "strutture_dati.Cammino", "nome": "t2b", "nodo_iniziale": {"py/id": 42}, "nodo_finale": {"py/id": 52}, "oss": "\u03b5", "ril": "r", "chiusura_iniziale": null, "chiusura_finale": null, "nodo_accettazione_raggiunto": null, "etichetta_diagnosi": "\u03b5"}, {"py/object": "strutture_dati.Cammino", "nome": "t3b", "nodo_iniziale": {"py/id": 52}, "nodo_finale": {"py/id": 57}, "oss": "\u03b5", "ril": "\u03b5", "chiusura_iniziale": null, "chiusura_finale": null, "nodo_accettazione_raggiunto": null, "etichetta_diagnosi": "\u03b5"}, {"py/object": "strutture_dati.Cammino", "nome": "t3c", "nodo_iniziale": {"py/id": 52}, "nodo_finale": {"py/id": 62}, "oss": "\u03b5", "ril": "f", "chiusura_iniziale": null, "chiusura_finale": null, "nodo_accettazione_raggiunto": null, "etichetta_diagnosi": "\u03b5"}], "id": 2, "final": true, "diagnosi_relativa": "\u03b5"}, {"py/object": "strutture_dati.ChiusuraSilenziosa", "nodo_iniziale": {"py/object": "strutture_dati.Nodo", "stati_FA": ["21", "31"], "lista_link": [{"py/object": "strutture_dati.Link", "nome": "L2", "FA_i": "C3", "FA_f": "C2", "buffer": "e2"}, {"py/object": "strutture_dati.Link", "nome": "L3", "FA_i": "C2", "FA_f": "C3", "buffer": ""}], "nome": "21:31|e2:", "id": 6, "final": false, "indice_oss": 0}, "lista_nodi": [{"py/id": 86}, {"py/object": "strutture_dati.Nodo", "stati_FA": ["20", "31"], "lista_link": [{"py/object": "strutture_dati.Link", "nome": "L2", "FA_i": "C3", "FA_f": "C2", "buffer": "e2"}, {"py/object": "strutture_dati.Link", "nome": "L3", "FA_i": "C2", "FA_f": "C3", "buffer": "e3"}], "nome": "20:31|e2:e3", "id": 8, "final": false, "indice_oss": 0}, {"py/object": "strutture_dati.Nodo", "stati_FA": ["20", "30"], "lista_link": [{"py/object": "strutture_dati.Link", "nome": "L2", "FA_i": "C3", "FA_f": "C2", "buffer": "e2"}, {"py/object": "strutture_dati.Link", "nome": "L3", "FA_i": "C2", "FA_f": "C3", "buffer": ""}], "nome": "20:30|e2:", "id": 10, "final": false, "indice_oss": 0}, {"py/object": "strutture_dati.Nodo", "stati_FA": ["20", "31"], "lista_link": [{"py/object": "strutture_dati.Link", "nome": "L2", "FA_i": "C3", "FA_f": "C2", "buffer": "e2"}, {"py/object": "strutture_dati.Link", "nome": "L3", "FA_i": "C2", "FA_f": "C3", "buffer": ""}], "nome": "20:31|e2:", "id": 1, "final": false, "indice_oss": 0}], "lista_nodi_uscenti": [{"py/id": 97}, {"py/object": "strutture_dati.Nodo", "stati_FA": ["20", "31"], "lista_link": [{"py/object": "strutture_dati.Link", "nome": "L2", "FA_i": "C3", "FA_f": "C2", "buffer": "e2"}, {"py/object": "strutture_dati.Link", "nome": "L3", "FA_i": "C2", "FA_f": "C3", "buffer": ""}], "nome": "20:31|e2:", "id": 1, "final": false, "indice_oss": 0}], "lista_cammini": [{"py/object": "strutture_dati.Cammino", "nome": "t2b", "nodo_iniziale": {"py/object": "strutture_dati.Nodo", "stati_FA": ["21", "31"], "lista_link": [{"py/object": "strutture_dati.Link", "nome": "L2", "FA_i": "C3", "FA_f": "C2", "buffer": "e2"}, {"py/object": "strutture_dati.Link", "nome": "L3", "FA_i": "C2", "FA_f": "C3", "buffer": ""}], "nome": "21:31|e2:", "id": 6, "final": false, "indice_oss": 0}, "nodo_finale": {"py/id": 92}, "oss": "\u03b5", "ril": "r", "chiusura_iniziale": null, "chiusura_finale": null, "nodo_accettazione_raggiunto": null, "etichetta_diagnosi": "\u03b5"}, {"py/object": "strutture_dati.Cammino", "nome": "t3b", "nodo_iniziale": {"py/object": "strutture_dati.Nodo", "stati_FA": ["20", "31"], "lista_link": [{"py/object": "strutture_dati.Link", "nome": "L2", "FA_i": "C3", "FA_f": "C2", "buffer": "e2"}, {"py/object": "strutture_dati.Link", "nome": "L3", "FA_i": "C2", "FA_f": "C3", "buffer": "e3"}], "nome": "20:31|e2:e3", "id": 8, "final": false, "indice_oss": 0}, "nodo_finale": {"py/id": 97}, "oss": "\u03b5", "ril": "\u03b5", "chiusura_iniziale": null, "chiusura_finale": null, "nodo_accettazione_raggiunto": null, "etichetta_diagnosi": "\u03b5"}, {"py/object": "strutture_dati.Cammino", "nome": "t3c", "nodo_iniziale": {"py/id": 121}, "nodo_finale": {"py/id": 102}, "oss": "\u03b5", "ril": "f", "chiusura_iniziale": null, "chiusura_finale": null, "nodo_accettazione_raggiunto": null, "etichetta_diagnosi": "\u03b5"}], "id": 3, "final": false, "diagnosi_relativa": "\u03b5"}, {"py/object": "strutture_dati.ChiusuraSilenziosa", "nodo_iniziale": {"py/object": "strutture_dati.Nodo", "stati_FA": ["20", "31"], "lista_link": [{"py/object": "strutture_dati.Link", "nome": "L2", "FA_i": "C3", "FA_f": "C2", "buffer": "e2"}, {"py/object": "strutture_dati.Link", "nome": "L3", "FA_i": "C2", "FA_f": "C3", "buffer": "e3"}], "nome": "20:31|e2:e3", "id": 8, "final": false, "indice_oss": 0}, "lista_nodi": [{"py/id": 128}, {"py/object": "strutture_dati.Nodo", "stati_FA": ["20", "30"], "lista_link": [{"py/object": "strutture_dati.Link", "nome": "L2", "FA_i": "C3", "FA_f": "C2", "buffer": "e2"}, {"py/object": "strutture_dati.Link", "nome": "L3", "FA_i": "C2", "FA_f": "C3", "buffer": ""}], "nome": "20:30|e2:", "id": 10, "final": false, "indice_oss": 0}, {"py/object": "strutture_dati.Nodo", "stati_FA": ["20", "31"], "lista_link": [{"py/object": "strutture_dati.Link", "nome": "L2", "FA_i": "C3", "FA_f": "C2", "buffer": "e2"}, {"py/object": "strutture_dati.Link", "nome": "L3", "FA_i": "C2", "FA_f": "C3", "buffer": ""}], "nome": "20:31|e2:", "id": 1, "final": false, "indice_oss": 0}], "lista_nodi_uscenti": [{"py/id": 134}, {"py/object": "strutture_dati.Nodo", "stati_FA": ["20", "31"], "lista_link": [{"py/object": "strutture_dati.Link", "nome": "L2", "FA_i": "C3", "FA_f": "C2", "buffer": "e2"}, {"py/object": "strutture_dati.Link", "nome": "L3", "FA_i": "C2", "FA_f": "C3", "buffer": ""}], "nome": "20:31|e2:", "id": 1, "final": false, "indice_oss": 0}], "lista_cammini": [{"py/object": "strutture_dati.Cammino", "nome": "t3b", "nodo_iniziale": {"py/object": "strutture_dati.Nodo", "stati_FA": ["20", "31"], "lista_link": [{"py/object": "strutture_dati.Link", "nome": "L2", "FA_i": "C3", "FA_f": "C2", "buffer": "e2"}, {"py/object": "strutture_dati.Link", "nome": "L3", "FA_i": "C2", "FA_f": "C3", "buffer": "e3"}], "nome": "20:31|e2:e3", "id": 8, "final": false, "indice_oss": 0}, "nodo_finale": {"py/id": 134}, "oss": "\u03b5", "ril": "\u03b5", "chiusura_iniziale": null, "chiusura_finale": null, "nodo_accettazione_raggiunto": null, "etichetta_diagnosi": "\u03b5"}, {"py/object": "strutture_dati.Cammino", "nome": "t3c", "nodo_iniziale": {"py/id": 152}, "nodo_finale": {"py/id": 139}, "oss": "\u03b5", "ril": "f", "chiusura_iniziale": null, "chiusura_finale": null, "nodo_accettazione_raggiunto": null, "etichetta_diagnosi": "\u03b5"}], "id": 4, "final": false, "diagnosi_relativa": "\u03b5"}, {"py/object": "strutture_dati.ChiusuraSilenziosa", "nodo_iniziale": {"py/object": "strutture_dati.Nodo", "stati_FA": ["21", "30"], "lista_link": [{"py/object": "strutture_dati.Link", "nome": "L2", "FA_i": "C3", "FA_f": "C2", "buffer": ""}, {"py/object": "strutture_dati.Link", "nome": "L3", "FA_i": "C2", "FA_f": "C3", "buffer": "e3"}], "nome": "21:30|:e3", "id": 11, "final": false, "indice_oss": 0}, "lista_nodi": [{"py/id": 159}], "lista_nodi_uscenti": [{"py/object": "strutture_dati.Nodo", "stati_FA": ["21", "30"], "lista_link": [{"py/object": "strutture_dati.Link", "nome": "L2", "FA_i": "C3", "FA_f": "C2", "buffer": ""}, {"py/object": "strutture_dati.Link", "nome": "L3", "FA_i": "C2", "FA_f": "C3", "buffer": "e3"}], "nome": "21:30|:e3", "id": 11, "final": false, "indice_oss": 0}], "lista_cammini": [], "id": 5, "final": false, "diagnosi_relativa": "\u03b5"}, {"py/object": "strutture_dati.ChiusuraSilenziosa", "nodo_iniziale": {"py/object": "strutture_dati.Nodo", "stati_FA": ["21", "31"], "lista_link": [{"py/object": "strutture_dati.Link", "nome": "L2", "FA_i": "C3", "FA_f": "C2", "buffer": "e2"}, {"py/object": "strutture_dati.Link", "nome": "L3", "FA_i": "C2", "FA_f": "C3", "buffer": "e3"}], "nome": "21:31|e2:e3", "id": 12, "final": false, "indice_oss": 0}, "lista_nodi": [{"py/id": 173}, {"py/object": "strutture_dati.Nodo", "stati_FA": ["21", "31"], "lista_link": [{"py/object": "strutture_dati.Link", "nome": "L2", "FA_i": "C3", "FA_f": "C2", "buffer": "e2"}, {"py/object": "strutture_dati.Link", "nome": "L3", "FA_i": "C2", "FA_f": "C3", "buffer": ""}], "nome": "21:31|e2:", "id": 6, "final": false, "indice_oss": 0}, {"py/object": "strutture_dati.Nodo", "stati_FA": ["20", "31"], "lista_link": [{"py/object": "strutture_dati.Link", "nome": "L2", "FA_i": "C3", "FA_f": "C2", "buffer": "e2"}, {"py/object": "strutture_dati.Link", "nome": "L3", "FA_i": "C2", "FA_f": "C3", "buffer": "e3"}], "nome": "20:31|e2:e3", "id": 8, "final": false, "indice_oss": 0}, {"py/object": "strutture_dati.Nodo", "stati_FA": ["20", "30"], "lista_link": [{"py/object": "strutture_dati.Link", "nome": "L2", "FA_i": "C3", "FA_f": "C2", "buffer": "e2"}, {"py/object": "strutture_dati.Link", "nome": "L3", "FA_i": "C2", "FA_f": "C3", "buffer": ""}], "nome": "20:30|e2:", "id": 10, "final": false, "indice_oss": 0}, {"py/object": "strutture_dati.Nodo", "stati_FA": ["20", "31"], "lista_link": [{"py/object": "strutture_dati.Link", "nome": "L2", "FA_i": "C3", "FA_f": "C2", "buffer": "e2"}, {"py/object": "strutture_dati.Link", "nome": "L3", "FA_i": "C2", "FA_f": "C3", "buffer": ""}], "nome": "20:31|e2:", "id": 1, "final": false, "indice_oss": 0}], "lista_nodi_uscenti": [{"py/id": 189}, {"py/object": "strutture_dati.Nodo", "stati_FA": ["20", "31"], "lista_link": [{"py/object": "strutture_dati.Link", "nome": "L2", "FA_i": "C3", "FA_f": "C2", "buffer": "e2"}, {"py/object": "strutture_dati.Link", "nome": "L3", "FA_i": "C2", "FA_f": "C3", "buffer": ""}], "nome": "20:31|e2:", "id": 1, "final": false, "indice_oss": 0}], "lista_cammini": [{"py/object": "strutture_dati.Cammino", "nome": "t3c", "nodo_iniziale": {"py/object": "strutture_dati.Nodo", "stati_FA": ["21", "31"], "lista_link": [{"py/object": "strutture_dati.Link", "nome": "L2", "FA_i": "C3", "FA_f": "C2", "buffer": "e2"}, {"py/object": "strutture_dati.Link", "nome": "L3", "FA_i": "C2", "FA_f": "C3", "buffer": "e3"}], "nome": "21:31|e2:e3", "id": 12, "final": false, "indice_oss": 0}, "nodo_finale": {"py/id": 179}, "oss": "\u03b5", "ril": "f", "chiusura_iniziale": null, "chiusura_finale": null, "nodo_accettazione_raggiunto": null, "etichetta_diagnosi": "\u03b5"}, {"py/object": "strutture_dati.Cammino", "nome": "t2b", "nodo_iniziale": {"py/object": "strutture_dati.Nodo", "stati_FA": ["21", "31"], "lista_link": [{"py/object": "strutture_dati.Link", "nome": "L2", "FA_i": "C3", "FA_f": "C2", "buffer": "e2"}, {"py/object": "strutture_dati.Link", "nome": "L3", "FA_i": "C2", "FA_f": "C3", "buffer": ""}], "nome": "21:31|e2:", "id": 6, "final": false, "indice_oss": 0}, "nodo_finale": {"py/id": 184}, "oss": "\u03b5", "ril": "r", "chiusura_iniziale": null, "chiusura_finale": null, "nodo_accettazione_raggiunto": null, "etichetta_diagnosi": "\u03b5"}, {"py/object": "strutture_dati.Cammino", "nome": "t3b", "nodo_iniziale": {"py/object": "strutture_dati.Nodo", "stati_FA": ["20", "31"], "lista_link": [{"py/object": "strutture_dati.Link", "nome": "L2", "FA_i": "C3", "FA_f": "C2", "buffer": "e2"}, {"py/object": "strutture_dati.Link", "nome": "L3", "FA_i": "C2", "FA_f": "C3", "buffer": "e3"}], "nome": "20:31|e2:e3", "id": 8, "final": false, "indice_oss": 0}, "nodo_finale": {"py/id": 189}, "oss": "\u03b5", "ril": "\u03b5", "chiusura_iniziale": null, "chiusura_finale": null, "nodo_accettazione_raggiunto": null, "etichetta_diagnosi": "\u03b5"}, {"py/object": "strutture_dati.Cammino", "nome": "t3c", "nodo_iniziale": {"py/id": 219}, "nodo_finale": {"py/id": 194}, "oss": "\u03b5", "ril": "f", "chiusura_iniziale": null, "chiusura_finale": null, "nodo_accettazione_raggiunto": null, "etichetta_diagnosi": "\u03b5"}], "id": 6, "final": false, "diagnosi_relativa": "\u03b5"}], "lista_cammini": [{"py/object": "strutture_dati.Cammino", "nome": "t3a", "nodo_iniziale": {"py/object": "strutture_dati.Nodo", "stati_FA": ["20", "30"], "lista_link": [{"py/object": "strutture_dati.Link", "nome": "L2", "FA_i": "C3", "FA_f": "C2", "buffer": ""}, {"py/object": "strutture_dati.Link", "nome": "L3", "FA_i": "C2", "FA_f": "C3", "buffer": ""}], "nome": "20:30|:", "id": 0, "final": true, "indice_oss": 0}, "nodo_finale": {"py/object": "strutture_dati.Nodo", "stati_FA": ["20", "31"], "lista_link": [{"py/object": "strutture_dati.Link", "nome": "L2", "FA_i": "C3", "FA_f": "C2", "buffer": "e2"}, {"py/object": "strutture_dati.Link", "nome": "L3", "FA_i": "C2", "FA_f": "C3", "buffer": ""}], "nome": "20:31|e2:", "id": 1, "final": false, "indice_oss": 0}, "oss": "o3", "ril": "\u03b5", "chiusura_iniziale": {"py/id": 2}, "chiusura_finale": {"py/object": "strutture_dati.ChiusuraSilenziosa", "nodo_iniziale": {"py/id": 232}, "lista_nodi": [{"py/id": 232}], "lista_nodi_uscenti": [{"py/object": "strutture_dati.Nodo", "stati_FA": ["20", "31"], "lista_link": [{"py/object": "strutture_dati.Link", "nome": "L2", "FA_i": "C3", "FA_f": "C2", "buffer": "e2"}, {"py/object": "strutture_dati.Link", "nome": "L3", "FA_i": "C2", "FA_f": "C3", "buffer": ""}], "nome": "20:31|e2:", "id": 1, "final": false, "indice_oss": 0}], "lista_cammini": [], "id": 1, "final": false, "diagnosi_relativa": "\u03b5"}, "nodo_accettazione_raggiunto": null, "etichetta_diagnosi": "\u03b5"}, {"py/object": "strutture_dati.Cammino", "nome": "t3a", "nodo_iniziale": {"py/object": "strutture_dati.Nodo", "stati_FA": ["20", "30"], "lista_link": [{"py/object": "strutture_dati.Link", "nome": "L2", "FA_i": "C3", "FA_f": "C2", "buffer": ""}, {"py/object": "strutture_dati.Link", "nome": "L3", "FA_i": "C2", "FA_f": "C3", "buffer": ""}], "nome": "20:30|:", "id": 0, "final": true, "indice_oss": 0}, "nodo_finale": {"py/object": "strutture_dati.Nodo", "stati_FA": ["20", "31"], "lista_link": [{"py/object": "strutture_dati.Link", "nome": "L2", "FA_i": "C3", "FA_f": "C2", "buffer": "e2"}, {"py/object": "strutture_dati.Link", "nome": "L3", "FA_i": "C2", "FA_f": "C3", "buffer": ""}], "nome": "20:31|e2:", "id": 1, "final": false, "indice_oss": 0}, "oss": "o3", "ril": "\u03b5", "chiusura_iniziale": {"py/id": 30}, "chiusura_finale": {"py/object": "strutture_dati.ChiusuraSilenziosa", "nodo_iniziale": {"py/id": 252}, "lista_nodi": [{"py/id": 252}], "lista_nodi_uscenti": [{"py/object": "strutture_dati.Nodo", "stati_FA": ["20", "31"], "lista_link": [{"py/object": "strutture_dati.Link", "nome": "L2", "FA_i": "C3", "FA_f": "C2", "buffer": "e2"}, {"py/object": "strutture_dati.Link", "nome": "L3", "FA_i": "C2", "FA_f": "C3", "buffer": ""}], "nome": "20:31|e2:", "id": 1, "final": false, "indice_oss": 0}], "lista_cammini": [], "id": 1, "final": false, "diagnosi_relativa": "\u03b5"}, "nodo_accettazione_raggiunto": null, "etichetta_diagnosi": "\u03b5"}, {"py/object": "strutture_dati.Cammino", "nome": "t2a", "nodo_iniziale": {"py/object": "strutture_dati.Nodo", "stati_FA": ["20", "31"], "lista_link": [{"py/object": "strutture_dati.Link", "nome": "L2", "FA_i": "C3", "FA_f": "C2", "buffer": "e2"}, {"py/object": "strutture_dati.Link", "nome": "L3", "FA_i": "C2", "FA_f": "C3", "buffer": ""}], "nome": "20:31|e2:", "id": 1, "final": false, "indice_oss": 0}, "nodo_finale": {"py/object": "strutture_dati.Nodo", "stati_FA": ["21", "31"], "lista_link": [{"py/object": "strutture_dati.Link", "nome": "L2", "FA_i": "C3", "FA_f": "C2", "buffer": ""}, {"py/object": "strutture_dati.Link", "nome": "L3", "FA_i": "C2", "FA_f": "C3", "buffer": "e3"}], "nome": "21:31|:e3", "id": 2, "final": false, "indice_oss": 0}, "oss": "o2", "ril": "\u03b5", "chiusura_iniziale": {"py/id": 16}, "chiusura_finale": {"py/object": "strutture_dati.ChiusuraSilenziosa", "nodo_iniziale": {"py/id": 272}, "lista_nodi": [{"py/id": 272}, {"py/object": "strutture_dati.Nodo", "stati_FA": ["21", "30"], "lista_link": [{"py/object": "strutture_dati.Link", "nome": "L2", "FA_i": "C3", "FA_f": "C2", "buffer": ""}, {"py/object": "strutture_dati.Link", "nome": "L3", "FA_i": "C2", "FA_f": "C3", "buffer": ""}], "nome": "21:30|:", "id": 3, "final": true, "indice_oss": 0}, {"py/object": "strutture_dati.Nodo", "stati_FA": ["21", "31"], "lista_link": [{"py/object": "strutture_dati.Link", "nome": "L2", "FA_i": "C3", "FA_f": "C2", "buffer": ""}, {"py/object": "strutture_dati.Link", "nome": "L3", "FA_i": "C2", "FA_f": "C3", "buffer": ""}], "nome": "21:31|:", "id": 4, "final": true, "indice_oss": 0}, {"py/object": "strutture_dati.Nodo", "stati_FA": ["20", "30"], "lista_link": [{"py/object": "strutture_dati.Link", "nome": "L2", "FA_i": "C3", "FA_f": "C2", "buffer": ""}, {"py/object": "strutture_dati.Link", "nome": "L3", "FA_i": "C2", "FA_f": "C3", "buffer": "e3"}], "nome": "20:30|:e3", "id": 5, "final": false, "indice_oss": 0}, {"py/object": "strutture_dati.Nodo", "stati_FA": ["20", "31"], "lista_link": [{"py/object": "strutture_dati.Link", "nome": "L2", "FA_i": "C3", "FA_f": "C2", "buffer": ""}, {"py/object": "strutture_dati.Link", "nome": "L3", "FA_i": "C2", "FA_f": "C3", "buffer": "e3"}], "nome": "20:31|:e3", "id": 7, "final": false, "indice_oss": 0}, {"py/object": "strutture_dati.Nodo", "stati_FA": ["20", "30"], "lista_link": [{"py/object": "strutture_dati.Link", "nome": "L2", "FA_i": "C3", "FA_f": "C2", "buffer": ""}, {"py/object": "strutture_dati.Link", "nome": "L3", "FA_i": "C2", "FA_f": "C3", "buffer": ""}], "nome": "20:30|:", "id": 0, "final": true, "indice_oss": 0}, {"py/object": "strutture_dati.Nodo", "stati_FA": ["20", "31"], "lista_link": [{"py/object": "strutture_dati.Link", "nome": "L2", "FA_i": "C3", "FA_f": "C2", "buffer": ""}, {"py/object": "strutture_dati.Link", "nome": "L3", "FA_i": "C2", "FA_f": "C3", "buffer": ""}], "nome": "20:31|:", "id": 9, "final": true, "indice_oss": 0}], "lista_nodi_uscenti": [{"py/id": 279}, {"py/id": 289}, {"py/object": "strutture_dati.Nodo", "stati_FA": ["20", "30"], "lista_link": [{"py/object": "strutture_dati.Link", "nome": "L2", "FA_i": "C3", "FA_f": "C2", "buffer": ""}, {"py/object": "strutture_dati.Link", "nome": "L3", "FA_i": "C2", "FA_f": "C3", "buffer": ""}], "nome": "20:30|:", "id": 0, "final": true, "indice_oss": 0}], "lista_cammini": [{"py/object": "strutture_dati.Cammino", "nome": "t3b", "nodo_iniziale": {"py/object": "strutture_dati.Nodo", "stati_FA": ["21", "31"], "lista_link": [{"py/object": "strutture_dati.Link", "nome": "L2", "FA_i": "C3", "FA_f": "C2", "buffer": ""}, {"py/object": "strutture_dati.Link", "nome": "L3", "FA_i": "C2", "FA_f": "C3", "buffer": "e3"}], "nome": "21:31|:e3", "id": 2, "final": false, "indice_oss": 0}, "nodo_finale": {"py/id": 279}, "oss": "\u03b5", "ril": "\u03b5", "chiusura_iniziale": null, "chiusura_finale": null, "nodo_accettazione_raggiunto": null, "etichetta_diagnosi": "\u03b5"}, {"py/object": "strutture_dati.Cammino", "nome": "t3c", "nodo_iniziale": {"py/id": 317}, "nodo_finale": {"py/id": 284}, "oss": "\u03b5", "ril": "f", "chiusura_iniziale": null, "chiusura_finale": null, "nodo_accettazione_raggiunto": null, "etichetta_diagnosi": "\u03b5"}, {"py/object": "strutture_dati.Cammino", "nome": "t2b", "nodo_iniziale": {"py/id": 279}, "nodo_finale": {"py/id": 289}, "oss": "\u03b5", "ril": "r", "chiusura_iniziale": null, "chiusura_finale": null, "nodo_accettazione_raggiunto": null, "etichetta_diagnosi": "\u03b5"}, {"py/object": "strutture_dati.Cammino", "nome": "t2b", "nodo_iniziale": {"py/id": 284}, "nodo_finale": {"py/id": 294}, "oss": "\u03b5", "ril": "r", "chiusura_iniziale": null, "chiusura_finale": null, "nodo_accettazione_raggiunto": null, "etichetta_diagnosi": "\u03b5"}, {"py/object": "strutture_dati.Cammino", "nome": "t3b", "nodo_iniziale": {"py/id": 294}, "nodo_finale": {"py/id": 299}, "oss": "\u03b5", "ril": "\u03b5", "chiusura_iniziale": null, "chiusura_finale": null, "nodo_accettazione_raggiunto": null, "etichetta_diagnosi": "\u03b5"}, {"py/object": "strutture_dati.Cammino", "nome": "t3c", "nodo_iniziale": {"py/id": 294}, "nodo_finale": {"py/id": 304}, "oss": "\u03b5", "ril": "f", "chiusura_iniziale": null, "chiusura_finale": null, "nodo_accettazione_raggiunto": null, "etichetta_diagnosi": "\u03b5"}], "id": 2, "final": true, "diagnosi_relativa": "\u03b5"}, "nodo_accettazione_raggiunto": null, "etichetta_diagnosi": "\u03b5"}, {"py/object": "strutture_dati.Cammino", "nome": "t2a", "nodo_iniziale": {"py/object": "strutture_dati.Nodo", "stati_FA": ["20", "31"], "lista_link": [{"py/object": "strutture_dati.Link", "nome": "L2", "FA_i": "C3", "FA_f": "C2", "buffer": "e2"}, {"py/object": "strutture_dati.Link", "nome": "L3", "FA_i": "C2", "FA_f": "C3", "buffer": ""}], "nome": "20:31|e2:", "id": 1, "final": false, "indice_oss": 0}, "nodo_finale": {"py/object": "strutture_dati.Nodo", "stati_FA": ["21", "31"], "lista_link": [{"py/object": "strutture_dati.Link", "nome": "L2", "FA_i": "C3", "FA_f": "C2", "buffer": ""}, {"py/object": "strutture_dati.Link", "nome": "L3", "FA_i": "C2", "FA_f": "C3", "buffer": "e3"}], "nome": "21:31|:e3", "id": 2, "final": false, "indice_oss": 0}, "oss": "o2", "ril": "\u03b5", "chiusura_iniziale": {"py/id": 85}, "chiusura_finale": {"py/object": "strutture_dati.ChiusuraSilenziosa", "nodo_iniziale": {"py/id": 333}, "lista_nodi": [{"py/id": 333}, {"py/object": "strutture_dati.Nodo", "stati_FA": ["21", "30"], "lista_link": [{"py/object": "strutture_dati.Link", "nome": "L2", "FA_i": "C3", "FA_f": "C2", "buffer": ""}, {"py/object": "strutture_dati.Link", "nome": "L3", "FA_i": "C2", "FA_f": "C3", "buffer": ""}], "nome": "21:30|:", "id": 3, "final": true, "indice_oss": 0}, {"py/object": "strutture_dati.Nodo", "stati_FA": ["21", "31"], "lista_link": [{"py/object": "strutture_dati.Link", "nome": "L2", "FA_i": "C3", "FA_f": "C2", "buffer": ""}, {"py/object": "strutture_dati.Link", "nome": "L3", "FA_i": "C2", "FA_f": "C3", "buffer": ""}], "nome": "21:31|:", "id": 4, "final": true, "indice_oss": 0}, {"py/object": "strutture_dati.Nodo", "stati_FA": ["20", "30"], "lista_link": [{"py/object": "strutture_dati.Link", "nome": "L2", "FA_i": "C3", "FA_f": "C2", "buffer": ""}, {"py/object": "strutture_dati.Link", "nome": "L3", "FA_i": "C2", "FA_f": "C3", "buffer": "e3"}], "nome": "20:30|:e3", "id": 5, "final": false, "indice_oss": 0}, {"py/object": "strutture_dati.Nodo", "stati_FA": ["20", "31"], "lista_link": [{"py/object": "strutture_dati.Link", "nome": "L2", "FA_i": "C3", "FA_f": "C2", "buffer": ""}, {"py/object": "strutture_dati.Link", "nome": "L3", "FA_i": "C2", "FA_f": "C3", "buffer": "e3"}], "nome": "20:31|:e3", "id": 7, "final": false, "indice_oss": 0}, {"py/object": "strutture_dati.Nodo", "stati_FA": ["20", "30"], "lista_link": [{"py/object": "strutture_dati.Link", "nome": "L2", "FA_i": "C3", "FA_f": "C2", "buffer": ""}, {"py/object": "strutture_dati.Link", "nome": "L3", "FA_i": "C2", "FA_f": "C3", "buffer": ""}], "nome": "20:30|:", "id": 0, "final": true, "indice_oss": 0}, {"py/object": "strutture_dati.Nodo", "stati_FA": ["20", "31"], "lista_link": [{"py/object": "strutture_dati.Link", "nome": "L2", "FA_i": "C3", "FA_f": "C2", "buffer": ""}, {"py/object": "strutture_dati.Link", "nome": "L3", "FA_i": "C2", "FA_f": "C3", "buffer": ""}], "nome": "20:31|:", "id": 9, "final": true, "indice_oss": 0}], "lista_nodi_uscenti": [{"py/id": 340}, {"py/id": 350}, {"py/object": "strutture_dati.Nodo", "stati_FA": ["20", "30"], "lista_link": [{"py/object": "strutture_dati.Link", "nome": "L2", "FA_i": "C3", "FA_f": "C2", "buffer": ""}, {"py/object": "strutture_dati.Link", "nome": "L3", "FA_i": "C2", "FA_f": "C3", "buffer": ""}], "nome": "20:30|:", "id": 0, "final": true, "indice_oss": 0}], "lista_cammini": [{"py/object": "strutture_dati.Cammino", "nome": "t3b", "nodo_iniziale": {"py/object": "strutture_dati.Nodo", "stati_FA": ["21", "31"], "lista_link": [{"py/object": "strutture_dati.Link", "nome": "L2", "FA_i": "C3", "FA_f": "C2", "buffer": ""}, {"py/object": "strutture_dati.Link", "nome": "L3", "FA_i": "C2", "FA_f": "C3", "buffer": "e3"}], "nome": "21:31|:e3", "id": 2, "final": false, "indice_oss": 0}, "nodo_finale": {"py/id": 340}, "oss": "\u03b5", "ril": "\u03b5", "chiusura_iniziale": null, "chiusura_finale": null, "nodo_accettazione_raggiunto": null, "etichetta_diagnosi": "\u03b5"}, {"py/object": "strutture_dati.Cammino", "nome": "t3c", "nodo_iniziale": {"py/id": 378}, "nodo_finale": {"py/id": 345}, "oss": "\u03b5", "ril": "f", "chiusura_iniziale": null, "chiusura_finale": null, "nodo_accettazione_raggiunto": null, "etichetta_diagnosi": "\u03b5"}, {"py/object": "strutture_dati.Cammino", "nome": "t2b", "nodo_iniziale": {"py/id": 340}, "nodo_finale": {"py/id": 350}, "oss": "\u03b5", "ril": "r", "chiusura_iniziale": null, "chiusura_finale": null, "nodo_accettazione_raggiunto": null, "etichetta_diagnosi": "\u03b5"}, {"py/object": "strutture_dati.Cammino", "nome": "t2b", "nodo_iniziale": {"py/id": 345}, "nodo_finale": {"py/id": 355}, "oss": "\u03b5", "ril": "r", "chiusura_iniziale": null, "chiusura_finale": null, "nodo_accettazione_raggiunto": null, "etichetta_diagnosi": "\u03b5"}, {"py/object": "strutture_dati.Cammino", "nome": "t3b", "nodo_iniziale": {"py/id": 355}, "nodo_finale": {"py/id": 360}, "oss": "\u03b5", "ril": "\u03b5", "chiusura_iniziale": null, "chiusura_finale": null, "nodo_accettazione_raggiunto": null, "etichetta_diagnosi": "\u03b5"}, {"py/object": "strutture_dati.Cammino", "nome": "t3c", "nodo_iniziale": {"py/id": 355}, "nodo_finale": {"py/id": 365}, "oss": "\u03b5", "ril": "f", "chiusura_iniziale": null, "chiusura_finale": null, "nodo_accettazione_raggiunto": null, "etichetta_diagnosi": "\u03b5"}], "id": 2, "final": true, "diagnosi_relativa": "\u03b5"}, "nodo_accettazione_raggiunto": null, "etichetta_diagnosi": "\u03b5"}, {"py/object": "strutture_dati.Cammino", "nome": "t2a", "nodo_iniziale": {"py/object": "strutture_dati.Nodo", "stati_FA": ["20", "31"], "lista_link": [{"py/object": "strutture_dati.Link", "nome": "L2", "FA_i": "C3", "FA_f": "C2", "buffer": "e2"}, {"py/object": "strutture_dati.Link", "nome": "L3", "FA_i": "C2", "FA_f": "C3", "buffer": ""}], "nome": "20:31|e2:", "id": 1, "final": false, "indice_oss": 0}, "nodo_finale": {"py/object": "strutture_dati.Nodo", "stati_FA": ["21", "31"], "lista_link": [{"py/object": "strutture_dati.Link", "nome": "L2", "FA_i": "C3", "FA_f": "C2", "buffer": ""}, {"py/object": "strutture_dati.Link", "nome": "L3", "FA_i": "C2", "FA_f": "C3", "buffer": "e3"}], "nome": "21:31|:e3", "id": 2, "final": false, "indice_oss": 0}, "oss": "o2", "ril": "\u03b5", "chiusura_iniziale": {"py/id": 127}, "chiusura_finale": {"py/object": "strutture_dati.ChiusuraSilenziosa", "nodo_iniziale": {"py/id": 394}, "lista_nodi": [{"py/id": 394}, {"py/object": "strutture_dati.Nodo", "stati_FA": ["21", "30"], "lista_link": [{"py/object": "strutture_dati.Link", "nome": "L2", "FA_i": "C3", "FA_f": "C2", "buffer": ""}, {"py/object": "strutture_dati.Link", "nome": "L3", "FA_i": "C2", "FA_f": "C3", "buffer": ""}], "nome": "21:30|:", "id": 3, "final": true, "indice_oss": 0}, {"py/object": "strutture_dati.Nodo", "stati_FA": ["21", "31"], "lista_link": [{"py/object": "strutture_dati.Link", "nome": "L2", "FA_i": "C3", "FA_f": "C2", "buffer": ""}, {"py/object": "strutture_dati.Link", "nome": "L3", "FA_i": "C2", "FA_f": "C3", "buffer": ""}], "nome": "21:31|:", "id": 4, "final": true, "indice_oss": 0}, {"py/object": "strutture_dati.Nodo", "stati_FA": ["20", "30"], "lista_link": [{"py/object": "strutture_dati.Link", "nome": "L2", "FA_i": "C3", "FA_f": "C2", "buffer": ""}, {"py/object": "strutture_dati.Link", "nome": "L3", "FA_i": "C2", "FA_f": "C3", "buffer": "e3"}], "nome": "20:30|:e3", "id": 5, "final": false, "indice_oss": 0}, {"py/object": "strutture_dati.Nodo", "stati_FA": ["20", "31"], "lista_link": [{"py/object": "strutture_dati.Link", "nome": "L2", "FA_i": "C3", "FA_f": "C2", "buffer": ""}, {"py/object": "strutture_dati.Link", "nome": "L3", "FA_i": "C2", "FA_f": "C3", "buffer": "e3"}], "nome": "20:31|:e3", "id": 7, "final": false, "indice_oss": 0}, {"py/object": "strutture_dati.Nodo", "stati_FA": ["20", "30"], "lista_link": [{"py/object": "strutture_dati.Link", "nome": "L2", "FA_i": "C3", "FA_f": "C2", "buffer": ""}, {"py/object": "strutture_dati.Link", "nome": "L3", "FA_i": "C2", "FA_f": "C3", "buffer": ""}], "nome": "20:30|:", "id": 0, "final": true, "indice_oss": 0}, {"py/object": "strutture_dati.Nodo", "stati_FA": ["20", "31"], "lista_link": [{"py/object": "strutture_dati.Link", "nome": "L2", "FA_i": "C3", "FA_f": "C2", "buffer": ""}, {"py/object": "strutture_dati.Link", "nome": "L3", "FA_i": "C2", "FA_f": "C3", "buffer": ""}], "nome": "20:31|:", "id": 9, "final": true, "indice_oss": 0}], "lista_nodi_uscenti": [{"py/id": 401}, {"py/id": 411}, {"py/object": "strutture_dati.Nodo", "stati_FA": ["20", "30"], "lista_link": [{"py/object": "strutture_dati.Link", "nome": "L2", "FA_i": "C3", "FA_f": "C2", "buffer": ""}, {"py/object": "strutture_dati.Link", "nome": "L3", "FA_i": "C2", "FA_f": "C3", "buffer": ""}], "nome": "20:30|:", "id": 0, "final": true, "indice_oss": 0}], "lista_cammini": [{"py/object": "strutture_dati.Cammino", "nome": "t3b", "nodo_iniziale": {"py/object": "strutture_dati.Nodo", "stati_FA": ["21", "31"], "lista_link": [{"py/object": "strutture_dati.Link", "nome": "L2", "FA_i": "C3", "FA_f": "C2", "buffer": ""}, {"py/object": "strutture_dati.Link", "nome": "L3", "FA_i": "C2", "FA_f": "C3", "buffer": "e3"}], "nome": "21:31|:e3", "id": 2, "final": false, "indice_oss": 0}, "nodo_finale": {"py/id": 401}, "oss": "\u03b5", "ril": "\u03b5", "chiusura_iniziale": null, "chiusura_finale": null, "nodo_accettazione_raggiunto": null, "etichetta_diagnosi": "\u03b5"}, {"py/object": "strutture_dati.Cammino", "nome": "t3c", "nodo_iniziale": {"py/id": 439}, "nodo_finale": {"py/id": 406}, "oss": "\u03b5", "ril": "f", "chiusura_iniziale": null, "chiusura_finale": null, "nodo_accettazione_raggiunto": null, "etichetta_diagnosi": "\u03b5"}, {"py/object": "strutture_dati.Cammino", "nome": "t2b", "nodo_iniziale": {"py/id": 401}, "nodo_finale": {"py/id": 411}, "oss": "\u03b5", "ril": "r", "chiusura_iniziale": null, "chiusura_finale": null, "nodo_accettazione_raggiunto": null, "etichetta_diagnosi": "\u03b5"}, {"py/object": "strutture_dati.Cammino", "nome": "t2b", "nodo_iniziale": {"py/id": 406}, "nodo_finale": {"py/id": 416}, "oss": "\u03b5", "ril": "r", "chiusura_iniziale": null, "chiusura_finale": null, "nodo_accettazione_raggiunto": null, "etichetta_diagnosi": "\u03b5"}, {"py/object": "strutture_dati.Cammino", "nome": "t3b", "nodo_iniziale": {"py/id": 416}, "nodo_finale": {"py/id": 421}, "oss": "\u03b5", "ril": "\u03b5", "chiusura_iniziale": null, "chiusura_finale": null, "nodo_accettazione_raggiunto": null, "etichetta_diagnosi": "\u03b5"}, {"py/object": "strutture_dati.Cammino", "nome": "t3c", "nodo_iniziale": {"py/id": 416}, "nodo_finale": {"py/id": 426}, "oss": "\u03b5", "ril": "f", "chiusura_iniziale": null, "chiusura_finale": null, "nodo_accettazione_raggiunto": null, "etichetta_diagnosi": "\u03b5"}], "id": 2, "final": true, "diagnosi_relativa": "\u03b5"}, "nodo_accettazione_raggiunto": null, "etichetta_diagnosi": "\u03b5"}, {"py/object": "strutture_dati.Cammino", "nome": "t2a", "nodo_iniziale": {"py/object": "strutture_dati.Nodo", "stati_FA": ["20", "31"], "lista_link": [{"py/object": "strutture_dati.Link", "nome": "L2", "FA_i": "C3", "FA_f": "C2", "buffer": "e2"}, {"py/object": "strutture_dati.Link", "nome": "L3", "FA_i": "C2", "FA_f": "C3", "buffer": ""}], "nome": "20:31|e2:", "id": 1, "final": false, "indice_oss": 0}, "nodo_finale": {"py/object": "strutture_dati.Nodo", "stati_FA": ["21", "31"], "lista_link": [{"py/object": "strutture_dati.Link", "nome": "L2", "FA_i": "C3", "FA_f": "C2", "buffer": ""}, {"py/object": "strutture_dati.Link", "nome": "L3", "FA_i": "C2", "FA_f": "C3", "buffer": "e3"}], "nome": "21:31|:e3", "id": 2, "final": false, "indice_oss": 0}, "oss": "o2", "ril": "\u03b5", "chiusura_iniziale": {"py/id": 172}, "chiusura_finale": {"py/object": "strutture_dati.ChiusuraSilenziosa", "nodo_iniziale": {"py/id": 455}, "lista_nodi": [{"py/id": 455}, {"py/object": "strutture_dati.Nodo", "stati_FA": ["21", "30"], "lista_link": [{"py/object": "strutture_dati.Link", "nome": "L2", "FA_i": "C3", "FA_f": "C2", "buffer": ""}, {"py/object": "strutture_dati.Link", "nome": "L3", "FA_i": "C2", "FA_f": "C3", "buffer": ""}], "nome": "21:30|:", "id": 3, "final": true, "indice_oss": 0}, {"py/object": "strutture_dati.Nodo", "stati_FA": ["21", "31"], "lista_link": [{"py/object": "strutture_dati.Link", "nome": "L2", "FA_i": "C3", "FA_f": "C2", "buffer": ""}, {"py/object": "strutture_dati.Link", "nome": "L3", "FA_i": "C2", "FA_f": "C3", "buffer": ""}], "nome": "21:31|:", "id": 4, "final": true, "indice_oss": 0}, {"py/object": "strutture_dati.Nodo", "stati_FA": ["20", "30"], "lista_link": [{"py/object": "strutture_dati.Link", "nome": "L2", "FA_i": "C3", "FA_f": "C2", "buffer": ""}, {"py/object": "strutture_dati.Link", "nome": "L3", "FA_i": "C2", "FA_f": "C3", "buffer": "e3"}], "nome": "20:30|:e3", "id": 5, "final": false, "indice_oss": 0}, {"py/object": "strutture_dati.Nodo", "stati_FA": ["20", "31"], "lista_link": [{"py/object": "strutture_dati.Link", "nome": "L2", "FA_i": "C3", "FA_f": "C2", "buffer": ""}, {"py/object": "strutture_dati.Link", "nome": "L3", "FA_i": "C2", "FA_f": "C3", "buffer": "e3"}], "nome": "20:31|:e3", "id": 7, "final": false, "indice_oss": 0}, {"py/object": "strutture_dati.Nodo", "stati_FA": ["20", "30"], "lista_link": [{"py/object": "strutture_dati.Link", "nome": "L2", "FA_i": "C3", "FA_f": "C2", "buffer": ""}, {"py/object": "strutture_dati.Link", "nome": "L3", "FA_i": "C2", "FA_f": "C3", "buffer": ""}], "nome": "20:30|:", "id": 0, "final": true, "indice_oss": 0}, {"py/object": "strutture_dati.Nodo", "stati_FA": ["20", "31"], "lista_link": [{"py/object": "strutture_dati.Link", "nome": "L2", "FA_i": "C3", "FA_f": "C2", "buffer": ""}, {"py/object": "strutture_dati.Link", "nome": "L3", "FA_i": "C2", "FA_f": "C3", "buffer": ""}], "nome": "20:31|:", "id": 9, "final": true, "indice_oss": 0}], "lista_nodi_uscenti": [{"py/id": 462}, {"py/id": 472}, {"py/object": "strutture_dati.Nodo", "stati_FA": ["20", "30"], "lista_link": [{"py/object": "strutture_dati.Link", "nome": "L2", "FA_i": "C3", "FA_f": "C2", "buffer": ""}, {"py/object": "strutture_dati.Link", "nome": "L3", "FA_i": "C2", "FA_f": "C3", "buffer": ""}], "nome": "20:30|:", "id": 0, "final": true, "indice_oss": 0}], "lista_cammini": [{"py/object": "strutture_dati.Cammino", "nome": "t3b", "nodo_iniziale": {"py/object": "strutture_dati.Nodo", "stati_FA": ["21", "31"], "lista_link": [{"py/object": "strutture_dati.Link", "nome": "L2", "FA_i": "C3", "FA_f": "C2", "buffer": ""}, {"py/object": "strutture_dati.Link", "nome": "L3", "FA_i": "C2", "FA_f": "C3", "buffer": "e3"}], "nome": "21:31|:e3", "id": 2, "final": false, "indice_oss": 0}, "nodo_finale": {"py/id": 462}, "oss": "\u03b5", "ril": "\u03b5", "chiusura_iniziale": null, "chiusura_finale": null, "nodo_accettazione_raggiunto": null, "etichetta_diagnosi": "\u03b5"}, {"py/object": "strutture_dati.Cammino", "nome": "t3c", "nodo_iniziale": {"py/id": 500}, "nodo_finale": {"py/id": 467}, "oss": "\u03b5", "ril": "f", "chiusura_iniziale": null, "chiusura_finale": null, "nodo_accettazione_raggiunto": null, "etichetta_diagnosi": "\u03b5"}, {"py/object": "strutture_dati.Cammino", "nome": "t2b", "nodo_iniziale": {"py/id": 462}, "nodo_finale": {"py/id": 472}, "oss": "\u03b5", "ril": "r", "chiusura_iniziale": null, "chiusura_finale": null, "nodo_accettazione_raggiunto": null, "etichetta_diagnosi": "\u03b5"}, {"py/object": "strutture_dati.Cammino", "nome": "t2b", "nodo_iniziale": {"py/id": 467}, "nodo_finale": {"py/id": 477}, "oss": "\u03b5", "ril": "r", "chiusura_iniziale": null, "chiusura_finale": null, "nodo_accettazione_raggiunto": null, "etichetta_diagnosi": "\u03b5"}, {"py/object": "strutture_dati.Cammino", "nome": "t3b", "nodo_iniziale": {"py/id": 477}, "nodo_finale": {"py/id": 482}, "oss": "\u03b5", "ril": "\u03b5", "chiusura_iniziale": null, "chiusura_finale": null, "nodo_accettazione_raggiunto": null, "etichetta_diagnosi": "\u03b5"}, {"py/object": "strutture_dati.Cammino", "nome": "t3c", "nodo_iniziale": {"py/id": 477}, "nodo_finale": {"py/id": 487}, "oss": "\u03b5", "ril": "f", "chiusura_iniziale": null, "chiusura_finale": null, "nodo_accettazione_raggiunto": null, "etichetta_diagnosi": "\u03b5"}], "id": 2, "final": true, "diagnosi_relativa": "\u03b5"}, "nodo_accettazione_raggiunto": null, "etichetta_diagnosi": "\u03b5"}, {"py/object": "strutture_dati.Cammino", "nome": "t3a", "nodo_iniziale": {"py/object": "strutture_dati.Nodo", "stati_FA": ["21", "30"], "lista_link": [{"py/object": "strutture_dati.Link", "nome": "L2", "FA_i": "C3", "FA_f": "C2", "buffer": ""}, {"py/object": "strutture_dati.Link", "nome": "L3", "FA_i": "C2", "FA_f": "C3", "buffer": ""}], "nome": "21:30|:", "id": 3, "final": true, "indice_oss": 0}, "nodo_finale": {"py/object": "strutture_dati.Nodo", "stati_FA": ["21", "31"], "lista_link": [{"py/object": "strutture_dati.Link", "nome": "L2", "FA_i": "C3", "FA_f": "C2", "buffer": "e2"}, {"py/object": "strutture_dati.Link", "nome": "L3", "FA_i": "C2", "FA_f": "C3", "buffer": ""}], "nome": "21:31|e2:", "id": 6, "final": false, "indice_oss": 0}, "oss": "o3", "ril": "\u03b5", "chiusura_iniziale": {"py/id": 30}, "chiusura_finale": {"py/object": "strutture_dati.ChiusuraSilenziosa", "nodo_iniziale": {"py/id": 516}, "lista_nodi": [{"py/id": 516}, {"py/object": "strutture_dati.Nodo", "stati_FA": ["20", "31"], "lista_link": [{"py/object": "strutture_dati.Link", "nome": "L2", "FA_i": "C3", "FA_f": "C2", "buffer": "e2"}, {"py/object": "strutture_dati.Link", "nome": "L3", "FA_i": "C2", "FA_f": "C3", "buffer": "e3"}], "nome": "20:31|e2:e3", "id": 8, "final": false, "indice_oss": 0}, {"py/object": "strutture_dati.Nodo", "stati_FA": ["20", "30"], "lista_link": [{"py/object": "strutture_dati.Link", "nome": "L2", "FA_i": "C3", "FA_f": "C2", "buffer": "e2"}, {"py/object": "strutture_dati.Link", "nome": "L3", "FA_i": "C2", "FA_f": "C3", "buffer": ""}], "nome": "20:30|e2:", "id": 10, "final": false, "indice_oss": 0}, {"py/object": "strutture_dati.Nodo", "stati_FA": ["20", "31"], "lista_link": [{"py/object": "strutture_dati.Link", "nome": "L2", "FA_i": "C3", "FA_f": "C2", "buffer": "e2"}, {"py/object": "strutture_dati.Link", "nome": "L3", "FA_i": "C2", "FA_f": "C3", "buffer": ""}], "nome": "20:31|e2:", "id": 1, "final": false, "indice_oss": 0}], "lista_nodi_uscenti": [{"py/id": 528}, {"py/object": "strutture_dati.Nodo", "stati_FA": ["20", "31"], "lista_link": [{"py/object": "strutture_dati.Link", "nome": "L2", "FA_i": "C3", "FA_f": "C2", "buffer": "e2"}, {"py/object": "strutture_dati.Link", "nome": "L3", "FA_i": "C2", "FA_f": "C3", "buffer": ""}], "nome": "20:31|e2:", "id": 1, "final": false, "indice_oss": 0}], "lista_cammini": [{"py/object": "strutture_dati.Cammino", "nome": "t2b", "nodo_iniziale": {"py/object": "strutture_dati.Nodo", "stati_FA": ["21", "31"], "lista_link": [{"py/object": "strutture_dati.Link", "nome": "L2", "FA_i": "C3", "FA_f": "C2", "buffer": "e2"}, {"py/object": "strutture_dati.Link", "nome": "L3", "FA_i": "C2", "FA_f": "C3", "buffer": ""}], "nome": "21:31|e2:", "id": 6, "final": false, "indice_oss": 0}, "nodo_finale": {"py/id": 523}, "oss": "\u03b5", "ril": "r", "chiusura_iniziale": null, "chiusura_finale": null, "nodo_accettazione_raggiunto": null, "etichetta_diagnosi": "\u03b5"}, {"py/object": "strutture_dati.Cammino", "nome": "t3b", "nodo_iniziale": {"py/object": "strutture_dati.Nodo", "stati_FA": ["20", "31"], "lista_link": [{"py/object": "strutture_dati.Link", "nome": "L2", "FA_i": "C3", "FA_f": "C2", "buffer": "e2"}, {"py/object": "strutture_dati.Link", "nome": "L3", "FA_i": "C2", "FA_f": "C3", "buffer": "e3"}], "nome": "20:31|e2:e3", "id": 8, "final": false, "indice_oss": 0}, "nodo_finale": {"py/id": 528}, "oss": "\u03b5", "ril": "\u03b5", "chiusura_iniziale": null, "chiusura_finale": null, "nodo_accettazione_raggiunto": null, "etichetta_diagnosi": "\u03b5"}, {"py/object": "strutture_dati.Cammino", "nome": "t3c", "nodo_iniziale": {"py/id": 552}, "nodo_finale": {"py/id": 533}, "oss": "\u03b5", "ril": "f", "chiusura_iniziale": null, "chiusura_finale": null, "nodo_accettazione_raggiunto": null, "etichetta_diagnosi": "\u03b5"}], "id": 3, "final": false, "diagnosi_relativa": "\u03b5"}, "nodo_accettazione_raggiunto": null, "etichetta_diagnosi": "\u03b5"}, {"py/object": "strutture_dati.Cammino", "nome": "t3a", "nodo_iniziale": {"py/object": "strutture_dati.Nodo", "stati_FA": ["20", "30"], "lista_link": [{"py/object": "strutture_dati.Link", "nome": "L2", "FA_i": "C3", "FA_f": "C2", "buffer": ""}, {"py/object": "strutture_dati.Link", "nome": "L3", "FA_i": "C2", "FA_f": "C3", "buffer": "e3"}], "nome": "20:30|:e3", "id": 5, "final": false, "indice_oss": 0}, "nodo_finale": {"py/object": "strutture_dati.Nodo", "stati_FA": ["20", "31"], "lista_link": [{"py/object": "strutture_dati.Link", "nome": "L2", "FA_i": "C3", "FA_f": "C2", "buffer": "e2"}, {"py/object": "strutture_dati.Link", "nome": "L3", "FA_i": "C2", "FA_f": "C3", "buffer": "e3"}], "nome": "20:31|e2:e3", "id": 8, "final": false, "indice_oss": 0}, "oss": "o3", "ril": "\u03b5", "chiusura_iniziale": {"py/id": 30}, "chiusura_finale": {"py/object": "strutture_dati.ChiusuraSilenziosa", "nodo_iniziale": {"py/id": 564}, "lista_nodi": [{"py/id": 564}, {"py/object": "strutture_dati.Nodo", "stati_FA": ["20", "30"], "lista_link": [{"py/object": "strutture_dati.Link", "nome": "L2", "FA_i": "C3", "FA_f": "C2", "buffer": "e2"}, {"py/object": "strutture_dati.Link", "nome": "L3", "FA_i": "C2", "FA_f": "C3", "buffer": ""}], "nome": "20:30|e2:", "id": 10, "final": false, "indice_oss": 0}, {"py/object": "strutture_dati.Nodo", "stati_FA": ["20", "31"], "lista_link": [{"py/object": "strutture_dati.Link", "nome": "L2", "FA_i": "C3", "FA_f": "C2", "buffer": "e2"}, {"py/object": "strutture_dati.Link", "nome": "L3", "FA_i": "C2", "FA_f": "C3", "buffer": ""}], "nome": "20:31|e2:", "id": 1, "final": false, "indice_oss": 0}], "lista_nodi_uscenti": [{"py/id": 571}, {"py/object": "strutture_dati.Nodo", "stati_FA": ["20", "31"], "lista_link": [{"py/object": "strutture_dati.Link", "nome": "L2", "FA_i": "C3", "FA_f": "C2", "buffer": "e2"}, {"py/object": "strutture_dati.Link", "nome": "L3", "FA_i": "C2", "FA_f": "C3", "buffer": ""}], "nome": "20:31|e2:", "id": 1, "final": false, "indice_oss": 0}], "lista_cammini": [{"py/object": "strutture_dati.Cammino", "nome": "t3b", "nodo_iniziale": {"py/object": "strutture_dati.Nodo", "stati_FA": ["20", "31"], "lista_link": [{"py/object": "strutture_dati.Link", "nome": "L2", "FA_i": "C3", "FA_f": "C2", "buffer": "e2"}, {"py/object": "strutture_dati.Link", "nome": "L3", "FA_i": "C2", "FA_f": "C3", "buffer": "e3"}], "nome": "20:31|e2:e3", "id": 8, "final": false, "indice_oss": 0}, "nodo_finale": {"py/id": 571}, "oss": "\u03b5", "ril": "\u03b5", "chiusura_iniziale": null, "chiusura_finale": null, "nodo_accettazione_raggiunto": null, "etichetta_diagnosi": "\u03b5"}, {"py/object": "strutture_dati.Cammino", "nome": "t3c", "nodo_iniziale": {"py/id": 589}, "nodo_finale": {"py/id": 576}, "oss": "\u03b5", "ril": "f", "chiusura_iniziale": null, "chiusura_finale": null, "nodo_accettazione_raggiunto": null, "etichetta_diagnosi": "\u03b5"}], "id": 4, "final": false, "diagnosi_relativa": "\u03b5"}, "nodo_accettazione_raggiunto": null, "etichetta_diagnosi": "\u03b5"}, {"py/object": "strutture_dati.Cammino", "nome": "t2a", "nodo_iniziale": {"py/object": "strutture_dati.Nodo", "stati_FA": ["20", "30"], "lista_link": [{"py/object": "strutture_dati.Link", "nome": "L2", "FA_i": "C3", "FA_f": "C2", "buffer": "e2"}, {"py/object": "strutture_dati.Link", "nome": "L3", "FA_i": "C2", "FA_f": "C3", "buffer": ""}], "nome": "20:30|e2:", "id": 10, "final": false, "indice_oss": 0}, "nodo_finale": {"py/object": "strutture_dati.Nodo", "stati_FA": ["21", "30"], "lista_link": [{"py/object": "strutture_dati.Link", "nome": "L2", "FA_i": "C3", "FA_f": "C2", "buffer": ""}, {"py/object": "strutture_dati.Link", "nome": "L3", "FA_i": "C2", "FA_f": "C3", "buffer": "e3"}], "nome": "21:30|:e3", "id": 11, "final": false, "indice_oss": 0}, "oss": "o2", "ril": "\u03b5", "chiusura_iniziale": {"py/id": 85}, "chiusura_finale": {"py/object": "strutture_dati.ChiusuraSilenziosa", "nodo_iniziale": {"py/id": 601}, "lista_nodi": [{"py/id": 601}], "lista_nodi_uscenti": [{"py/object": "strutture_dati.Nodo", "stati_FA": ["21", "30"], "lista_link": [{"py/object": "strutture_dati.Link", "nome": "L2", "FA_i": "C3", "FA_f": "C2", "buffer": ""}, {"py/object": "strutture_dati.Link", "nome": "L3", "FA_i": "C2", "FA_f": "C3", "buffer": "e3"}], "nome": "21:30|:e3", "id": 11, "final": false, "indice_oss": 0}], "lista_cammini": [], "id": 5, "final": false, "diagnosi_relativa": "\u03b5"}, "nodo_accettazione_raggiunto": null, "etichetta_diagnosi": "\u03b5"}, {"py/object": "strutture_dati.Cammino", "nome": "t2a", "nodo_iniziale": {"py/object": "strutture_dati.Nodo", "stati_FA": ["20", "30"], "lista_link": [{"py/object": "strutture_dati.Link", "nome": "L2", "FA_i": "C3", "FA_f": "C2", "buffer": "e2"}, {"py/object": "strutture_dati.Link", "nome": "L3", "FA_i": "C2", "FA_f": "C3", "buffer": ""}], "nome": "20:30|e2:", "id": 10, "final": false, "indice_oss": 0}, "nodo_finale": {"py/object": "strutture_dati.Nodo", "stati_FA": ["21", "30"], "lista_link": [{"py/object": "strutture_dati.Link", "nome": "L2", "FA_i": "C3", "FA_f": "C2", "buffer": ""}, {"py/object": "strutture_dati.Link", "nome": "L3", "FA_i": "C2", "FA_f": "C3", "buffer": "e3"}], "nome": "21:30|:e3", "id": 11, "final": false, "indice_oss": 0}, "oss": "o2", "ril": "\u03b5", "chiusura_iniziale": {"py/id": 127}, "chiusura_finale": {"py/object": "strutture_dati.ChiusuraSilenziosa", "nodo_iniziale": {"py/id": 621}, "lista_nodi": [{"py/id": 621}], "lista_nodi_uscenti": [{"py/object": "strutture_dati.Nodo", "stati_FA": ["21", "30"], "lista_link": [{"py/object": "strutture_dati.Link", "nome": "L2", "FA_i": "C3", "FA_f": "C2", "buffer": ""}, {"py/object": "strutture_dati.Link", "nome": "L3", "FA_i": "C2", "FA_f": "C3", "buffer": "e3"}], "nome": "21:30|:e3", "id": 11, "final": false, "indice_oss": 0}], "lista_cammini": [], "id": 5, "final": false, "diagnosi_relativa": "\u03b5"}, "nodo_accettazione_raggiunto": null, "etichetta_diagnosi": "\u03b5"}, {"py/object": "strutture_dati.Cammino", "nome": "t2a", "nodo_iniziale": {"py/object": "strutture_dati.Nodo", "stati_FA": ["20", "30"], "lista_link": [{"py/object": "strutture_dati.Link", "nome": "L2", "FA_i": "C3", "FA_f": "C2", "buffer": "e2"}, {"py/object": "strutture_dati.Link", "nome": "L3", "FA_i": "C2", "FA_f": "C3", "buffer": ""}], "nome": "20:30|e2:", "id": 10, "final": false, "indice_oss": 0}, "nodo_finale": {"py/object": "strutture_dati.Nodo", "stati_FA": ["21", "30"], "lista_link": [{"py/object": "strutture_dati.Link", "nome": "L2", "FA_i": "C3", "FA_f": "C2", "buffer": ""}, {"py/object": "strutture_dati.Link", "nome": "L3", "FA_i": "C2", "FA_f": "C3", "buffer": "e3"}], "nome": "21:30|:e3", "id": 11, "final": false, "indice_oss": 0}, "oss": "o2", "ril": "\u03b5", "chiusura_iniziale": {"py/id": 172}, "chiusura_finale": {"py/object": "strutture_dati.ChiusuraSilenziosa", "nodo_iniziale": {"py/id": 641}, "lista_nodi": [{"py/id": 641}], "lista_nodi_uscenti": [{"py/object": "strutture_dati.Nodo", "stati_FA": ["21", "30"], "lista_link": [{"py/object": "strutture_dati.Link", "nome": "L2", "FA_i": "C3", "FA_f": "C2", "buffer": ""}, {"py/object": "strutture_dati.Link", "nome": "L3", "FA_i": "C2", "FA_f": "C3", "buffer": "e3"}], "nome": "21:30|:e3", "id": 11, "final": false, "indice_oss": 0}], "lista_cammini": [], "id": 5, "final": false, "diagnosi_relativa": "\u03b5"}, "nodo_accettazione_raggiunto": null, "etichetta_diagnosi": "\u03b5"}, {"py/object": "strutture_dati.Cammino", "nome": "t3a", "nodo_iniziale": {"py/object": "strutture_dati.Nodo", "stati_FA": ["21", "30"], "lista_link": [{"py/object": "strutture_dati.Link", "nome": "L2", "FA_i": "C3", "FA_f": "C2", "buffer": ""}, {"py/object": "strutture_dati.Link", "nome": "L3", "FA_i": "C2", "FA_f": "C3", "buffer": "e3"}], "nome": "21:30|:e3", "id": 11, "final": false, "indice_oss": 0}, "nodo_finale": {"py/object": "strutture_dati.Nodo", "stati_FA": ["21", "31"], "lista_link": [{"py/object": "strutture_dati.Link", "nome": "L2", "FA_i": "C3", "FA_f": "C2", "buffer": "e2"}, {"py/object": "strutture_dati.Link", "nome": "L3", "FA_i": "C2", "FA_f": "C3", "buffer": "e3"}], "nome": "21:31|e2:e3", "id": 12, "final": false, "indice_oss": 0}, "oss": "o3", "ril": "\u03b5", "chiusura_iniziale": {"py/id": 158}, "chiusura_finale": {"py/object": "strutture_dati.ChiusuraSilenziosa", "nodo_iniziale": {"py/id": 661}, "lista_nodi": [{"py/id": 661}, {"py/object": "strutture_dati.Nodo", "stati_FA": ["21", "31"], "lista_link": [{"py/object": "strutture_dati.Link", "nome": "L2", "FA_i": "C3", "FA_f": "C2", "buffer": "e2"}, {"py/object": "strutture_dati.Link", "nome": "L3", "FA_i": "C2", "FA_f": "C3", "buffer": ""}], "nome": "21:31|e2:", "id": 6, "final": false, "indice_oss": 0}, {"py/object": "strutture_dati.Nodo", "stati_FA": ["20", "31"], "lista_link": [{"py/object": "strutture_dati.Link", "nome": "L2", "FA_i": "C3", "FA_f": "C2", "buffer": "e2"}, {"py/object": "strutture_dati.Link", "nome": "L3", "FA_i": "C2", "FA_f": "C3", "buffer": "e3"}], "nome": "20:31|e2:e3", "id": 8, "final": false, "indice_oss": 0}, {"py/object": "strutture_dati.Nodo", "stati_FA": ["20", "30"], "lista_link": [{"py/object": "strutture_dati.Link", "nome": "L2", "FA_i": "C3", "FA_f": "C2", "buffer": "e2"}, {"py/object": "strutture_dati.Link", "nome": "L3", "FA_i": "C2", "FA_f": "C3", "buffer": ""}], "nome": "20:30|e2:", "id": 10, "final": false, "indice_oss": 0}, {"py/object": "strutture_dati.Nodo", "stati_FA": ["20", "31"], "lista_link": [{"py/object": "strutture_dati.Link", "nome": "L2", "FA_i": "C3", "FA_f": "C2", "buffer": "e2"}, {"py/object": "strutture_dati.Link", "nome": "L3", "FA_i": "C2", "FA_f": "C3", "buffer": ""}], "nome": "20:31|e2:", "id": 1, "final": false, "indice_oss": 0}], "lista_nodi_uscenti": [{"py/id": 678}, {"py/object": "strutture_dati.Nodo", "stati_FA": ["20", "31"], "lista_link": [{"py/object": "strutture_dati.Link", "nome": "L2", "FA_i": "C3", "FA_f": "C2", "buffer": "e2"}, {"py/object": "strutture_dati.Link", "nome": "L3", "FA_i": "C2", "FA_f": "C3", "buffer": ""}], "nome": "20:31|e2:", "id": 1, "final": false, "indice_oss": 0}], "lista_cammini": [{"py/object": "strutture_dati.Cammino", "nome": "t3c", "nodo_iniziale": {"py/object": "strutture_dati.Nodo", "stati_FA": ["21", "31"], "lista_link": [{"py/object": "strutture_dati.Link", "nome": "L2", "FA_i": "C3", "FA_f": "C2", "buffer": "e2"}, {"py/object": "strutture_dati.Link", "nome": "L3", "FA_i": "C2", "FA_f": "C3", "buffer": "e3"}], "nome": "21:31|e2:e3", "id": 12, "final": false, "indice_oss": 0}, "nodo_finale": {"py/id": 668}, "oss": "\u03b5", "ril": "f", "chiusura_iniziale": null, "chiusura_finale": null, "nodo_accettazione_raggiunto": null, "etichetta_diagnosi": "\u03b5"}, {"py/object": "strutture_dati.Cammino", "nome": "t2b", "nodo_iniziale": {"py/object": "strutture_dati.Nodo", "stati_FA": ["21", "31"], "lista_link": [{"py/object": "strutture_dati.Link", "nome": "L2", "FA_i": "C3", "FA_f": "C2", "buffer": "e2"}, {"py/object": "strutture_dati.Link", "nome": "L3", "FA_i": "C2", "FA_f": "C3", "buffer": ""}], "nome": "21:31|e2:", "id": 6, "final": false, "indice_oss": 0}, "nodo_finale": {"py/id": 673}, "oss": "\u03b5", "ril": "r", "chiusura_iniziale": null, "chiusura_finale": null, "nodo_accettazione_raggiunto": null, "etichetta_diagnosi": "\u03b5"}, {"py/object": "strutture_dati.Cammino", "nome": "t3b", "nodo_iniziale": {"py/object": "strutture_dati.Nodo", "stati_FA": ["20", "31"], "lista_link": [{"py/object": "strutture_dati.Link", "nome": "L2", "FA_i": "C3", "FA_f": "C2", "buffer": "e2"}, {"py/object": "strutture_dati.Link", "nome": "L3", "FA_i": "C2", "FA_f": "C3", "buffer": "e3"}], "nome": "20:31|e2:e3", "id": 8, "final": false, "indice_oss": 0}, "nodo_finale": {"py/id": 678}, "oss": "\u03b5", "ril": "\u03b5", "chiusura_iniziale": null, "chiusura_finale": null, "nodo_accettazione_raggiunto": null, "etichetta_diagnosi": "\u03b5"}, {"py/object": "strutture_dati.Cammino", "nome": "t3c", "nodo_iniziale": {"py/id": 708}, "nodo_finale": {"py/id": 683}, "oss": "\u03b5", "ril": "f", "chiusura_iniziale": null, "chiusura_finale": null, "nodo_accettazione_raggiunto": null, "etichetta_diagnosi": "\u03b5"}], "id": 6, "final": false, "diagnosi_relativa": "\u03b5"}, "nodo_accettazione_raggiunto": null, "etichetta_diagnosi": "\u03b5"}], "nodi_finali": [{"py/object": "strutture_dati.Nodo", "stati_FA": ["20", "30"], "lista_link": [{"py/object": "strutture_dati.Link", "nome": "L2", "FA_i": "C3", "FA_f": "C2", "buffer": ""}, {"py/object": "strutture_dati.Link", "nome": "L3", "FA_i": "C2", "FA_f": "C3", "buffer": ""}], "nome": "20:30|:", "id": 0, "final": true, "indice_oss": 0}, {"py/object": "strutture_dati.Nodo", "stati_FA": ["21", "30"], "lista_link": [{"py/object": "strutture_dati.Link", "nome": "L2", "FA_i": "C3", "FA_f": "C2", "buffer": ""}, {"py/object": "strutture_dati.Link", "nome": "L3", "FA_i": "C2", "FA_f": "C3", "buffer": ""}], "nome": "21:30|:", "id": 3, "final": true, "indice_oss": 0}, {"py/object": "strutture_dati.Nodo", "stati_FA": ["21", "31"], "lista_link": [{"py/object": "strutture_dati.Link", "nome": "L2", "FA_i": "C3", "FA_f": "C2", "buffer": ""}, {"py/object": "strutture_dati.Link", "nome": "L3", "FA_i": "C2", "FA_f": "C3", "buffer": ""}], "nome": "21:31|:", "id": 4, "final": true, "indice_oss": 0}, {"py/object": "strutture_dati.Nodo", "stati_FA": ["20", "31"], "lista_link": [{"py/object": "strutture_dati.Link", "nome": "L2", "FA_i": "C3", "FA_f": "C2", "buffer": ""}, {"py/object": "strutture_dati.Link", "nome": "L3", "FA_i": "C2", "FA_f": "C3", "buffer": ""}], "nome": "20:31|:", "id": 9, "final": true, "indice_oss": 0}], "nome_rete": "Rete1"}