{"py/object": "strutture_dati.SpazioChiusure", "lista_chiusure": [{"py/object": "strutture_dati.ChiusuraSilenziosa", "nodo_iniziale": {"py/object": "strutture_dati.Nodo", "stati_FA": ["0", "0"], "lista_link": [{"py/object": "strutture_dati.Link", "nome": "L", "FA_i": "S", "FA_f": "B", "buffer": ""}], "nome": "0:0|", "id": 0, "final": true, "indice_oss": 0}, "lista_nodi": [{"py/id": 3}, {"py/object": "strutture_dati.Nodo", "stati_FA": ["0", "0"], "lista_link": [{"py/object": "strutture_dati.Link", "nome": "L", "FA_i": "S", "FA_f": "B", "buffer": "cl"}], "nome": "0:0|cl", "id": 2, "final": false, "indice_oss": 0}], "lista_nodi_uscenti": [{"py/object": "strutture_dati.Nodo", "stati_FA": ["0", "0"], "lista_link": [{"py/object": "strutture_dati.Link", "nome": "L", "FA_i": "S", "FA_f": "B", "buffer": ""}], "nome": "0:0|", "id": 0, "final": true, "indice_oss": 0}, {"py/id": 8}], "lista_cammini": [{"py/object": "strutture_dati.Cammino", "nome": "s3", "nodo_iniziale": {"py/id": 13}, "nodo_finale": {"py/id": 8}, "oss": "\u03b5", "ril": "f1", "chiusura_iniziale": null, "chiusura_finale": null, "nodo_accettazione_raggiunto": null, "etichetta_diagnosi": "\u03b5"}], "id": 0, "final": true, "diagnosi_relativa": "\u03b5"}, {"py/object": "strutture_dati.ChiusuraSilenziosa", "nodo_iniziale": {"py/object": "strutture_dati.Nodo", "stati_FA": ["1", "0"], "lista_link": [{"py/object": "strutture_dati.Link", "nome": "L", "FA_i": "S", "FA_f": "B", "buffer": "op"}], "nome": "1:0|op", "id": 1, "final": false, "indice_oss": 0}, "lista_nodi": [{"py/id": 20}, {"py/object": "strutture_dati.Nodo", "stati_FA": ["1", "0"], "lista_link": [{"py/object": "strutture_dati.Link", "nome": "L", "FA_i": "S", "FA_f": "B", "buffer": ""}], "nome": "1:0|", "id": 4, "final": true, "indice_oss": 0}], "lista_nodi_uscenti": [{"py/object": "strutture_dati.Nodo", "stati_FA": ["1", "0"], "lista_link": [{"py/object": "strutture_dati.Link", "nome": "L", "FA_i": "S", "FA_f": "B", "buffer": "op"}], "nome": "1:0|op", "id": 1, "final": false, "indice_oss": 0}, {"py/id": 25}], "lista_cammini": [{"py/object": "strutture_dati.Cammino", "nome": "b3", "nodo_iniziale": {"py/id": 30}, "nodo_finale": {"py/id": 25}, "oss": "\u03b5", "ril": "f3", "chiusura_iniziale": null, "chiusura_finale": null, "nodo_accettazione_raggiunto": null, "etichetta_diagnosi": "\u03b5"}, {"py/object": "strutture_dati.Cammino", "nome": "s4", "nodo_iniziale": {"py/id": 25}, "nodo_finale": {"py/object": "strutture_dati.Nodo", "stati_FA": ["1", "0"], "lista_link": [{"py/object": "strutture_dati.Link", "nome": "L", "FA_i": "S", "FA_f": "B", "buffer": "op"}], "nome": "1:0|op", "id": 1, "final": false, "indice_oss": 0}, "oss": "\u03b5", "ril": "f2", "chiusura_iniziale": null, "chiusura_finale": null, "nodo_accettazione_raggiunto": null, "etichetta_diagnosi": "\u03b5"}], "id": 1, "final": true, "diagnosi_relativa": "\u03b5"}, {"py/object": "strutture_dati.ChiusuraSilenziosa", "nodo_iniziale": {"py/object": "strutture_dati.Nodo", "stati_FA": ["1", "1"], "lista_link": [{"py/object": "strutture_dati.Link", "nome": "L", "FA_i": "S", "FA_f": "B", "buffer": ""}], "nome": "1:1|", "id": 3, "final": true, "indice_oss": 0}, "lista_nodi": [{"py/id": 42}, {"py/object": "strutture_dati.Nodo", "stati_FA": ["1", "1"], "lista_link": [{"py/object": "strutture_dati.Link", "nome": "L", "FA_i": "S", "FA_f": "B", "buffer": "op"}], "nome": "1:1|op", "id": 7, "final": false, "indice_oss": 0}], "lista_nodi_uscenti": [{"py/object": "strutture_dati.Nodo", "stati_FA": ["1", "1"], "lista_link": [{"py/object": "strutture_dati.Link", "nome": "L", "FA_i": "S", "FA_f": "B", "buffer": ""}], "nome": "1:1|", "id": 3, "final": true, "indice_oss": 0}, {"py/id": 47}], "lista_cammini": [{"py/object": "strutture_dati.Cammino", "nome": "s4", "nodo_iniziale": {"py/id": 52}, "nodo_finale": {"py/id": 47}, "oss": "\u03b5", "ril": "f2", "chiusura_iniziale": null, "chiusura_finale": null, "nodo_accettazione_raggiunto": null, "etichetta_diagnosi": "\u03b5"}], "id": 2, "final": true, "diagnosi_relativa": "\u03b5"}, {"py/object": "strutture_dati.ChiusuraSilenziosa", "nodo_iniziale": {"py/object": "strutture_dati.Nodo", "stati_FA": ["0", "1"], "lista_link": [{"py/object": "strutture_dati.Link", "nome": "L", "FA_i": "S", "FA_f": "B", "buffer": ""}], "nome": "0:1|", "id": 5, "final": true, "indice_oss": 0}, "lista_nodi": [{"py/id": 59}, {"py/object": "strutture_dati.Nodo", "stati_FA": ["0", "1"], "lista_link": [{"py/object": "strutture_dati.Link", "nome": "L", "FA_i": "S", "FA_f": "B", "buffer": "cl"}], "nome": "0:1|cl", "id": 6, "final": false, "indice_oss": 0}], "lista_nodi_uscenti": [{"py/object": "strutture_dati.Nodo", "stati_FA": ["0", "1"], "lista_link": [{"py/object": "strutture_dati.Link", "nome": "L", "FA_i": "S", "FA_f": "B", "buffer": ""}], "nome": "0:1|", "id": 5, "final": true, "indice_oss": 0}, {"py/object": "strutture_dati.Nodo", "stati_FA": ["0", "1"], "lista_link": [{"py/object": "strutture_dati.Link", "nome": "L", "FA_i": "S", "FA_f": "B", "buffer": "cl"}], "nome": "0:1|cl", "id": 6, "final": false, "indice_oss": 0}], "lista_cammini": [{"py/object": "strutture_dati.Cammino", "nome": "s3", "nodo_iniziale": {"py/id": 69}, "nodo_finale": {"py/id": 64}, "oss": "\u03b5", "ril": "f1", "chiusura_iniziale": null, "chiusura_finale": null, "nodo_accettazione_raggiunto": null, "etichetta_diagnosi": "\u03b5"}, {"py/object": "strutture_dati.Cammino", "nome": "b4", "nodo_iniziale": {"py/id": 73}, "nodo_finale": {"py/object": "strutture_dati.Nodo", "stati_FA": ["0", "1"], "lista_link": [{"py/object": "strutture_dati.Link", "nome": "L", "FA_i": "S", "FA_f": "B", "buffer": ""}], "nome": "0:1|", "id": 5, "final": true, "indice_oss": 0}, "oss": "\u03b5", "ril": "f4", "chiusura_iniziale": null, "chiusura_finale": null, "nodo_accettazione_raggiunto": null, "etichetta_diagnosi": "\u03b5"}], "id": 3, "final": true, "diagnosi_relativa": "\u03b5"}, {"py/object": "strutture_dati.ChiusuraSilenziosa", "nodo_iniziale": {"py/object": "strutture_dati.Nodo", "stati_FA": ["0", "1"], "lista_link": [{"py/object": "strutture_dati.Link", "nome": "L", "FA_i": "S", "FA_f": "B", "buffer": "cl"}], "nome": "0:1|cl", "id": 6, "final": false, "indice_oss": 0}, "lista_nodi": [{"py/id": 85}, {"py/object": "strutture_dati.Nodo", "stati_FA": ["0", "1"], "lista_link": [{"py/object": "strutture_dati.Link", "nome": "L", "FA_i": "S", "FA_f": "B", "buffer": ""}], "nome": "0:1|", "id": 5, "final": true, "indice_oss": 0}], "lista_nodi_uscenti": [{"py/object": "strutture_dati.Nodo", "stati_FA": ["0", "1"], "lista_link": [{"py/object": "strutture_dati.Link", "nome": "L", "FA_i": "S", "FA_f": "B", "buffer": "cl"}], "nome": "0:1|cl", "id": 6, "final": false, "indice_oss": 0}, {"py/object": "strutture_dati.Nodo", "stati_FA": ["0", "1"], "lista_link": [{"py/object": "strutture_dati.Link", "nome": "L", "FA_i": "S", "FA_f": "B", "buffer": ""}], "nome": "0:1|", "id": 5, "final": true, "indice_oss": 0}], "lista_cammini": [{"py/object": "strutture_dati.Cammino", "nome": "b4", "nodo_iniziale": {"py/id": 95}, "nodo_finale": {"py/id": 90}, "oss": "\u03b5", "ril": "f4", "chiusura_iniziale": null, "chiusura_finale": null, "nodo_accettazione_raggiunto": null, "etichetta_diagnosi": "\u03b5"}, {"py/object": "strutture_dati.Cammino", "nome": "s3", "nodo_iniziale": {"py/id": 99}, "nodo_finale": {"py/object": "strutture_dati.Nodo", "stati_FA": ["0", "1"], "lista_link": [{"py/object": "strutture_dati.Link", "nome": "L", "FA_i": "S", "FA_f": "B", "buffer": "cl"}], "nome": "0:1|cl", "id": 6, "final": false, "indice_oss": 0}, "oss": "\u03b5", "ril": "f1", "chiusura_iniziale": null, "chiusura_finale": null, "nodo_accettazione_raggiunto": null, "etichetta_diagnosi": "\u03b5"}], "id": 4, "final": true, "diagnosi_relativa": "\u03b5"}, {"py/object": "strutture_dati.ChiusuraSilenziosa", "nodo_iniziale": {"py/object": "strutture_dati.Nodo", "stati_FA": ["0", "0"], "lista_link": [{"py/object": "strutture_dati.Link", "nome": "L", "FA_i": "S", "FA_f": "B", "buffer": "cl"}], "nome": "0:0|cl", "id": 2, "final": false, "indice_oss": 0}, "lista_nodi": [{"py/id": 111}], "lista_nodi_uscenti": [{"py/object": "strutture_dati.Nodo", "stati_FA": ["0", "0"], "lista_link": [{"py/object": "strutture_dati.Link", "nome": "L", "FA_i": "S", "FA_f": "B", "buffer": "cl"}], "nome": "0:0|cl", "id": 2, "final": false, "indice_oss": 0}], "lista_cammini": [], "id": 5, "final": false, "diagnosi_relativa": "\u03b5"}, {"py/object": "strutture_dati.ChiusuraSilenziosa", "nodo_iniziale": {"py/object": "strutture_dati.Nodo", "stati_FA": ["1", "1"], "lista_link": [{"py/object": "strutture_dati.Link", "nome": "L", "FA_i": "S", "FA_f": "B", "buffer": "op"}], "nome": "1:1|op", "id": 7, "final": false, "indice_oss": 0}, "lista_nodi": [{"py/id": 123}], "lista_nodi_uscenti": [{"py/object": "strutture_dati.Nodo", "stati_FA": ["1", "1"], "lista_link": [{"py/object": "strutture_dati.Link", "nome": "L", "FA_i": "S", "FA_f": "B", "buffer": "op"}], "nome": "1:1|op", "id": 7, "final": false, "indice_oss": 0}], "lista_cammini": [], "id": 6, "final": false, "diagnosi_relativa": "\u03b5"}, {"py/object": "strutture_dati.ChiusuraSilenziosa", "nodo_iniziale": {"py/object": "strutture_dati.Nodo", "stati_FA": ["1", "0"], "lista_link": [{"py/object": "strutture_dati.Link", "nome": "L", "FA_i": "S", "FA_f": "B", "buffer": ""}], "nome": "1:0|", "id": 4, "final": true, "indice_oss": 0}, "lista_nodi": [{"py/id": 135}, {"py/object": "strutture_dati.Nodo", "stati_FA": ["1", "0"], "lista_link": [{"py/object": "strutture_dati.Link", "nome": "L", "FA_i": "S", "FA_f": "B", "buffer": "op"}], "nome": "1:0|op", "id": 1, "final": false, "indice_oss": 0}], "lista_nodi_uscenti": [{"py/object": "strutture_dati.Nodo", "stati_FA": ["1", "0"], "lista_link": [{"py/object": "strutture_dati.Link", "nome": "L", "FA_i": "S", "FA_f": "B", "buffer": ""}], "nome": "1:0|", "id": 4, "final": true, "indice_oss": 0}, {"py/object": "strutture_dati.Nodo", "stati_FA": ["1", "0"], "lista_link": [{"py/object": "strutture_dati.Link", "nome": "L", "FA_i": "S", "FA_f": "B", "buffer": "op"}], "nome": "1:0|op", "id": 1, "final": false, "indice_oss": 0}], "lista_cammini": [{"py/object": "strutture_dati.Cammino", "nome": "s4", "nodo_iniziale": {"py/id": 145}, "nodo_finale": {"py/id": 140}, "oss": "\u03b5", "ril": "f2", "chiusura_iniziale": null, "chiusura_finale": null, "nodo_accettazione_raggiunto": null, "etichetta_diagnosi": "\u03b5"}, {"py/object": "strutture_dati.Cammino", "nome": "b3", "nodo_iniziale": {"py/id": 149}, "nodo_finale": {"py/id": 145}, "oss": "\u03b5", "ril": "f3", "chiusura_iniziale": null, "chiusura_finale": null, "nodo_accettazione_raggiunto": null, "etichetta_diagnosi": "\u03b5"}], "id": 7, "final": true, "diagnosi_relativa": "\u03b5"}], "lista_cammini": [{"py/object": "strutture_dati.Cammino", "nome": "s1", "nodo_iniziale": {"py/object": "strutture_dati.Nodo", "stati_FA": ["0", "0"], "lista_link": [{"py/object": "strutture_dati.Link", "nome": "L", "FA_i": "S", "FA_f": "B", "buffer": ""}], "nome": "0:0|", "id": 0, "final": true, "indice_oss": 0}, "nodo_finale": {"py/object": "strutture_dati.Nodo", "stati_FA": ["1", "0"], "lista_link": [{"py/object": "strutture_dati.Link", "nome": "L", "FA_i": "S", "FA_f": "B", "buffer": "op"}], "nome": "1:0|op", "id": 1, "final": false, "indice_oss": 0}, "oss": "act", "ril": "\u03b5", "chiusura_iniziale": {"py/id": 2}, "chiusura_finale": {"py/object": "strutture_dati.ChiusuraSilenziosa", "nodo_iniziale": {"py/id": 162}, "lista_nodi": [{"py/id": 162}, {"py/object": "strutture_dati.Nodo", "stati_FA": ["1", "0"], "lista_link": [{"py/object": "strutture_dati.Link", "nome": "L", "FA_i": "S", "FA_f": "B", "buffer": ""}], "nome": "1:0|", "id": 4, "final": true, "indice_oss": 0}], "lista_nodi_uscenti": [{"py/object": "strutture_dati.Nodo", "stati_FA": ["1", "0"], "lista_link": [{"py/object": "strutture_dati.Link", "nome": "L", "FA_i": "S", "FA_f": "B", "buffer": "op"}], "nome": "1:0|op", "id": 1, "final": false, "indice_oss": 0}, {"py/id": 168}], "lista_cammini": [{"py/object": "strutture_dati.Cammino", "nome": "b3", "nodo_iniziale": {"py/id": 173}, "nodo_finale": {"py/id": 168}, "oss": "\u03b5", "ril": "f3", "chiusura_iniziale": null, "chiusura_finale": null, "nodo_accettazione_raggiunto": null, "etichetta_diagnosi": "\u03b5"}, {"py/object": "strutture_dati.Cammino", "nome": "s4", "nodo_iniziale": {"py/id": 168}, "nodo_finale": {"py/object": "strutture_dati.Nodo", "stati_FA": ["1", "0"], "lista_link": [{"py/object": "strutture_dati.Link", "nome": "L", "FA_i": "S", "FA_f": "B", "buffer": "op"}], "nome": "1:0|op", "id": 1, "final": false, "indice_oss": 0}, "oss": "\u03b5", "ril": "f2", "chiusura_iniziale": null, "chiusura_finale": null, "nodo_accettazione_raggiunto": null, "etichetta_diagnosi": "\u03b5"}], "id": 1, "final": true, "diagnosi_relativa": "\u03b5"}, "nodo_accettazione_raggiunto": null, "etichetta_diagnosi": "\u03b5"}, {"py/object": "strutture_dati.Cammino", "nome": "b1", "nodo_iniziale": {"py/object": "strutture_dati.Nodo", "stati_FA": ["1", "0"], "lista_link": [{"py/object": "strutture_dati.Link", "nome": "L", "FA_i": "S", "FA_f": "B", "buffer": "op"}], "nome": "1:0|op", "id": 1, "final": false, "indice_oss": 0}, "nodo_finale": {"py/object": "strutture_dati.Nodo", "stati_FA": ["1", "1"], "lista_link": [{"py/object": "strutture_dati.Link", "nome": "L", "FA_i": "S", "FA_f": "B", "buffer": ""}], "nome": "1:1|", "id": 3, "final": true, "indice_oss": 0}, "oss": "opn", "ril": "\u03b5", "chiusura_iniziale": {"py/id": 19}, "chiusura_finale": {"py/object": "strutture_dati.ChiusuraSilenziosa", "nodo_iniziale": {"py/id": 189}, "lista_nodi": [{"py/id": 189}, {"py/object": "strutture_dati.Nodo", "stati_FA": ["1", "1"], "lista_link": [{"py/object": "strutture_dati.Link", "nome": "L", "FA_i": "S", "FA_f": "B", "buffer": "op"}], "nome": "1:1|op", "id": 7, "final": false, "indice_oss": 0}], "lista_nodi_uscenti": [{"py/object": "strutture_dati.Nodo", "stati_FA": ["1", "1"], "lista_link": [{"py/object": "strutture_dati.Link", "nome": "L", "FA_i": "S", "FA_f": "B", "buffer": ""}], "nome": "1:1|", "id": 3, "final": true, "indice_oss": 0}, {"py/id": 195}], "lista_cammini": [{"py/object": "strutture_dati.Cammino", "nome": "s4", "nodo_iniziale": {"py/id": 200}, "nodo_finale": {"py/id": 195}, "oss": "\u03b5", "ril": "f2", "chiusura_iniziale": null, "chiusura_finale": null, "nodo_accettazione_raggiunto": null, "etichetta_diagnosi": "\u03b5"}], "id": 2, "final": true, "diagnosi_relativa": "\u03b5"}, "nodo_accettazione_raggiunto": null, "etichetta_diagnosi": "\u03b5"}, {"py/object": "strutture_dati.Cammino", "nome": "b1", "nodo_iniziale": {"py/object": "strutture_dati.Nodo", "stati_FA": ["1", "0"], "lista_link": [{"py/object": "strutture_dati.Link", "nome": "L", "FA_i": "S", "FA_f": "B", "buffer": "op"}], "nome": "1:0|op", "id": 1, "final": false, "indice_oss": 0}, "nodo_finale": {"py/object": "strutture_dati.Nodo", "stati_FA": ["1", "1"], "lista_link": [{"py/object": "strutture_dati.Link", "nome": "L", "FA_i": "S", "FA_f": "B", "buffer": ""}], "nome": "1:1|", "id": 3, "final": true, "indice_oss": 0}, "oss": "opn", "ril": "\u03b5", "chiusura_iniziale": {"py/id": 134}, "chiusura_finale": {"py/object": "strutture_dati.ChiusuraSilenziosa", "nodo_iniziale": {"py/id": 211}, "lista_nodi": [{"py/id": 211}, {"py/object": "strutture_dati.Nodo", "stati_FA": ["1", "1"], "lista_link": [{"py/object": "strutture_dati.Link", "nome": "L", "FA_i": "S", "FA_f": "B", "buffer": "op"}], "nome": "1:1|op", "id": 7, "final": false, "indice_oss": 0}], "lista_nodi_uscenti": [{"py/object": "strutture_dati.Nodo", "stati_FA": ["1", "1"], "lista_link": [{"py/object": "strutture_dati.Link", "nome": "L", "FA_i": "S", "FA_f": "B", "buffer": ""}], "nome": "1:1|", "id": 3, "final": true, "indice_oss": 0}, {"py/id": 217}], "lista_cammini": [{"py/object": "strutture_dati.Cammino", "nome": "s4", "nodo_iniziale": {"py/id": 222}, "nodo_finale": {"py/id": 217}, "oss": "\u03b5", "ril": "f2", "chiusura_iniziale": null, "chiusura_finale": null, "nodo_accettazione_raggiunto": null, "etichetta_diagnosi": "\u03b5"}], "id": 2, "final": true, "diagnosi_relativa": "\u03b5"}, "nodo_accettazione_raggiunto": null, "etichetta_diagnosi": "\u03b5"}, {"py/object": "strutture_dati.Cammino", "nome": "b5", "nodo_iniziale": {"py/object": "strutture_dati.Nodo", "stati_FA": ["0", "0"], "lista_link": [{"py/object": "strutture_dati.Link", "nome": "L", "FA_i": "S", "FA_f": "B", "buffer": "cl"}], "nome": "0:0|cl", "id": 2, "final": false, "indice_oss": 0}, "nodo_finale": {"py/object": "strutture_dati.Nodo", "stati_FA": ["0", "0"], "lista_link": [{"py/object": "strutture_dati.Link", "nome": "L", "FA_i": "S", "FA_f": "B", "buffer": ""}], "nome": "0:0|", "id": 0, "final": true, "indice_oss": 0}, "oss": "nop", "ril": "\u03b5", "chiusura_iniziale": {"py/id": 2}, "chiusura_finale": {"py/object": "strutture_dati.ChiusuraSilenziosa", "nodo_iniziale": {"py/object": "strutture_dati.Nodo", "stati_FA": ["0", "0"], "lista_link": [{"py/object": "strutture_dati.Link", "nome": "L", "FA_i": "S", "FA_f": "B", "buffer": ""}], "nome": "0:0|", "id": 0, "final": true, "indice_oss": 0}, "lista_nodi": [{"py/id": 238}, {"py/object": "strutture_dati.Nodo", "stati_FA": ["0", "0"], "lista_link": [{"py/object": "strutture_dati.Link", "nome": "L", "FA_i": "S", "FA_f": "B", "buffer": "cl"}], "nome": "0:0|cl", "id": 2, "final": false, "indice_oss": 0}], "lista_nodi_uscenti": [{"py/object": "strutture_dati.Nodo", "stati_FA": ["0", "0"], "lista_link": [{"py/object": "strutture_dati.Link", "nome": "L", "FA_i": "S", "FA_f": "B", "buffer": ""}], "nome": "0:0|", "id": 0, "final": true, "indice_oss": 0}, {"py/id": 243}], "lista_cammini": [{"py/object": "strutture_dati.Cammino", "nome": "s3", "nodo_iniziale": {"py/id": 248}, "nodo_finale": {"py/id": 243}, "oss": "\u03b5", "ril": "f1", "chiusura_iniziale": null, "chiusura_finale": null, "nodo_accettazione_raggiunto": null, "etichetta_diagnosi": "\u03b5"}], "id": 0, "final": true, "diagnosi_relativa": "\u03b5"}, "nodo_accettazione_raggiunto": null, "etichetta_diagnosi": "\u03b5"}, {"py/object": "strutture_dati.Cammino", "nome": "b5", "nodo_iniziale": {"py/object": "strutture_dati.Nodo", "stati_FA": ["0", "0"], "lista_link": [{"py/object": "strutture_dati.Link", "nome": "L", "FA_i": "S", "FA_f": "B", "buffer": "cl"}], "nome": "0:0|cl", "id": 2, "final": false, "indice_oss": 0}, "nodo_finale": {"py/object": "strutture_dati.Nodo", "stati_FA": ["0", "0"], "lista_link": [{"py/object": "strutture_dati.Link", "nome": "L", "FA_i": "S", "FA_f": "B", "buffer": ""}], "nome": "0:0|", "id": 0, "final": true, "indice_oss": 0}, "oss": "nop", "ril": "\u03b5", "chiusura_iniziale": {"py/id": 110}, "chiusura_finale": {"py/object": "strutture_dati.ChiusuraSilenziosa", "nodo_iniziale": {"py/object": "strutture_dati.Nodo", "stati_FA": ["0", "0"], "lista_link": [{"py/object": "strutture_dati.Link", "nome": "L", "FA_i": "S", "FA_f": "B", "buffer": ""}], "nome": "0:0|", "id": 0, "final": true, "indice_oss": 0}, "lista_nodi": [{"py/id": 264}, {"py/object": "strutture_dati.Nodo", "stati_FA": ["0", "0"], "lista_link": [{"py/object": "strutture_dati.Link", "nome": "L", "FA_i": "S", "FA_f": "B", "buffer": "cl"}], "nome": "0:0|cl", "id": 2, "final": false, "indice_oss": 0}], "lista_nodi_uscenti": [{"py/object": "strutture_dati.Nodo", "stati_FA": ["0", "0"], "lista_link": [{"py/object": "strutture_dati.Link", "nome": "L", "FA_i": "S", "FA_f": "B", "buffer": ""}], "nome": "0:0|", "id": 0, "final": true, "indice_oss": 0}, {"py/id": 269}], "lista_cammini": [{"py/object": "strutture_dati.Cammino", "nome": "s3", "nodo_iniziale": {"py/id": 274}, "nodo_finale": {"py/id": 269}, "oss": "\u03b5", "ril": "f1", "chiusura_iniziale": null, "chiusura_finale": null, "nodo_accettazione_raggiunto": null, "etichetta_diagnosi": "\u03b5"}], "id": 0, "final": true, "diagnosi_relativa": "\u03b5"}, "nodo_accettazione_raggiunto": null, "etichetta_diagnosi": "\u03b5"}, {"py/object": "strutture_dati.Cammino", "nome": "b7", "nodo_iniziale": {"py/object": "strutture_dati.Nodo", "stati_FA": ["0", "0"], "lista_link": [{"py/object": "strutture_dati.Link", "nome": "L", "FA_i": "S", "FA_f": "B", "buffer": "cl"}], "nome": "0:0|cl", "id": 2, "final": false, "indice_oss": 0}, "nodo_finale": {"py/object": "strutture_dati.Nodo", "stati_FA": ["0", "1"], "lista_link": [{"py/object": "strutture_dati.Link", "nome": "L", "FA_i": "S", "FA_f": "B", "buffer": ""}], "nome": "0:1|", "id": 5, "final": true, "indice_oss": 0}, "oss": "opn", "ril": "f5", "chiusura_iniziale": {"py/id": 2}, "chiusura_finale": {"py/object": "strutture_dati.ChiusuraSilenziosa", "nodo_iniziale": {"py/id": 285}, "lista_nodi": [{"py/id": 285}, {"py/object": "strutture_dati.Nodo", "stati_FA": ["0", "1"], "lista_link": [{"py/object": "strutture_dati.Link", "nome": "L", "FA_i": "S", "FA_f": "B", "buffer": "cl"}], "nome": "0:1|cl", "id": 6, "final": false, "indice_oss": 0}], "lista_nodi_uscenti": [{"py/object": "strutture_dati.Nodo", "stati_FA": ["0", "1"], "lista_link": [{"py/object": "strutture_dati.Link", "nome": "L", "FA_i": "S", "FA_f": "B", "buffer": ""}], "nome": "0:1|", "id": 5, "final": true, "indice_oss": 0}, {"py/object": "strutture_dati.Nodo", "stati_FA": ["0", "1"], "lista_link": [{"py/object": "strutture_dati.Link", "nome": "L", "FA_i": "S", "FA_f": "B", "buffer": "cl"}], "nome": "0:1|cl", "id": 6, "final": false, "indice_oss": 0}], "lista_cammini": [{"py/object": "strutture_dati.Cammino", "nome": "s3", "nodo_iniziale": {"py/id": 296}, "nodo_finale": {"py/id": 291}, "oss": "\u03b5", "ril": "f1", "chiusura_iniziale": null, "chiusura_finale": null, "nodo_accettazione_raggiunto": null, "etichetta_diagnosi": "\u03b5"}, {"py/object": "strutture_dati.Cammino", "nome": "b4", "nodo_iniziale": {"py/id": 300}, "nodo_finale": {"py/object": "strutture_dati.Nodo", "stati_FA": ["0", "1"], "lista_link": [{"py/object": "strutture_dati.Link", "nome": "L", "FA_i": "S", "FA_f": "B", "buffer": ""}], "nome": "0:1|", "id": 5, "final": true, "indice_oss": 0}, "oss": "\u03b5", "ril": "f4", "chiusura_iniziale": null, "chiusura_finale": null, "nodo_accettazione_raggiunto": null, "etichetta_diagnosi": "\u03b5"}], "id": 3, "final": true, "diagnosi_relativa": "\u03b5"}, "nodo_accettazione_raggiunto": null, "etichetta_diagnosi": "\u03b5"}, {"py/object": "strutture_dati.Cammino", "nome": "b7", "nodo_iniziale": {"py/object": "strutture_dati.Nodo", "stati_FA": ["0", "0"], "lista_link": [{"py/object": "strutture_dati.Link", "nome": "L", "FA_i": "S", "FA_f": "B", "buffer": "cl"}], "nome": "0:0|cl", "id": 2, "final": false, "indice_oss": 0}, "nodo_finale": {"py/object": "strutture_dati.Nodo", "stati_FA": ["0", "1"], "lista_link": [{"py/object": "strutture_dati.Link", "nome": "L", "FA_i": "S", "FA_f": "B", "buffer": ""}], "nome": "0:1|", "id": 5, "final": true, "indice_oss": 0}, "oss": "opn", "ril": "f5", "chiusura_iniziale": {"py/id": 110}, "chiusura_finale": {"py/object": "strutture_dati.ChiusuraSilenziosa", "nodo_iniziale": {"py/id": 316}, "lista_nodi": [{"py/id": 316}, {"py/object": "strutture_dati.Nodo", "stati_FA": ["0", "1"], "lista_link": [{"py/object": "strutture_dati.Link", "nome": "L", "FA_i": "S", "FA_f": "B", "buffer": "cl"}], "nome": "0:1|cl", "id": 6, "final": false, "indice_oss": 0}], "lista_nodi_uscenti": [{"py/object": "strutture_dati.Nodo", "stati_FA": ["0", "1"], "lista_link": [{"py/object": "strutture_dati.Link", "nome": "L", "FA_i": "S", "FA_f": "B", "buffer": ""}], "nome": "0:1|", "id": 5, "final": true, "indice_oss": 0}, {"py/object": "strutture_dati.Nodo", "stati_FA": ["0", "1"], "lista_link": [{"py/object": "strutture_dati.Link", "nome": "L", "FA_i": "S", "FA_f": "B", "buffer": "cl"}], "nome": "0:1|cl", "id": 6, "final": false, "indice_oss": 0}], "lista_cammini": [{"py/object": "strutture_dati.Cammino", "nome": "s3", "nodo_iniziale": {"py/id": 327}, "nodo_finale": {"py/id": 322}, "oss": "\u03b5", "ril": "f1", "chiusura_iniziale": null, "chiusura_finale": null, "nodo_accettazione_raggiunto": null, "etichetta_diagnosi": "\u03b5"}, {"py/object": "strutture_dati.Cammino", "nome": "b4", "nodo_iniziale": {"py/id": 331}, "nodo_finale": {"py/object": "strutture_dati.Nodo", "stati_FA": ["0", "1"], "lista_link": [{"py/object": "strutture_dati.Link", "nome": "L", "FA_i": "S", "FA_f": "B", "buffer": ""}], "nome": "0:1|", "id": 5, "final": true, "indice_oss": 0}, "oss": "\u03b5", "ril": "f4", "chiusura_iniziale": null, "chiusura_finale": null, "nodo_accettazione_raggiunto": null, "etichetta_diagnosi": "\u03b5"}], "id": 3, "final": true, "diagnosi_relativa": "\u03b5"}, "nodo_accettazione_raggiunto": null, "etichetta_diagnosi": "\u03b5"}, {"py/object": "strutture_dati.Cammino", "nome": "s2", "nodo_iniziale": {"py/object": "strutture_dati.Nodo", "stati_FA": ["1", "1"], "lista_link": [{"py/object": "strutture_dati.Link", "nome": "L", "FA_i": "S", "FA_f": "B", "buffer": ""}], "nome": "1:1|", "id": 3, "final": true, "indice_oss": 0}, "nodo_finale": {"py/object": "strutture_dati.Nodo", "stati_FA": ["0", "1"], "lista_link": [{"py/object": "strutture_dati.Link", "nome": "L", "FA_i": "S", "FA_f": "B", "buffer": "cl"}], "nome": "0:1|cl", "id": 6, "final": false, "indice_oss": 0}, "oss": "sby", "ril": "\u03b5", "chiusura_iniziale": {"py/id": 41}, "chiusura_finale": {"py/object": "strutture_dati.ChiusuraSilenziosa", "nodo_iniziale": {"py/id": 347}, "lista_nodi": [{"py/id": 347}, {"py/object": "strutture_dati.Nodo", "stati_FA": ["0", "1"], "lista_link": [{"py/object": "strutture_dati.Link", "nome": "L", "FA_i": "S", "FA_f": "B", "buffer": ""}], "nome": "0:1|", "id": 5, "final": true, "indice_oss": 0}], "lista_nodi_uscenti": [{"py/object": "strutture_dati.Nodo", "stati_FA": ["0", "1"], "lista_link": [{"py/object": "strutture_dati.Link", "nome": "L", "FA_i": "S", "FA_f": "B", "buffer": "cl"}], "nome": "0:1|cl", "id": 6, "final": false, "indice_oss": 0}, {"py/object": "strutture_dati.Nodo", "stati_FA": ["0", "1"], "lista_link": [{"py/object": "strutture_dati.Link", "nome": "L", "FA_i": "S", "FA_f": "B", "buffer": ""}], "nome": "0:1|", "id": 5, "final": true, "indice_oss": 0}], "lista_cammini": [{"py/object": "strutture_dati.Cammino", "nome": "b4", "nodo_iniziale": {"py/id": 358}, "nodo_finale": {"py/id": 353}, "oss": "\u03b5", "ril": "f4", "chiusura_iniziale": null, "chiusura_finale": null, "nodo_accettazione_raggiunto": null, "etichetta_diagnosi": "\u03b5"}, {"py/object": "strutture_dati.Cammino", "nome": "s3", "nodo_iniziale": {"py/id": 362}, "nodo_finale": {"py/object": "strutture_dati.Nodo", "stati_FA": ["0", "1"], "lista_link": [{"py/object": "strutture_dati.Link", "nome": "L", "FA_i": "S", "FA_f": "B", "buffer": "cl"}], "nome": "0:1|cl", "id": 6, "final": false, "indice_oss": 0}, "oss": "\u03b5", "ril": "f1", "chiusura_iniziale": null, "chiusura_finale": null, "nodo_accettazione_raggiunto": null, "etichetta_diagnosi": "\u03b5"}], "id": 4, "final": true, "diagnosi_relativa": "\u03b5"}, "nodo_accettazione_raggiunto": null, "etichetta_diagnosi": "\u03b5"}, {"py/object": "strutture_dati.Cammino", "nome": "s2", "nodo_iniziale": {"py/object": "strutture_dati.Nodo", "stati_FA": ["1", "0"], "lista_link": [{"py/object": "strutture_dati.Link", "nome": "L", "FA_i": "S", "FA_f": "B", "buffer": ""}], "nome": "1:0|", "id": 4, "final": true, "indice_oss": 0}, "nodo_finale": {"py/object": "strutture_dati.Nodo", "stati_FA": ["0", "0"], "lista_link": [{"py/object": "strutture_dati.Link", "nome": "L", "FA_i": "S", "FA_f": "B", "buffer": "cl"}], "nome": "0:0|cl", "id": 2, "final": false, "indice_oss": 0}, "oss": "sby", "ril": "\u03b5", "chiusura_iniziale": {"py/id": 19}, "chiusura_finale": {"py/object": "strutture_dati.ChiusuraSilenziosa", "nodo_iniziale": {"py/id": 378}, "lista_nodi": [{"py/id": 378}], "lista_nodi_uscenti": [{"py/object": "strutture_dati.Nodo", "stati_FA": ["0", "0"], "lista_link": [{"py/object": "strutture_dati.Link", "nome": "L", "FA_i": "S", "FA_f": "B", "buffer": "cl"}], "nome": "0:0|cl", "id": 2, "final": false, "indice_oss": 0}], "lista_cammini": [], "id": 5, "final": false, "diagnosi_relativa": "\u03b5"}, "nodo_accettazione_raggiunto": null, "etichetta_diagnosi": "\u03b5"}, {"py/object": "strutture_dati.Cammino", "nome": "s2", "nodo_iniziale": {"py/object": "strutture_dati.Nodo", "stati_FA": ["1", "0"], "lista_link": [{"py/object": "strutture_dati.Link", "nome": "L", "FA_i": "S", "FA_f": "B", "buffer": ""}], "nome": "1:0|", "id": 4, "final": true, "indice_oss": 0}, "nodo_finale": {"py/object": "strutture_dati.Nodo", "stati_FA": ["0", "0"], "lista_link": [{"py/object": "strutture_dati.Link", "nome": "L", "FA_i": "S", "FA_f": "B", "buffer": "cl"}], "nome": "0:0|cl", "id": 2, "final": false, "indice_oss": 0}, "oss": "sby", "ril": "\u03b5", "chiusura_iniziale": {"py/id": 134}, "chiusura_finale": {"py/object": "strutture_dati.ChiusuraSilenziosa", "nodo_iniziale": {"py/id": 395}, "lista_nodi": [{"py/id": 395}], "lista_nodi_uscenti": [{"py/object": "strutture_dati.Nodo", "stati_FA": ["0", "0"], "lista_link": [{"py/object": "strutture_dati.Link", "nome": "L", "FA_i": "S", "FA_f": "B", "buffer": "cl"}], "nome": "0:0|cl", "id": 2, "final": false, "indice_oss": 0}], "lista_cammini": [], "id": 5, "final": false, "diagnosi_relativa": "\u03b5"}, "nodo_accettazione_raggiunto": null, "etichetta_diagnosi": "\u03b5"}, {"py/object": "strutture_dati.Cammino", "nome": "s1", "nodo_iniziale": {"py/object": "strutture_dati.Nodo", "stati_FA": ["0", "1"], "lista_link": [{"py/object": "strutture_dati.Link", "nome": "L", "FA_i": "S", "FA_f": "B", "buffer": ""}], "nome": "0:1|", "id": 5, "final": true, "indice_oss": 0}, "nodo_finale": {"py/object": "strutture_dati.Nodo", "stati_FA": ["1", "1"], "lista_link": [{"py/object": "strutture_dati.Link", "nome": "L", "FA_i": "S", "FA_f": "B", "buffer": "op"}], "nome": "1:1|op", "id": 7, "final": false, "indice_oss": 0}, "oss": "act", "ril": "\u03b5", "chiusura_iniziale": {"py/id": 58}, "chiusura_finale": {"py/object": "strutture_dati.ChiusuraSilenziosa", "nodo_iniziale": {"py/id": 412}, "lista_nodi": [{"py/id": 412}], "lista_nodi_uscenti": [{"py/object": "strutture_dati.Nodo", "stati_FA": ["1", "1"], "lista_link": [{"py/object": "strutture_dati.Link", "nome": "L", "FA_i": "S", "FA_f": "B", "buffer": "op"}], "nome": "1:1|op", "id": 7, "final": false, "indice_oss": 0}], "lista_cammini": [], "id": 6, "final": false, "diagnosi_relativa": "\u03b5"}, "nodo_accettazione_raggiunto": null, "etichetta_diagnosi": "\u03b5"}, {"py/object": "strutture_dati.Cammino", "nome": "s1", "nodo_iniziale": {"py/object": "strutture_dati.Nodo", "stati_FA": ["0", "1"], "lista_link": [{"py/object": "strutture_dati.Link", "nome": "L", "FA_i": "S", "FA_f": "B", "buffer": ""}], "nome": "0:1|", "id": 5, "final": true, "indice_oss": 0}, "nodo_finale": {"py/object": "strutture_dati.Nodo", "stati_FA": ["1", "1"], "lista_link": [{"py/object": "strutture_dati.Link", "nome": "L", "FA_i": "S", "FA_f": "B", "buffer": "op"}], "nome": "1:1|op", "id": 7, "final": false, "indice_oss": 0}, "oss": "act", "ril": "\u03b5", "chiusura_iniziale": {"py/id": 84}, "chiusura_finale": {"py/object": "strutture_dati.ChiusuraSilenziosa", "nodo_iniziale": {"py/id": 429}, "lista_nodi": [{"py/id": 429}], "lista_nodi_uscenti": [{"py/object": "strutture_dati.Nodo", "stati_FA": ["1", "1"], "lista_link": [{"py/object": "strutture_dati.Link", "nome": "L", "FA_i": "S", "FA_f": "B", "buffer": "op"}], "nome": "1:1|op", "id": 7, "final": false, "indice_oss": 0}], "lista_cammini": [], "id": 6, "final": false, "diagnosi_relativa": "\u03b5"}, "nodo_accettazione_raggiunto": null, "etichetta_diagnosi": "\u03b5"}, {"py/object": "strutture_dati.Cammino", "nome": "b2", "nodo_iniziale": {"py/object": "strutture_dati.Nodo", "stati_FA": ["0", "1"], "lista_link": [{"py/object": "strutture_dati.Link", "nome": "L", "FA_i": "S", "FA_f": "B", "buffer": "cl"}], "nome": "0:1|cl", "id": 6, "final": false, "indice_oss": 0}, "nodo_finale": {"py/object": "strutture_dati.Nodo", "stati_FA": ["0", "0"], "lista_link": [{"py/object": "strutture_dati.Link", "nome": "L", "FA_i": "S", "FA_f": "B", "buffer": ""}], "nome": "0:0|", "id": 0, "final": true, "indice_oss": 0}, "oss": "cls", "ril": "\u03b5", "chiusura_iniziale": {"py/id": 58}, "chiusura_finale": {"py/object": "strutture_dati.ChiusuraSilenziosa", "nodo_iniziale": {"py/object": "strutture_dati.Nodo", "stati_FA": ["0", "0"], "lista_link": [{"py/object": "strutture_dati.Link", "nome": "L", "FA_i": "S", "FA_f": "B", "buffer": ""}], "nome": "0:0|", "id": 0, "final": true, "indice_oss": 0}, "lista_nodi": [{"py/id": 451}, {"py/object": "strutture_dati.Nodo", "stati_FA": ["0", "0"], "lista_link": [{"py/object": "strutture_dati.Link", "nome": "L", "FA_i": "S", "FA_f": "B", "buffer": "cl"}], "nome": "0:0|cl", "id": 2, "final": false, "indice_oss": 0}], "lista_nodi_uscenti": [{"py/object": "strutture_dati.Nodo", "stati_FA": ["0", "0"], "lista_link": [{"py/object": "strutture_dati.Link", "nome": "L", "FA_i": "S", "FA_f": "B", "buffer": ""}], "nome": "0:0|", "id": 0, "final": true, "indice_oss": 0}, {"py/id": 456}], "lista_cammini": [{"py/object": "strutture_dati.Cammino", "nome": "s3", "nodo_iniziale": {"py/id": 461}, "nodo_finale": {"py/id": 456}, "oss": "\u03b5", "ril": "f1", "chiusura_iniziale": null, "chiusura_finale": null, "nodo_accettazione_raggiunto": null, "etichetta_diagnosi": "\u03b5"}], "id": 0, "final": true, "diagnosi_relativa": "\u03b5"}, "nodo_accettazione_raggiunto": null, "etichetta_diagnosi": "\u03b5"}, {"py/object": "strutture_dati.Cammino", "nome": "b2", "nodo_iniziale": {"py/object": "strutture_dati.Nodo", "stati_FA": ["0", "1"], "lista_link": [{"py/object": "strutture_dati.Link", "nome": "L", "FA_i": "S", "FA_f": "B", "buffer": "cl"}], "nome": "0:1|cl", "id": 6, "final": false, "indice_oss": 0}, "nodo_finale": {"py/object": "strutture_dati.Nodo", "stati_FA": ["0", "0"], "lista_link": [{"py/object": "strutture_dati.Link", "nome": "L", "FA_i": "S", "FA_f": "B", "buffer": ""}], "nome": "0:0|", "id": 0, "final": true, "indice_oss": 0}, "oss": "cls", "ril": "\u03b5", "chiusura_iniziale": {"py/id": 84}, "chiusura_finale": {"py/object": "strutture_dati.ChiusuraSilenziosa", "nodo_iniziale": {"py/object": "strutture_dati.Nodo", "stati_FA": ["0", "0"], "lista_link": [{"py/object": "strutture_dati.Link", "nome": "L", "FA_i": "S", "FA_f": "B", "buffer": ""}], "nome": "0:0|", "id": 0, "final": true, "indice_oss": 0}, "lista_nodi": [{"py/id": 477}, {"py/object": "strutture_dati.Nodo", "stati_FA": ["0", "0"], "lista_link": [{"py/object": "strutture_dati.Link", "nome": "L", "FA_i": "S", "FA_f": "B", "buffer": "cl"}], "nome": "0:0|cl", "id": 2, "final": false, "indice_oss": 0}], "lista_nodi_uscenti": [{"py/object": "strutture_dati.Nodo", "stati_FA": ["0", "0"], "lista_link": [{"py/object": "strutture_dati.Link", "nome": "L", "FA_i": "S", "FA_f": "B", "buffer": ""}], "nome": "0:0|", "id": 0, "final": true, "indice_oss": 0}, {"py/id": 482}], "lista_cammini": [{"py/object": "strutture_dati.Cammino", "nome": "s3", "nodo_iniziale": {"py/id": 487}, "nodo_finale": {"py/id": 482}, "oss": "\u03b5", "ril": "f1", "chiusura_iniziale": null, "chiusura_finale": null, "nodo_accettazione_raggiunto": null, "etichetta_diagnosi": "\u03b5"}], "id": 0, "final": true, "diagnosi_relativa": "\u03b5"}, "nodo_accettazione_raggiunto": null, "etichetta_diagnosi": "\u03b5"}, {"py/object": "strutture_dati.Cammino", "nome": "b6", "nodo_iniziale": {"py/object": "strutture_dati.Nodo", "stati_FA": ["1", "1"], "lista_link": [{"py/object": "strutture_dati.Link", "nome": "L", "FA_i": "S", "FA_f": "B", "buffer": "op"}], "nome": "1:1|op", "id": 7, "final": false, "indice_oss": 0}, "nodo_finale": {"py/object": "strutture_dati.Nodo", "stati_FA": ["1", "1"], "lista_link": [{"py/object": "strutture_dati.Link", "nome": "L", "FA_i": "S", "FA_f": "B", "buffer": ""}], "nome": "1:1|", "id": 3, "final": true, "indice_oss": 0}, "oss": "nop", "ril": "\u03b5", "chiusura_iniziale": {"py/id": 41}, "chiusura_finale": {"py/object": "strutture_dati.ChiusuraSilenziosa", "nodo_iniziale": {"py/object": "strutture_dati.Nodo", "stati_FA": ["1", "1"], "lista_link": [{"py/object": "strutture_dati.Link", "nome": "L", "FA_i": "S", "FA_f": "B", "buffer": ""}], "nome": "1:1|", "id": 3, "final": true, "indice_oss": 0}, "lista_nodi": [{"py/id": 503}, {"py/object": "strutture_dati.Nodo", "stati_FA": ["1", "1"], "lista_link": [{"py/object": "strutture_dati.Link", "nome": "L", "FA_i": "S", "FA_f": "B", "buffer": "op"}], "nome": "1:1|op", "id": 7, "final": false, "indice_oss": 0}], "lista_nodi_uscenti": [{"py/object": "strutture_dati.Nodo", "stati_FA": ["1", "1"], "lista_link": [{"py/object": "strutture_dati.Link", "nome": "L", "FA_i": "S", "FA_f": "B", "buffer": ""}], "nome": "1:1|", "id": 3, "final": true, "indice_oss": 0}, {"py/id": 508}], "lista_cammini": [{"py/object": "strutture_dati.Cammino", "nome": "s4", "nodo_iniziale": {"py/id": 513}, "nodo_finale": {"py/id": 508}, "oss": "\u03b5", "ril": "f2", "chiusura_iniziale": null, "chiusura_finale": null, "nodo_accettazione_raggiunto": null, "etichetta_diagnosi": "\u03b5"}], "id": 2, "final": true, "diagnosi_relativa": "\u03b5"}, "nodo_accettazione_raggiunto": null, "etichetta_diagnosi": "\u03b5"}, {"py/object": "strutture_dati.Cammino", "nome": "b6", "nodo_iniziale": {"py/object": "strutture_dati.Nodo", "stati_FA": ["1", "1"], "lista_link": [{"py/object": "strutture_dati.Link", "nome": "L", "FA_i": "S", "FA_f": "B", "buffer": "op"}], "nome": "1:1|op", "id": 7, "final": false, "indice_oss": 0}, "nodo_finale": {"py/object": "strutture_dati.Nodo", "stati_FA": ["1", "1"], "lista_link": [{"py/object": "strutture_dati.Link", "nome": "L", "FA_i": "S", "FA_f": "B", "buffer": ""}], "nome": "1:1|", "id": 3, "final": true, "indice_oss": 0}, "oss": "nop", "ril": "\u03b5", "chiusura_iniziale": {"py/id": 122}, "chiusura_finale": {"py/object": "strutture_dati.ChiusuraSilenziosa", "nodo_iniziale": {"py/object": "strutture_dati.Nodo", "stati_FA": ["1", "1"], "lista_link": [{"py/object": "strutture_dati.Link", "nome": "L", "FA_i": "S", "FA_f": "B", "buffer": ""}], "nome": "1:1|", "id": 3, "final": true, "indice_oss": 0}, "lista_nodi": [{"py/id": 529}, {"py/object": "strutture_dati.Nodo", "stati_FA": ["1", "1"], "lista_link": [{"py/object": "strutture_dati.Link", "nome": "L", "FA_i": "S", "FA_f": "B", "buffer": "op"}], "nome": "1:1|op", "id": 7, "final": false, "indice_oss": 0}], "lista_nodi_uscenti": [{"py/object": "strutture_dati.Nodo", "stati_FA": ["1", "1"], "lista_link": [{"py/object": "strutture_dati.Link", "nome": "L", "FA_i": "S", "FA_f": "B", "buffer": ""}], "nome": "1:1|", "id": 3, "final": true, "indice_oss": 0}, {"py/id": 534}], "lista_cammini": [{"py/object": "strutture_dati.Cammino", "nome": "s4", "nodo_iniziale": {"py/id": 539}, "nodo_finale": {"py/id": 534}, "oss": "\u03b5", "ril": "f2", "chiusura_iniziale": null, "chiusura_finale": null, "nodo_accettazione_raggiunto": null, "etichetta_diagnosi": "\u03b5"}], "id": 2, "final": true, "diagnosi_relativa": "\u03b5"}, "nodo_accettazione_raggiunto": null, "etichetta_diagnosi": "\u03b5"}, {"py/object": "strutture_dati.Cammino", "nome": "b8", "nodo_iniziale": {"py/object": "strutture_dati.Nodo", "stati_FA": ["1", "1"], "lista_link": [{"py/object": "strutture_dati.Link", "nome": "L", "FA_i": "S", "FA_f": "B", "buffer": "op"}], "nome": "1:1|op", "id": 7, "final": false, "indice_oss": 0}, "nodo_finale": {"py/object": "strutture_dati.Nodo", "stati_FA": ["1", "0"], "lista_link": [{"py/object": "strutture_dati.Link", "nome": "L", "FA_i": "S", "FA_f": "B", "buffer": ""}], "nome": "1:0|", "id": 4, "final": true, "indice_oss": 0}, "oss": "cls", "ril": "f6", "chiusura_iniziale": {"py/id": 41}, "chiusura_finale": {"py/object": "strutture_dati.ChiusuraSilenziosa", "nodo_iniziale": {"py/id": 550}, "lista_nodi": [{"py/id": 550}, {"py/object": "strutture_dati.Nodo", "stati_FA": ["1", "0"], "lista_link": [{"py/object": "strutture_dati.Link", "nome": "L", "FA_i": "S", "FA_f": "B", "buffer": "op"}], "nome": "1:0|op", "id": 1, "final": false, "indice_oss": 0}], "lista_nodi_uscenti": [{"py/object": "strutture_dati.Nodo", "stati_FA": ["1", "0"], "lista_link": [{"py/object": "strutture_dati.Link", "nome": "L", "FA_i": "S", "FA_f": "B", "buffer": ""}], "nome": "1:0|", "id": 4, "final": true, "indice_oss": 0}, {"py/object": "strutture_dati.Nodo", "stati_FA": ["1", "0"], "lista_link": [{"py/object": "strutture_dati.Link", "nome": "L", "FA_i": "S", "FA_f": "B", "buffer": "op"}], "nome": "1:0|op", "id": 1, "final": false, "indice_oss": 0}], "lista_cammini": [{"py/object": "strutture_dati.Cammino", "nome": "s4", "nodo_iniziale": {"py/id": 561}, "nodo_finale": {"py/id": 556}, "oss": "\u03b5", "ril": "f2", "chiusura_iniziale": null, "chiusura_finale": null, "nodo_accettazione_raggiunto": null, "etichetta_diagnosi": "\u03b5"}, {"py/object": "strutture_dati.Cammino", "nome": "b3", "nodo_iniziale": {"py/id": 565}, "nodo_finale": {"py/id": 561}, "oss": "\u03b5", "ril": "f3", "chiusura_iniziale": null, "chiusura_finale": null, "nodo_accettazione_raggiunto": null, "etichetta_diagnosi": "\u03b5"}], "id": 7, "final": true, "diagnosi_relativa": "\u03b5"}, "nodo_accettazione_raggiunto": null, "etichetta_diagnosi": "\u03b5"}, {"py/object": "strutture_dati.Cammino", "nome": "b8", "nodo_iniziale": {"py/object": "strutture_dati.Nodo", "stati_FA": ["1", "1"], "lista_link": [{"py/object": "strutture_dati.Link", "nome": "L", "FA_i": "S", "FA_f": "B", "buffer": "op"}], "nome": "1:1|op", "id": 7, "final": false, "indice_oss": 0}, "nodo_finale": {"py/object": "strutture_dati.Nodo", "stati_FA": ["1", "0"], "lista_link": [{"py/object": "strutture_dati.Link", "nome": "L", "FA_i": "S", "FA_f": "B", "buffer": ""}], "nome": "1:0|", "id": 4, "final": true, "indice_oss": 0}, "oss": "cls", "ril": "f6", "chiusura_iniziale": {"py/id": 122}, "chiusura_finale": {"py/object": "strutture_dati.ChiusuraSilenziosa", "nodo_iniziale": {"py/id": 577}, "lista_nodi": [{"py/id": 577}, {"py/object": "strutture_dati.Nodo", "stati_FA": ["1", "0"], "lista_link": [{"py/object": "strutture_dati.Link", "nome": "L", "FA_i": "S", "FA_f": "B", "buffer": "op"}], "nome": "1:0|op", "id": 1, "final": false, "indice_oss": 0}], "lista_nodi_uscenti": [{"py/object": "strutture_dati.Nodo", "stati_FA": ["1", "0"], "lista_link": [{"py/object": "strutture_dati.Link", "nome": "L", "FA_i": "S", "FA_f": "B", "buffer": ""}], "nome": "1:0|", "id": 4, "final": true, "indice_oss": 0}, {"py/object": "strutture_dati.Nodo", "stati_FA": ["1", "0"], "lista_link": [{"py/object": "strutture_dati.Link", "nome": "L", "FA_i": "S", "FA_f": "B", "buffer": "op"}], "nome": "1:0|op", "id": 1, "final": false, "indice_oss": 0}], "lista_cammini": [{"py/object": "strutture_dati.Cammino", "nome": "s4", "nodo_iniziale": {"py/id": 588}, "nodo_finale": {"py/id": 583}, "oss": "\u03b5", "ril": "f2", "chiusura_iniziale": null, "chiusura_finale": null, "nodo_accettazione_raggiunto": null, "etichetta_diagnosi": "\u03b5"}, {"py/object": "strutture_dati.Cammino", "nome": "b3", "nodo_iniziale": {"py/id": 592}, "nodo_finale": {"py/id": 588}, "oss": "\u03b5", "ril": "f3", "chiusura_iniziale": null, "chiusura_finale": null, "nodo_accettazione_raggiunto": null, "etichetta_diagnosi": "\u03b5"}], "id": 7, "final": true, "diagnosi_relativa": "\u03b5"}, "nodo_accettazione_raggiunto": null, "etichetta_diagnosi": "\u03b5"}], "nodi_finali": [{"py/object": "strutture_dati.Nodo", "stati_FA": ["0", "0"], "lista_link": [{"py/object": "strutture_dati.Link", "nome": "L", "FA_i": "S", "FA_f": "B", "buffer": ""}], "nome": "0:0|", "id": 0, "final": true, "indice_oss": 0}, {"py/object": "strutture_dati.Nodo", "stati_FA": ["1", "1"], "lista_link": [{"py/object": "strutture_dati.Link", "nome": "L", "FA_i": "S", "FA_f": "B", "buffer": ""}], "nome": "1:1|", "id": 3, "final": true, "indice_oss": 0}, {"py/object": "strutture_dati.Nodo", "stati_FA": ["1", "0"], "lista_link": [{"py/object": "strutture_dati.Link", "nome": "L", "FA_i": "S", "FA_f": "B", "buffer": ""}], "nome": "1:0|", "id": 4, "final": true, "indice_oss": 0}, {"py/object": "strutture_dati.Nodo", "stati_FA": ["0", "1"], "lista_link": [{"py/object": "strutture_dati.Link", "nome": "L", "FA_i": "S", "FA_f": "B", "buffer": ""}], "nome": "0:1|", "id": 5, "final": true, "indice_oss": 0}], "nome_rete": "Rete 3"}