{"py/object": "strutture_dati.SpazioChiusure", "lista_chiusure": [{"py/object": "strutture_dati.ChiusuraSilenziosa", "nodo_iniziale": {"py/object": "strutture_dati.Nodo", "stati_FA": ["S", "0"], "lista_link": [{"py/object": "strutture_dati.Link", "nome": "LAL", "FA_i": "AA", "FA_f": "AL", "buffer": ""}, {"py/object": "strutture_dati.Link", "nome": "LLA", "FA_i": "AL", "FA_f": "AA", "buffer": ""}], "nome": "S:0|:", "id": 0, "final": true, "indice_oss": 0}, "lista_nodi": [{"py/id": 3}], "lista_nodi_uscenti": [{"py/object": "strutture_dati.Nodo", "stati_FA": ["S", "0"], "lista_link": [{"py/object": "strutture_dati.Link", "nome": "LAL", "FA_i": "AA", "FA_f": "AL", "buffer": ""}, {"py/object": "strutture_dati.Link", "nome": "LLA", "FA_i": "AL", "FA_f": "AA", "buffer": ""}], "nome": "S:0|:", "id": 0, "final": true, "indice_oss": 0}], "lista_cammini": [], "id": 0, "final": true, "diagnosi_relativa": "\u03b5"}, {"py/object": "strutture_dati.ChiusuraSilenziosa", "nodo_iniziale": {"py/object": "strutture_dati.Nodo", "stati_FA": ["S", "1"], "lista_link": [{"py/object": "strutture_dati.Link", "nome": "LAL", "FA_i": "AA", "FA_f": "AL", "buffer": ""}, {"py/object": "strutture_dati.Link", "nome": "LLA", "FA_i": "AL", "FA_f": "AA", "buffer": "azione"}], "nome": "S:1|:azione", "id": 1, "final": false, "indice_oss": 0}, "lista_nodi": [{"py/id": 17}, {"py/object": "strutture_dati.Nodo", "stati_FA": ["I", "1"], "lista_link": [{"py/object": "strutture_dati.Link", "nome": "LAL", "FA_i": "AA", "FA_f": "AL", "buffer": "sottraigettone"}, {"py/object": "strutture_dati.Link", "nome": "LLA", "FA_i": "AL", "FA_f": "AA", "buffer": ""}], "nome": "I:1|sottraigettone:", "id": 2, "final": false, "indice_oss": 0}, {"py/object": "strutture_dati.Nodo", "stati_FA": ["S", "0"], "lista_link": [{"py/object": "strutture_dati.Link", "nome": "LAL", "FA_i": "AA", "FA_f": "AL", "buffer": ""}, {"py/object": "strutture_dati.Link", "nome": "LLA", "FA_i": "AL", "FA_f": "AA", "buffer": ""}], "nome": "S:0|:", "id": 0, "final": true, "indice_oss": 0}, {"py/object": "strutture_dati.Nodo", "stati_FA": ["I", "0"], "lista_link": [{"py/object": "strutture_dati.Link", "nome": "LAL", "FA_i": "AA", "FA_f": "AL", "buffer": ""}, {"py/object": "strutture_dati.Link", "nome": "LLA", "FA_i": "AL", "FA_f": "AA", "buffer": ""}], "nome": "I:0|:", "id": 4, "final": true, "indice_oss": 0}], "lista_nodi_uscenti": [{"py/object": "strutture_dati.Nodo", "stati_FA": ["S", "1"], "lista_link": [{"py/object": "strutture_dati.Link", "nome": "LAL", "FA_i": "AA", "FA_f": "AL", "buffer": ""}, {"py/object": "strutture_dati.Link", "nome": "LLA", "FA_i": "AL", "FA_f": "AA", "buffer": "azione"}], "nome": "S:1|:azione", "id": 1, "final": false, "indice_oss": 0}, {"py/object": "strutture_dati.Nodo", "stati_FA": ["S", "0"], "lista_link": [{"py/object": "strutture_dati.Link", "nome": "LAL", "FA_i": "AA", "FA_f": "AL", "buffer": ""}, {"py/object": "strutture_dati.Link", "nome": "LLA", "FA_i": "AL", "FA_f": "AA", "buffer": ""}], "nome": "S:0|:", "id": 0, "final": true, "indice_oss": 0}, {"py/id": 33}], "lista_cammini": [{"py/object": "strutture_dati.Cammino", "nome": "tASI", "nodo_iniziale": {"py/id": 39}, "nodo_finale": {"py/id": 23}, "oss": "\u03b5", "ril": "\u03b5", "chiusura_iniziale": null, "chiusura_finale": null, "nodo_accettazione_raggiunto": null, "etichetta_diagnosi": "\u03b5"}, {"py/object": "strutture_dati.Cammino", "nome": "tL10r", "nodo_iniziale": {"py/id": 39}, "nodo_finale": {"py/id": 28}, "oss": "\u03b5", "ril": "r1", "chiusura_iniziale": null, "chiusura_finale": null, "nodo_accettazione_raggiunto": null, "etichetta_diagnosi": "\u03b5"}, {"py/object": "strutture_dati.Cammino", "nome": "tL10", "nodo_iniziale": {"py/id": 23}, "nodo_finale": {"py/id": 33}, "oss": "\u03b5", "ril": "o2", "chiusura_iniziale": null, "chiusura_finale": null, "nodo_accettazione_raggiunto": null, "etichetta_diagnosi": "\u03b5"}], "id": 1, "final": true, "diagnosi_relativa": "\u03b5"}, {"py/object": "strutture_dati.ChiusuraSilenziosa", "nodo_iniziale": {"py/object": "strutture_dati.Nodo", "stati_FA": ["S", "2"], "lista_link": [{"py/object": "strutture_dati.Link", "nome": "LAL", "FA_i": "AA", "FA_f": "AL", "buffer": ""}, {"py/object": "strutture_dati.Link", "nome": "LLA", "FA_i": "AL", "FA_f": "AA", "buffer": "azione"}], "nome": "S:2|:azione", "id": 3, "final": false, "indice_oss": 0}, "lista_nodi": [{"py/id": 54}, {"py/object": "strutture_dati.Nodo", "stati_FA": ["I", "2"], "lista_link": [{"py/object": "strutture_dati.Link", "nome": "LAL", "FA_i": "AA", "FA_f": "AL", "buffer": "sottraigettone"}, {"py/object": "strutture_dati.Link", "nome": "LLA", "FA_i": "AL", "FA_f": "AA", "buffer": ""}], "nome": "I:2|sottraigettone:", "id": 5, "final": false, "indice_oss": 0}, {"py/object": "strutture_dati.Nodo", "stati_FA": ["S", "0"], "lista_link": [{"py/object": "strutture_dati.Link", "nome": "LAL", "FA_i": "AA", "FA_f": "AL", "buffer": ""}, {"py/object": "strutture_dati.Link", "nome": "LLA", "FA_i": "AL", "FA_f": "AA", "buffer": ""}], "nome": "S:0|:", "id": 0, "final": true, "indice_oss": 0}, {"py/object": "strutture_dati.Nodo", "stati_FA": ["I", "1"], "lista_link": [{"py/object": "strutture_dati.Link", "nome": "LAL", "FA_i": "AA", "FA_f": "AL", "buffer": ""}, {"py/object": "strutture_dati.Link", "nome": "LLA", "FA_i": "AL", "FA_f": "AA", "buffer": "azione"}], "nome": "I:1|:azione", "id": 6, "final": false, "indice_oss": 0}, {"py/object": "strutture_dati.Nodo", "stati_FA": ["R", "1"], "lista_link": [{"py/object": "strutture_dati.Link", "nome": "LAL", "FA_i": "AA", "FA_f": "AL", "buffer": "sottraigettone"}, {"py/object": "strutture_dati.Link", "nome": "LLA", "FA_i": "AL", "FA_f": "AA", "buffer": ""}], "nome": "R:1|sottraigettone:", "id": 7, "final": false, "indice_oss": 0}, {"py/object": "strutture_dati.Nodo", "stati_FA": ["I", "0"], "lista_link": [{"py/object": "strutture_dati.Link", "nome": "LAL", "FA_i": "AA", "FA_f": "AL", "buffer": ""}, {"py/object": "strutture_dati.Link", "nome": "LLA", "FA_i": "AL", "FA_f": "AA", "buffer": ""}], "nome": "I:0|:", "id": 4, "final": true, "indice_oss": 0}, {"py/object": "strutture_dati.Nodo", "stati_FA": ["R", "0"], "lista_link": [{"py/object": "strutture_dati.Link", "nome": "LAL", "FA_i": "AA", "FA_f": "AL", "buffer": ""}, {"py/object": "strutture_dati.Link", "nome": "LLA", "FA_i": "AL", "FA_f": "AA", "buffer": ""}], "nome": "R:0|:", "id": 9, "final": true, "indice_oss": 0}], "lista_nodi_uscenti": [{"py/object": "strutture_dati.Nodo", "stati_FA": ["S", "0"], "lista_link": [{"py/object": "strutture_dati.Link", "nome": "LAL", "FA_i": "AA", "FA_f": "AL", "buffer": ""}, {"py/object": "strutture_dati.Link", "nome": "LLA", "FA_i": "AL", "FA_f": "AA", "buffer": ""}], "nome": "S:0|:", "id": 0, "final": true, "indice_oss": 0}, {"py/object": "strutture_dati.Nodo", "stati_FA": ["I", "1"], "lista_link": [{"py/object": "strutture_dati.Link", "nome": "LAL", "FA_i": "AA", "FA_f": "AL", "buffer": ""}, {"py/object": "strutture_dati.Link", "nome": "LLA", "FA_i": "AL", "FA_f": "AA", "buffer": "azione"}], "nome": "I:1|:azione", "id": 6, "final": false, "indice_oss": 0}, {"py/object": "strutture_dati.Nodo", "stati_FA": ["I", "0"], "lista_link": [{"py/object": "strutture_dati.Link", "nome": "LAL", "FA_i": "AA", "FA_f": "AL", "buffer": ""}, {"py/object": "strutture_dati.Link", "nome": "LLA", "FA_i": "AL", "FA_f": "AA", "buffer": ""}], "nome": "I:0|:", "id": 4, "final": true, "indice_oss": 0}, {"py/id": 85}], "lista_cammini": [{"py/object": "strutture_dati.Cammino", "nome": "tASI", "nodo_iniziale": {"py/object": "strutture_dati.Nodo", "stati_FA": ["S", "2"], "lista_link": [{"py/object": "strutture_dati.Link", "nome": "LAL", "FA_i": "AA", "FA_f": "AL", "buffer": ""}, {"py/object": "strutture_dati.Link", "nome": "LLA", "FA_i": "AL", "FA_f": "AA", "buffer": "azione"}], "nome": "S:2|:azione", "id": 3, "final": false, "indice_oss": 0}, "nodo_finale": {"py/id": 60}, "oss": "\u03b5", "ril": "\u03b5", "chiusura_iniziale": null, "chiusura_finale": null, "nodo_accettazione_raggiunto": null, "etichetta_diagnosi": "\u03b5"}, {"py/object": "strutture_dati.Cammino", "nome": "tL20", "nodo_iniziale": {"py/id": 108}, "nodo_finale": {"py/id": 65}, "oss": "\u03b5", "ril": "r2", "chiusura_iniziale": null, "chiusura_finale": null, "nodo_accettazione_raggiunto": null, "etichetta_diagnosi": "\u03b5"}, {"py/object": "strutture_dati.Cammino", "nome": "tL21", "nodo_iniziale": {"py/id": 60}, "nodo_finale": {"py/id": 70}, "oss": "\u03b5", "ril": "o1", "chiusura_iniziale": null, "chiusura_finale": null, "nodo_accettazione_raggiunto": null, "etichetta_diagnosi": "\u03b5"}, {"py/object": "strutture_dati.Cammino", "nome": "tAIR", "nodo_iniziale": {"py/id": 96}, "nodo_finale": {"py/id": 75}, "oss": "\u03b5", "ril": "\u03b5", "chiusura_iniziale": null, "chiusura_finale": null, "nodo_accettazione_raggiunto": null, "etichetta_diagnosi": "\u03b5"}, {"py/object": "strutture_dati.Cammino", "nome": "tL10r", "nodo_iniziale": {"py/id": 96}, "nodo_finale": {"py/id": 80}, "oss": "\u03b5", "ril": "r1", "chiusura_iniziale": null, "chiusura_finale": null, "nodo_accettazione_raggiunto": null, "etichetta_diagnosi": "\u03b5"}, {"py/object": "strutture_dati.Cammino", "nome": "tL10", "nodo_iniziale": {"py/id": 75}, "nodo_finale": {"py/id": 85}, "oss": "\u03b5", "ril": "o2", "chiusura_iniziale": null, "chiusura_finale": null, "nodo_accettazione_raggiunto": null, "etichetta_diagnosi": "\u03b5"}], "id": 2, "final": true, "diagnosi_relativa": "\u03b5"}, {"py/object": "strutture_dati.ChiusuraSilenziosa", "nodo_iniziale": {"py/object": "strutture_dati.Nodo", "stati_FA": ["I", "1"], "lista_link": [{"py/object": "strutture_dati.Link", "nome": "LAL", "FA_i": "AA", "FA_f": "AL", "buffer": ""}, {"py/object": "strutture_dati.Link", "nome": "LLA", "FA_i": "AL", "FA_f": "AA", "buffer": "azione"}], "nome": "I:1|:azione", "id": 6, "final": false, "indice_oss": 0}, "lista_nodi": [{"py/id": 119}, {"py/object": "strutture_dati.Nodo", "stati_FA": ["R", "1"], "lista_link": [{"py/object": "strutture_dati.Link", "nome": "LAL", "FA_i": "AA", "FA_f": "AL", "buffer": "sottraigettone"}, {"py/object": "strutture_dati.Link", "nome": "LLA", "FA_i": "AL", "FA_f": "AA", "buffer": ""}], "nome": "R:1|sottraigettone:", "id": 7, "final": false, "indice_oss": 0}, {"py/object": "strutture_dati.Nodo", "stati_FA": ["I", "0"], "lista_link": [{"py/object": "strutture_dati.Link", "nome": "LAL", "FA_i": "AA", "FA_f": "AL", "buffer": ""}, {"py/object": "strutture_dati.Link", "nome": "LLA", "FA_i": "AL", "FA_f": "AA", "buffer": ""}], "nome": "I:0|:", "id": 4, "final": true, "indice_oss": 0}, {"py/object": "strutture_dati.Nodo", "stati_FA": ["R", "0"], "lista_link": [{"py/object": "strutture_dati.Link", "nome": "LAL", "FA_i": "AA", "FA_f": "AL", "buffer": ""}, {"py/object": "strutture_dati.Link", "nome": "LLA", "FA_i": "AL", "FA_f": "AA", "buffer": ""}], "nome": "R:0|:", "id": 9, "final": true, "indice_oss": 0}], "lista_nodi_uscenti": [{"py/object": "strutture_dati.Nodo", "stati_FA": ["I", "1"], "lista_link": [{"py/object": "strutture_dati.Link", "nome": "LAL", "FA_i": "AA", "FA_f": "AL", "buffer": ""}, {"py/object": "strutture_dati.Link", "nome": "LLA", "FA_i": "AL", "FA_f": "AA", "buffer": "azione"}], "nome": "I:1|:azione", "id": 6, "final": false, "indice_oss": 0}, {"py/object": "strutture_dati.Nodo", "stati_FA": ["I", "0"], "lista_link": [{"py/object": "strutture_dati.Link", "nome": "LAL", "FA_i": "AA", "FA_f": "AL", "buffer": ""}, {"py/object": "strutture_dati.Link", "nome": "LLA", "FA_i": "AL", "FA_f": "AA", "buffer": ""}], "nome": "I:0|:", "id": 4, "final": true, "indice_oss": 0}, {"py/id": 135}], "lista_cammini": [{"py/object": "strutture_dati.Cammino", "nome": "tAIR", "nodo_iniziale": {"py/id": 141}, "nodo_finale": {"py/id": 125}, "oss": "\u03b5", "ril": "\u03b5", "chiusura_iniziale": null, "chiusura_finale": null, "nodo_accettazione_raggiunto": null, "etichetta_diagnosi": "\u03b5"}, {"py/object": "strutture_dati.Cammino", "nome": "tL10r", "nodo_iniziale": {"py/id": 141}, "nodo_finale": {"py/id": 130}, "oss": "\u03b5", "ril": "r1", "chiusura_iniziale": null, "chiusura_finale": null, "nodo_accettazione_raggiunto": null, "etichetta_diagnosi": "\u03b5"}, {"py/object": "strutture_dati.Cammino", "nome": "tL10", "nodo_iniziale": {"py/id": 125}, "nodo_finale": {"py/id": 135}, "oss": "\u03b5", "ril": "o2", "chiusura_iniziale": null, "chiusura_finale": null, "nodo_accettazione_raggiunto": null, "etichetta_diagnosi": "\u03b5"}], "id": 3, "final": true, "diagnosi_relativa": "\u03b5"}, {"py/object": "strutture_dati.ChiusuraSilenziosa", "nodo_iniziale": {"py/object": "strutture_dati.Nodo", "stati_FA": ["I", "2"], "lista_link": [{"py/object": "strutture_dati.Link", "nome": "LAL", "FA_i": "AA", "FA_f": "AL", "buffer": ""}, {"py/object": "strutture_dati.Link", "nome": "LLA", "FA_i": "AL", "FA_f": "AA", "buffer": "azione"}], "nome": "I:2|:azione", "id": 8, "final": false, "indice_oss": 0}, "lista_nodi": [{"py/id": 156}, {"py/object": "strutture_dati.Nodo", "stati_FA": ["R", "2"], "lista_link": [{"py/object": "strutture_dati.Link", "nome": "LAL", "FA_i": "AA", "FA_f": "AL", "buffer": "sottraigettone"}, {"py/object": "strutture_dati.Link", "nome": "LLA", "FA_i": "AL", "FA_f": "AA", "buffer": ""}], "nome": "R:2|sottraigettone:", "id": 10, "final": false, "indice_oss": 0}, {"py/object": "strutture_dati.Nodo", "stati_FA": ["I", "0"], "lista_link": [{"py/object": "strutture_dati.Link", "nome": "LAL", "FA_i": "AA", "FA_f": "AL", "buffer": ""}, {"py/object": "strutture_dati.Link", "nome": "LLA", "FA_i": "AL", "FA_f": "AA", "buffer": ""}], "nome": "I:0|:", "id": 4, "final": true, "indice_oss": 0}, {"py/object": "strutture_dati.Nodo", "stati_FA": ["R", "1"], "lista_link": [{"py/object": "strutture_dati.Link", "nome": "LAL", "FA_i": "AA", "FA_f": "AL", "buffer": ""}, {"py/object": "strutture_dati.Link", "nome": "LLA", "FA_i": "AL", "FA_f": "AA", "buffer": "azione"}], "nome": "R:1|:azione", "id": 11, "final": false, "indice_oss": 0}, {"py/object": "strutture_dati.Nodo", "stati_FA": ["R", "0"], "lista_link": [{"py/object": "strutture_dati.Link", "nome": "LAL", "FA_i": "AA", "FA_f": "AL", "buffer": ""}, {"py/object": "strutture_dati.Link", "nome": "LLA", "FA_i": "AL", "FA_f": "AA", "buffer": ""}], "nome": "R:0|:", "id": 9, "final": true, "indice_oss": 0}], "lista_nodi_uscenti": [{"py/object": "strutture_dati.Nodo", "stati_FA": ["I", "0"], "lista_link": [{"py/object": "strutture_dati.Link", "nome": "LAL", "FA_i": "AA", "FA_f": "AL", "buffer": ""}, {"py/object": "strutture_dati.Link", "nome": "LLA", "FA_i": "AL", "FA_f": "AA", "buffer": ""}], "nome": "I:0|:", "id": 4, "final": true, "indice_oss": 0}, {"py/object": "strutture_dati.Nodo", "stati_FA": ["R", "1"], "lista_link": [{"py/object": "strutture_dati.Link", "nome": "LAL", "FA_i": "AA", "FA_f": "AL", "buffer": ""}, {"py/object": "strutture_dati.Link", "nome": "LLA", "FA_i": "AL", "FA_f": "AA", "buffer": "azione"}], "nome": "R:1|:azione", "id": 11, "final": false, "indice_oss": 0}, {"py/object": "strutture_dati.Nodo", "stati_FA": ["R", "0"], "lista_link": [{"py/object": "strutture_dati.Link", "nome": "LAL", "FA_i": "AA", "FA_f": "AL", "buffer": ""}, {"py/object": "strutture_dati.Link", "nome": "LLA", "FA_i": "AL", "FA_f": "AA", "buffer": ""}], "nome": "R:0|:", "id": 9, "final": true, "indice_oss": 0}], "lista_cammini": [{"py/object": "strutture_dati.Cammino", "nome": "tAIR", "nodo_iniziale": {"py/object": "strutture_dati.Nodo", "stati_FA": ["I", "2"], "lista_link": [{"py/object": "strutture_dati.Link", "nome": "LAL", "FA_i": "AA", "FA_f": "AL", "buffer": ""}, {"py/object": "strutture_dati.Link", "nome": "LLA", "FA_i": "AL", "FA_f": "AA", "buffer": "azione"}], "nome": "I:2|:azione", "id": 8, "final": false, "indice_oss": 0}, "nodo_finale": {"py/id": 162}, "oss": "\u03b5", "ril": "\u03b5", "chiusura_iniziale": null, "chiusura_finale": null, "nodo_accettazione_raggiunto": null, "etichetta_diagnosi": "\u03b5"}, {"py/object": "strutture_dati.Cammino", "nome": "tL20", "nodo_iniziale": {"py/id": 200}, "nodo_finale": {"py/id": 167}, "oss": "\u03b5", "ril": "r2", "chiusura_iniziale": null, "chiusura_finale": null, "nodo_accettazione_raggiunto": null, "etichetta_diagnosi": "\u03b5"}, {"py/object": "strutture_dati.Cammino", "nome": "tL21", "nodo_iniziale": {"py/id": 162}, "nodo_finale": {"py/id": 172}, "oss": "\u03b5", "ril": "o1", "chiusura_iniziale": null, "chiusura_finale": null, "nodo_accettazione_raggiunto": null, "etichetta_diagnosi": "\u03b5"}, {"py/object": "strutture_dati.Cammino", "nome": "tL10r", "nodo_iniziale": {"py/id": 188}, "nodo_finale": {"py/id": 177}, "oss": "\u03b5", "ril": "r1", "chiusura_iniziale": null, "chiusura_finale": null, "nodo_accettazione_raggiunto": null, "etichetta_diagnosi": "\u03b5"}], "id": 4, "final": true, "diagnosi_relativa": "\u03b5"}, {"py/object": "strutture_dati.ChiusuraSilenziosa", "nodo_iniziale": {"py/object": "strutture_dati.Nodo", "stati_FA": ["R", "1"], "lista_link": [{"py/object": "strutture_dati.Link", "nome": "LAL", "FA_i": "AA", "FA_f": "AL", "buffer": ""}, {"py/object": "strutture_dati.Link", "nome": "LLA", "FA_i": "AL", "FA_f": "AA", "buffer": "azione"}], "nome": "R:1|:azione", "id": 11, "final": false, "indice_oss": 0}, "lista_nodi": [{"py/id": 209}, {"py/object": "strutture_dati.Nodo", "stati_FA": ["R", "0"], "lista_link": [{"py/object": "strutture_dati.Link", "nome": "LAL", "FA_i": "AA", "FA_f": "AL", "buffer": ""}, {"py/object": "strutture_dati.Link", "nome": "LLA", "FA_i": "AL", "FA_f": "AA", "buffer": ""}], "nome": "R:0|:", "id": 9, "final": true, "indice_oss": 0}], "lista_nodi_uscenti": [{"py/object": "strutture_dati.Nodo", "stati_FA": ["R", "1"], "lista_link": [{"py/object": "strutture_dati.Link", "nome": "LAL", "FA_i": "AA", "FA_f": "AL", "buffer": ""}, {"py/object": "strutture_dati.Link", "nome": "LLA", "FA_i": "AL", "FA_f": "AA", "buffer": "azione"}], "nome": "R:1|:azione", "id": 11, "final": false, "indice_oss": 0}, {"py/object": "strutture_dati.Nodo", "stati_FA": ["R", "0"], "lista_link": [{"py/object": "strutture_dati.Link", "nome": "LAL", "FA_i": "AA", "FA_f": "AL", "buffer": ""}, {"py/object": "strutture_dati.Link", "nome": "LLA", "FA_i": "AL", "FA_f": "AA", "buffer": ""}], "nome": "R:0|:", "id": 9, "final": true, "indice_oss": 0}], "lista_cammini": [{"py/object": "strutture_dati.Cammino", "nome": "tL10r", "nodo_iniziale": {"py/id": 221}, "nodo_finale": {"py/id": 215}, "oss": "\u03b5", "ril": "r1", "chiusura_iniziale": null, "chiusura_finale": null, "nodo_accettazione_raggiunto": null, "etichetta_diagnosi": "\u03b5"}], "id": 5, "final": true, "diagnosi_relativa": "\u03b5"}, {"py/object": "strutture_dati.ChiusuraSilenziosa", "nodo_iniziale": {"py/object": "strutture_dati.Nodo", "stati_FA": ["R", "2"], "lista_link": [{"py/object": "strutture_dati.Link", "nome": "LAL", "FA_i": "AA", "FA_f": "AL", "buffer": ""}, {"py/object": "strutture_dati.Link", "nome": "LLA", "FA_i": "AL", "FA_f": "AA", "buffer": "azione"}], "nome": "R:2|:azione", "id": 12, "final": false, "indice_oss": 0}, "lista_nodi": [{"py/id": 234}, {"py/object": "strutture_dati.Nodo", "stati_FA": ["R", "0"], "lista_link": [{"py/object": "strutture_dati.Link", "nome": "LAL", "FA_i": "AA", "FA_f": "AL", "buffer": ""}, {"py/object": "strutture_dati.Link", "nome": "LLA", "FA_i": "AL", "FA_f": "AA", "buffer": ""}], "nome": "R:0|:", "id": 9, "final": true, "indice_oss": 0}], "lista_nodi_uscenti": [{"py/object": "strutture_dati.Nodo", "stati_FA": ["R", "0"], "lista_link": [{"py/object": "strutture_dati.Link", "nome": "LAL", "FA_i": "AA", "FA_f": "AL", "buffer": ""}, {"py/object": "strutture_dati.Link", "nome": "LLA", "FA_i": "AL", "FA_f": "AA", "buffer": ""}], "nome": "R:0|:", "id": 9, "final": true, "indice_oss": 0}], "lista_cammini": [{"py/object": "strutture_dati.Cammino", "nome": "tL20", "nodo_iniziale": {"py/object": "strutture_dati.Nodo", "stati_FA": ["R", "2"], "lista_link": [{"py/object": "strutture_dati.Link", "nome": "LAL", "FA_i": "AA", "FA_f": "AL", "buffer": ""}, {"py/object": "strutture_dati.Link", "nome": "LLA", "FA_i": "AL", "FA_f": "AA", "buffer": "azione"}], "nome": "R:2|:azione", "id": 12, "final": false, "indice_oss": 0}, "nodo_finale": {"py/id": 240}, "oss": "\u03b5", "ril": "r2", "chiusura_iniziale": null, "chiusura_finale": null, "nodo_accettazione_raggiunto": null, "etichetta_diagnosi": "\u03b5"}], "id": 6, "final": true, "diagnosi_relativa": "\u03b5"}], "lista_cammini": [{"py/object": "strutture_dati.Cammino", "nome": "tL01", "nodo_iniziale": {"py/object": "strutture_dati.Nodo", "stati_FA": ["S", "0"], "lista_link": [{"py/object": "strutture_dati.Link", "nome": "LAL", "FA_i": "AA", "FA_f": "AL", "buffer": ""}, {"py/object": "strutture_dati.Link", "nome": "LLA", "FA_i": "AL", "FA_f": "AA", "buffer": ""}], "nome": "S:0|:", "id": 0, "final": true, "indice_oss": 0}, "nodo_finale": {"py/object": "strutture_dati.Nodo", "stati_FA": ["S", "1"], "lista_link": [{"py/object": "strutture_dati.Link", "nome": "LAL", "FA_i": "AA", "FA_f": "AL", "buffer": ""}, {"py/object": "strutture_dati.Link", "nome": "LLA", "FA_i": "AL", "FA_f": "AA", "buffer": "azione"}], "nome": "S:1|:azione", "id": 1, "final": false, "indice_oss": 0}, "oss": "g1", "ril": "\u03b5", "chiusura_iniziale": {"py/id": 2}, "chiusura_finale": {"py/object": "strutture_dati.ChiusuraSilenziosa", "nodo_iniziale": {"py/id": 265}, "lista_nodi": [{"py/id": 265}, {"py/object": "strutture_dati.Nodo", "stati_FA": ["I", "1"], "lista_link": [{"py/object": "strutture_dati.Link", "nome": "LAL", "FA_i": "AA", "FA_f": "AL", "buffer": "sottraigettone"}, {"py/object": "strutture_dati.Link", "nome": "LLA", "FA_i": "AL", "FA_f": "AA", "buffer": ""}], "nome": "I:1|sottraigettone:", "id": 2, "final": false, "indice_oss": 0}, {"py/object": "strutture_dati.Nodo", "stati_FA": ["S", "0"], "lista_link": [{"py/object": "strutture_dati.Link", "nome": "LAL", "FA_i": "AA", "FA_f": "AL", "buffer": ""}, {"py/object": "strutture_dati.Link", "nome": "LLA", "FA_i": "AL", "FA_f": "AA", "buffer": ""}], "nome": "S:0|:", "id": 0, "final": true, "indice_oss": 0}, {"py/object": "strutture_dati.Nodo", "stati_FA": ["I", "0"], "lista_link": [{"py/object": "strutture_dati.Link", "nome": "LAL", "FA_i": "AA", "FA_f": "AL", "buffer": ""}, {"py/object": "strutture_dati.Link", "nome": "LLA", "FA_i": "AL", "FA_f": "AA", "buffer": ""}], "nome": "I:0|:", "id": 4, "final": true, "indice_oss": 0}], "lista_nodi_uscenti": [{"py/object": "strutture_dati.Nodo", "stati_FA": ["S", "1"], "lista_link": [{"py/object": "strutture_dati.Link", "nome": "LAL", "FA_i": "AA", "FA_f": "AL", "buffer": ""}, {"py/object": "strutture_dati.Link", "nome": "LLA", "FA_i": "AL", "FA_f": "AA", "buffer": "azione"}], "nome": "S:1|:azione", "id": 1, "final": false, "indice_oss": 0}, {"py/object": "strutture_dati.Nodo", "stati_FA": ["S", "0"], "lista_link": [{"py/object": "strutture_dati.Link", "nome": "LAL", "FA_i": "AA", "FA_f": "AL", "buffer": ""}, {"py/object": "strutture_dati.Link", "nome": "LLA", "FA_i": "AL", "FA_f": "AA", "buffer": ""}], "nome": "S:0|:", "id": 0, "final": true, "indice_oss": 0}, {"py/id": 282}], "lista_cammini": [{"py/object": "strutture_dati.Cammino", "nome": "tASI", "nodo_iniziale": {"py/id": 288}, "nodo_finale": {"py/id": 272}, "oss": "\u03b5", "ril": "\u03b5", "chiusura_iniziale": null, "chiusura_finale": null, "nodo_accettazione_raggiunto": null, "etichetta_diagnosi": "\u03b5"}, {"py/object": "strutture_dati.Cammino", "nome": "tL10r", "nodo_iniziale": {"py/id": 288}, "nodo_finale": {"py/id": 277}, "oss": "\u03b5", "ril": "r1", "chiusura_iniziale": null, "chiusura_finale": null, "nodo_accettazione_raggiunto": null, "etichetta_diagnosi": "\u03b5"}, {"py/object": "strutture_dati.Cammino", "nome": "tL10", "nodo_iniziale": {"py/id": 272}, "nodo_finale": {"py/id": 282}, "oss": "\u03b5", "ril": "o2", "chiusura_iniziale": null, "chiusura_finale": null, "nodo_accettazione_raggiunto": null, "etichetta_diagnosi": "\u03b5"}], "id": 1, "final": true, "diagnosi_relativa": "\u03b5"}, "nodo_accettazione_raggiunto": null, "etichetta_diagnosi": "\u03b5"}, {"py/object": "strutture_dati.Cammino", "nome": "tL01", "nodo_iniziale": {"py/object": "strutture_dati.Nodo", "stati_FA": ["S", "0"], "lista_link": [{"py/object": "strutture_dati.Link", "nome": "LAL", "FA_i": "AA", "FA_f": "AL", "buffer": ""}, {"py/object": "strutture_dati.Link", "nome": "LLA", "FA_i": "AL", "FA_f": "AA", "buffer": ""}], "nome": "S:0|:", "id": 0, "final": true, "indice_oss": 0}, "nodo_finale": {"py/object": "strutture_dati.Nodo", "stati_FA": ["S", "1"], "lista_link": [{"py/object": "strutture_dati.Link", "nome": "LAL", "FA_i": "AA", "FA_f": "AL", "buffer": ""}, {"py/object": "strutture_dati.Link", "nome": "LLA", "FA_i": "AL", "FA_f": "AA", "buffer": "azione"}], "nome": "S:1|:azione", "id": 1, "final": false, "indice_oss": 0}, "oss": "g1", "ril": "\u03b5", "chiusura_iniziale": {"py/id": 16}, "chiusura_finale": {"py/object": "strutture_dati.ChiusuraSilenziosa", "nodo_iniziale": {"py/id": 308}, "lista_nodi": [{"py/id": 308}, {"py/object": "strutture_dati.Nodo", "stati_FA": ["I", "1"], "lista_link": [{"py/object": "strutture_dati.Link", "nome": "LAL", "FA_i": "AA", "FA_f": "AL", "buffer": "sottraigettone"}, {"py/object": "strutture_dati.Link", "nome": "LLA", "FA_i": "AL", "FA_f": "AA", "buffer": ""}], "nome": "I:1|sottraigettone:", "id": 2, "final": false, "indice_oss": 0}, {"py/object": "strutture_dati.Nodo", "stati_FA": ["S", "0"], "lista_link": [{"py/object": "strutture_dati.Link", "nome": "LAL", "FA_i": "AA", "FA_f": "AL", "buffer": ""}, {"py/object": "strutture_dati.Link", "nome": "LLA", "FA_i": "AL", "FA_f": "AA", "buffer": ""}], "nome": "S:0|:", "id": 0, "final": true, "indice_oss": 0}, {"py/object": "strutture_dati.Nodo", "stati_FA": ["I", "0"], "lista_link": [{"py/object": "strutture_dati.Link", "nome": "LAL", "FA_i": "AA", "FA_f": "AL", "buffer": ""}, {"py/object": "strutture_dati.Link", "nome": "LLA", "FA_i": "AL", "FA_f": "AA", "buffer": ""}], "nome": "I:0|:", "id": 4, "final": true, "indice_oss": 0}], "lista_nodi_uscenti": [{"py/object": "strutture_dati.Nodo", "stati_FA": ["S", "1"], "lista_link": [{"py/object": "strutture_dati.Link", "nome": "LAL", "FA_i": "AA", "FA_f": "AL", "buffer": ""}, {"py/object": "strutture_dati.Link", "nome": "LLA", "FA_i": "AL", "FA_f": "AA", "buffer": "azione"}], "nome": "S:1|:azione", "id": 1, "final": false, "indice_oss": 0}, {"py/object": "strutture_dati.Nodo", "stati_FA": ["S", "0"], "lista_link": [{"py/object": "strutture_dati.Link", "nome": "LAL", "FA_i": "AA", "FA_f": "AL", "buffer": ""}, {"py/object": "strutture_dati.Link", "nome": "LLA", "FA_i": "AL", "FA_f": "AA", "buffer": ""}], "nome": "S:0|:", "id": 0, "final": true, "indice_oss": 0}, {"py/id": 325}], "lista_cammini": [{"py/object": "strutture_dati.Cammino", "nome": "tASI", "nodo_iniziale": {"py/id": 331}, "nodo_finale": {"py/id": 315}, "oss": "\u03b5", "ril": "\u03b5", "chiusura_iniziale": null, "chiusura_finale": null, "nodo_accettazione_raggiunto": null, "etichetta_diagnosi": "\u03b5"}, {"py/object": "strutture_dati.Cammino", "nome": "tL10r", "nodo_iniziale": {"py/id": 331}, "nodo_finale": {"py/id": 320}, "oss": "\u03b5", "ril": "r1", "chiusura_iniziale": null, "chiusura_finale": null, "nodo_accettazione_raggiunto": null, "etichetta_diagnosi": "\u03b5"}, {"py/object": "strutture_dati.Cammino", "nome": "tL10", "nodo_iniziale": {"py/id": 315}, "nodo_finale": {"py/id": 325}, "oss": "\u03b5", "ril": "o2", "chiusura_iniziale": null, "chiusura_finale": null, "nodo_accettazione_raggiunto": null, "etichetta_diagnosi": "\u03b5"}], "id": 1, "final": true, "diagnosi_relativa": "\u03b5"}, "nodo_accettazione_raggiunto": null, "etichetta_diagnosi": "\u03b5"}, {"py/object": "strutture_dati.Cammino", "nome": "tL01", "nodo_iniziale": {"py/object": "strutture_dati.Nodo", "stati_FA": ["S", "0"], "lista_link": [{"py/object": "strutture_dati.Link", "nome": "LAL", "FA_i": "AA", "FA_f": "AL", "buffer": ""}, {"py/object": "strutture_dati.Link", "nome": "LLA", "FA_i": "AL", "FA_f": "AA", "buffer": ""}], "nome": "S:0|:", "id": 0, "final": true, "indice_oss": 0}, "nodo_finale": {"py/object": "strutture_dati.Nodo", "stati_FA": ["S", "1"], "lista_link": [{"py/object": "strutture_dati.Link", "nome": "LAL", "FA_i": "AA", "FA_f": "AL", "buffer": ""}, {"py/object": "strutture_dati.Link", "nome": "LLA", "FA_i": "AL", "FA_f": "AA", "buffer": "azione"}], "nome": "S:1|:azione", "id": 1, "final": false, "indice_oss": 0}, "oss": "g1", "ril": "\u03b5", "chiusura_iniziale": {"py/id": 53}, "chiusura_finale": {"py/object": "strutture_dati.ChiusuraSilenziosa", "nodo_iniziale": {"py/id": 351}, "lista_nodi": [{"py/id": 351}, {"py/object": "strutture_dati.Nodo", "stati_FA": ["I", "1"], "lista_link": [{"py/object": "strutture_dati.Link", "nome": "LAL", "FA_i": "AA", "FA_f": "AL", "buffer": "sottraigettone"}, {"py/object": "strutture_dati.Link", "nome": "LLA", "FA_i": "AL", "FA_f": "AA", "buffer": ""}], "nome": "I:1|sottraigettone:", "id": 2, "final": false, "indice_oss": 0}, {"py/object": "strutture_dati.Nodo", "stati_FA": ["S", "0"], "lista_link": [{"py/object": "strutture_dati.Link", "nome": "LAL", "FA_i": "AA", "FA_f": "AL", "buffer": ""}, {"py/object": "strutture_dati.Link", "nome": "LLA", "FA_i": "AL", "FA_f": "AA", "buffer": ""}], "nome": "S:0|:", "id": 0, "final": true, "indice_oss": 0}, {"py/object": "strutture_dati.Nodo", "stati_FA": ["I", "0"], "lista_link": [{"py/object": "strutture_dati.Link", "nome": "LAL", "FA_i": "AA", "FA_f": "AL", "buffer": ""}, {"py/object": "strutture_dati.Link", "nome": "LLA", "FA_i": "AL", "FA_f": "AA", "buffer": ""}], "nome": "I:0|:", "id": 4, "final": true, "indice_oss": 0}], "lista_nodi_uscenti": [{"py/object": "strutture_dati.Nodo", "stati_FA": ["S", "1"], "lista_link": [{"py/object": "strutture_dati.Link", "nome": "LAL", "FA_i": "AA", "FA_f": "AL", "buffer": ""}, {"py/object": "strutture_dati.Link", "nome": "LLA", "FA_i": "AL", "FA_f": "AA", "buffer": "azione"}], "nome": "S:1|:azione", "id": 1, "final": false, "indice_oss": 0}, {"py/object": "strutture_dati.Nodo", "stati_FA": ["S", "0"], "lista_link": [{"py/object": "strutture_dati.Link", "nome": "LAL", "FA_i": "AA", "FA_f": "AL", "buffer": ""}, {"py/object": "strutture_dati.Link", "nome": "LLA", "FA_i": "AL", "FA_f": "AA", "buffer": ""}], "nome": "S:0|:", "id": 0, "final": true, "indice_oss": 0}, {"py/id": 368}], "lista_cammini": [{"py/object": "strutture_dati.Cammino", "nome": "tASI", "nodo_iniziale": {"py/id": 374}, "nodo_finale": {"py/id": 358}, "oss": "\u03b5", "ril": "\u03b5", "chiusura_iniziale": null, "chiusura_finale": null, "nodo_accettazione_raggiunto": null, "etichetta_diagnosi": "\u03b5"}, {"py/object": "strutture_dati.Cammino", "nome": "tL10r", "nodo_iniziale": {"py/id": 374}, "nodo_finale": {"py/id": 363}, "oss": "\u03b5", "ril": "r1", "chiusura_iniziale": null, "chiusura_finale": null, "nodo_accettazione_raggiunto": null, "etichetta_diagnosi": "\u03b5"}, {"py/object": "strutture_dati.Cammino", "nome": "tL10", "nodo_iniziale": {"py/id": 358}, "nodo_finale": {"py/id": 368}, "oss": "\u03b5", "ril": "o2", "chiusura_iniziale": null, "chiusura_finale": null, "nodo_accettazione_raggiunto": null, "etichetta_diagnosi": "\u03b5"}], "id": 1, "final": true, "diagnosi_relativa": "\u03b5"}, "nodo_accettazione_raggiunto": null, "etichetta_diagnosi": "\u03b5"}, {"py/object": "strutture_dati.Cammino", "nome": "tL12", "nodo_iniziale": {"py/object": "strutture_dati.Nodo", "stati_FA": ["S", "1"], "lista_link": [{"py/object": "strutture_dati.Link", "nome": "LAL", "FA_i": "AA", "FA_f": "AL", "buffer": ""}, {"py/object": "strutture_dati.Link", "nome": "LLA", "FA_i": "AL", "FA_f": "AA", "buffer": "azione"}], "nome": "S:1|:azione", "id": 1, "final": false, "indice_oss": 0}, "nodo_finale": {"py/object": "strutture_dati.Nodo", "stati_FA": ["S", "2"], "lista_link": [{"py/object": "strutture_dati.Link", "nome": "LAL", "FA_i": "AA", "FA_f": "AL", "buffer": ""}, {"py/object": "strutture_dati.Link", "nome": "LLA", "FA_i": "AL", "FA_f": "AA", "buffer": "azione"}], "nome": "S:2|:azione", "id": 3, "final": false, "indice_oss": 0}, "oss": "g2", "ril": "\u03b5", "chiusura_iniziale": {"py/id": 16}, "chiusura_finale": {"py/object": "strutture_dati.ChiusuraSilenziosa", "nodo_iniziale": {"py/id": 394}, "lista_nodi": [{"py/id": 394}, {"py/object": "strutture_dati.Nodo", "stati_FA": ["I", "2"], "lista_link": [{"py/object": "strutture_dati.Link", "nome": "LAL", "FA_i": "AA", "FA_f": "AL", "buffer": "sottraigettone"}, {"py/object": "strutture_dati.Link", "nome": "LLA", "FA_i": "AL", "FA_f": "AA", "buffer": ""}], "nome": "I:2|sottraigettone:", "id": 5, "final": false, "indice_oss": 0}, {"py/object": "strutture_dati.Nodo", "stati_FA": ["S", "0"], "lista_link": [{"py/object": "strutture_dati.Link", "nome": "LAL", "FA_i": "AA", "FA_f": "AL", "buffer": ""}, {"py/object": "strutture_dati.Link", "nome": "LLA", "FA_i": "AL", "FA_f": "AA", "buffer": ""}], "nome": "S:0|:", "id": 0, "final": true, "indice_oss": 0}, {"py/object": "strutture_dati.Nodo", "stati_FA": ["I", "1"], "lista_link": [{"py/object": "strutture_dati.Link", "nome": "LAL", "FA_i": "AA", "FA_f": "AL", "buffer": ""}, {"py/object": "strutture_dati.Link", "nome": "LLA", "FA_i": "AL", "FA_f": "AA", "buffer": "azione"}], "nome": "I:1|:azione", "id": 6, "final": false, "indice_oss": 0}, {"py/object": "strutture_dati.Nodo", "stati_FA": ["R", "1"], "lista_link": [{"py/object": "strutture_dati.Link", "nome": "LAL", "FA_i": "AA", "FA_f": "AL", "buffer": "sottraigettone"}, {"py/object": "strutture_dati.Link", "nome": "LLA", "FA_i": "AL", "FA_f": "AA", "buffer": ""}], "nome": "R:1|sottraigettone:", "id": 7, "final": false, "indice_oss": 0}, {"py/object": "strutture_dati.Nodo", "stati_FA": ["I", "0"], "lista_link": [{"py/object": "strutture_dati.Link", "nome": "LAL", "FA_i": "AA", "FA_f": "AL", "buffer": ""}, {"py/object": "strutture_dati.Link", "nome": "LLA", "FA_i": "AL", "FA_f": "AA", "buffer": ""}], "nome": "I:0|:", "id": 4, "final": true, "indice_oss": 0}, {"py/object": "strutture_dati.Nodo", "stati_FA": ["R", "0"], "lista_link": [{"py/object": "strutture_dati.Link", "nome": "LAL", "FA_i": "AA", "FA_f": "AL", "buffer": ""}, {"py/object": "strutture_dati.Link", "nome": "LLA", "FA_i": "AL", "FA_f": "AA", "buffer": ""}], "nome": "R:0|:", "id": 9, "final": true, "indice_oss": 0}], "lista_nodi_uscenti": [{"py/object": "strutture_dati.Nodo", "stati_FA": ["S", "0"], "lista_link": [{"py/object": "strutture_dati.Link", "nome": "LAL", "FA_i": "AA", "FA_f": "AL", "buffer": ""}, {"py/object": "strutture_dati.Link", "nome": "LLA", "FA_i": "AL", "FA_f": "AA", "buffer": ""}], "nome": "S:0|:", "id": 0, "final": true, "indice_oss": 0}, {"py/object": "strutture_dati.Nodo", "stati_FA": ["I", "1"], "lista_link": [{"py/object": "strutture_dati.Link", "nome": "LAL", "FA_i": "AA", "FA_f": "AL", "buffer": ""}, {"py/object": "strutture_dati.Link", "nome": "LLA", "FA_i": "AL", "FA_f": "AA", "buffer": "azione"}], "nome": "I:1|:azione", "id": 6, "final": false, "indice_oss": 0}, {"py/object": "strutture_dati.Nodo", "stati_FA": ["I", "0"], "lista_link": [{"py/object": "strutture_dati.Link", "nome": "LAL", "FA_i": "AA", "FA_f": "AL", "buffer": ""}, {"py/object": "strutture_dati.Link", "nome": "LLA", "FA_i": "AL", "FA_f": "AA", "buffer": ""}], "nome": "I:0|:", "id": 4, "final": true, "indice_oss": 0}, {"py/id": 426}], "lista_cammini": [{"py/object": "strutture_dati.Cammino", "nome": "tASI", "nodo_iniziale": {"py/object": "strutture_dati.Nodo", "stati_FA": ["S", "2"], "lista_link": [{"py/object": "strutture_dati.Link", "nome": "LAL", "FA_i": "AA", "FA_f": "AL", "buffer": ""}, {"py/object": "strutture_dati.Link", "nome": "LLA", "FA_i": "AL", "FA_f": "AA", "buffer": "azione"}], "nome": "S:2|:azione", "id": 3, "final": false, "indice_oss": 0}, "nodo_finale": {"py/id": 401}, "oss": "\u03b5", "ril": "\u03b5", "chiusura_iniziale": null, "chiusura_finale": null, "nodo_accettazione_raggiunto": null, "etichetta_diagnosi": "\u03b5"}, {"py/object": "strutture_dati.Cammino", "nome": "tL20", "nodo_iniziale": {"py/id": 449}, "nodo_finale": {"py/id": 406}, "oss": "\u03b5", "ril": "r2", "chiusura_iniziale": null, "chiusura_finale": null, "nodo_accettazione_raggiunto": null, "etichetta_diagnosi": "\u03b5"}, {"py/object": "strutture_dati.Cammino", "nome": "tL21", "nodo_iniziale": {"py/id": 401}, "nodo_finale": {"py/id": 411}, "oss": "\u03b5", "ril": "o1", "chiusura_iniziale": null, "chiusura_finale": null, "nodo_accettazione_raggiunto": null, "etichetta_diagnosi": "\u03b5"}, {"py/object": "strutture_dati.Cammino", "nome": "tAIR", "nodo_iniziale": {"py/id": 437}, "nodo_finale": {"py/id": 416}, "oss": "\u03b5", "ril": "\u03b5", "chiusura_iniziale": null, "chiusura_finale": null, "nodo_accettazione_raggiunto": null, "etichetta_diagnosi": "\u03b5"}, {"py/object": "strutture_dati.Cammino", "nome": "tL10r", "nodo_iniziale": {"py/id": 437}, "nodo_finale": {"py/id": 421}, "oss": "\u03b5", "ril": "r1", "chiusura_iniziale": null, "chiusura_finale": null, "nodo_accettazione_raggiunto": null, "etichetta_diagnosi": "\u03b5"}, {"py/object": "strutture_dati.Cammino", "nome": "tL10", "nodo_iniziale": {"py/id": 416}, "nodo_finale": {"py/id": 426}, "oss": "\u03b5", "ril": "o2", "chiusura_iniziale": null, "chiusura_finale": null, "nodo_accettazione_raggiunto": null, "etichetta_diagnosi": "\u03b5"}], "id": 2, "final": true, "diagnosi_relativa": "\u03b5"}, "nodo_accettazione_raggiunto": null, "etichetta_diagnosi": "\u03b5"}, {"py/object": "strutture_dati.Cammino", "nome": "tL01", "nodo_iniziale": {"py/object": "strutture_dati.Nodo", "stati_FA": ["I", "0"], "lista_link": [{"py/object": "strutture_dati.Link", "nome": "LAL", "FA_i": "AA", "FA_f": "AL", "buffer": ""}, {"py/object": "strutture_dati.Link", "nome": "LLA", "FA_i": "AL", "FA_f": "AA", "buffer": ""}], "nome": "I:0|:", "id": 4, "final": true, "indice_oss": 0}, "nodo_finale": {"py/object": "strutture_dati.Nodo", "stati_FA": ["I", "1"], "lista_link": [{"py/object": "strutture_dati.Link", "nome": "LAL", "FA_i": "AA", "FA_f": "AL", "buffer": ""}, {"py/object": "strutture_dati.Link", "nome": "LLA", "FA_i": "AL", "FA_f": "AA", "buffer": "azione"}], "nome": "I:1|:azione", "id": 6, "final": false, "indice_oss": 0}, "oss": "g1", "ril": "\u03b5", "chiusura_iniziale": {"py/id": 16}, "chiusura_finale": {"py/object": "strutture_dati.ChiusuraSilenziosa", "nodo_iniziale": {"py/id": 465}, "lista_nodi": [{"py/id": 465}, {"py/object": "strutture_dati.Nodo", "stati_FA": ["R", "1"], "lista_link": [{"py/object": "strutture_dati.Link", "nome": "LAL", "FA_i": "AA", "FA_f": "AL", "buffer": "sottraigettone"}, {"py/object": "strutture_dati.Link", "nome": "LLA", "FA_i": "AL", "FA_f": "AA", "buffer": ""}], "nome": "R:1|sottraigettone:", "id": 7, "final": false, "indice_oss": 0}, {"py/object": "strutture_dati.Nodo", "stati_FA": ["I", "0"], "lista_link": [{"py/object": "strutture_dati.Link", "nome": "LAL", "FA_i": "AA", "FA_f": "AL", "buffer": ""}, {"py/object": "strutture_dati.Link", "nome": "LLA", "FA_i": "AL", "FA_f": "AA", "buffer": ""}], "nome": "I:0|:", "id": 4, "final": true, "indice_oss": 0}, {"py/object": "strutture_dati.Nodo", "stati_FA": ["R", "0"], "lista_link": [{"py/object": "strutture_dati.Link", "nome": "LAL", "FA_i": "AA", "FA_f": "AL", "buffer": ""}, {"py/object": "strutture_dati.Link", "nome": "LLA", "FA_i": "AL", "FA_f": "AA", "buffer": ""}], "nome": "R:0|:", "id": 9, "final": true, "indice_oss": 0}], "lista_nodi_uscenti": [{"py/object": "strutture_dati.Nodo", "stati_FA": ["I", "1"], "lista_link": [{"py/object": "strutture_dati.Link", "nome": "LAL", "FA_i": "AA", "FA_f": "AL", "buffer": ""}, {"py/object": "strutture_dati.Link", "nome": "LLA", "FA_i": "AL", "FA_f": "AA", "buffer": "azione"}], "nome": "I:1|:azione", "id": 6, "final": false, "indice_oss": 0}, {"py/object": "strutture_dati.Nodo", "stati_FA": ["I", "0"], "lista_link": [{"py/object": "strutture_dati.Link", "nome": "LAL", "FA_i": "AA", "FA_f": "AL", "buffer": ""}, {"py/object": "strutture_dati.Link", "nome": "LLA", "FA_i": "AL", "FA_f": "AA", "buffer": ""}], "nome": "I:0|:", "id": 4, "final": true, "indice_oss": 0}, {"py/id": 482}], "lista_cammini": [{"py/object": "strutture_dati.Cammino", "nome": "tAIR", "nodo_iniziale": {"py/id": 488}, "nodo_finale": {"py/id": 472}, "oss": "\u03b5", "ril": "\u03b5", "chiusura_iniziale": null, "chiusura_finale": null, "nodo_accettazione_raggiunto": null, "etichetta_diagnosi": "\u03b5"}, {"py/object": "strutture_dati.Cammino", "nome": "tL10r", "nodo_iniziale": {"py/id": 488}, "nodo_finale": {"py/id": 477}, "oss": "\u03b5", "ril": "r1", "chiusura_iniziale": null, "chiusura_finale": null, "nodo_accettazione_raggiunto": null, "etichetta_diagnosi": "\u03b5"}, {"py/object": "strutture_dati.Cammino", "nome": "tL10", "nodo_iniziale": {"py/id": 472}, "nodo_finale": {"py/id": 482}, "oss": "\u03b5", "ril": "o2", "chiusura_iniziale": null, "chiusura_finale": null, "nodo_accettazione_raggiunto": null, "etichetta_diagnosi": "\u03b5"}], "id": 3, "final": true, "diagnosi_relativa": "\u03b5"}, "nodo_accettazione_raggiunto": null, "etichetta_diagnosi": "\u03b5"}, {"py/object": "strutture_dati.Cammino", "nome": "tL01", "nodo_iniziale": {"py/object": "strutture_dati.Nodo", "stati_FA": ["I", "0"], "lista_link": [{"py/object": "strutture_dati.Link", "nome": "LAL", "FA_i": "AA", "FA_f": "AL", "buffer": ""}, {"py/object": "strutture_dati.Link", "nome": "LLA", "FA_i": "AL", "FA_f": "AA", "buffer": ""}], "nome": "I:0|:", "id": 4, "final": true, "indice_oss": 0}, "nodo_finale": {"py/object": "strutture_dati.Nodo", "stati_FA": ["I", "1"], "lista_link": [{"py/object": "strutture_dati.Link", "nome": "LAL", "FA_i": "AA", "FA_f": "AL", "buffer": ""}, {"py/object": "strutture_dati.Link", "nome": "LLA", "FA_i": "AL", "FA_f": "AA", "buffer": "azione"}], "nome": "I:1|:azione", "id": 6, "final": false, "indice_oss": 0}, "oss": "g1", "ril": "\u03b5", "chiusura_iniziale": {"py/id": 53}, "chiusura_finale": {"py/object": "strutture_dati.ChiusuraSilenziosa", "nodo_iniziale": {"py/id": 508}, "lista_nodi": [{"py/id": 508}, {"py/object": "strutture_dati.Nodo", "stati_FA": ["R", "1"], "lista_link": [{"py/object": "strutture_dati.Link", "nome": "LAL", "FA_i": "AA", "FA_f": "AL", "buffer": "sottraigettone"}, {"py/object": "strutture_dati.Link", "nome": "LLA", "FA_i": "AL", "FA_f": "AA", "buffer": ""}], "nome": "R:1|sottraigettone:", "id": 7, "final": false, "indice_oss": 0}, {"py/object": "strutture_dati.Nodo", "stati_FA": ["I", "0"], "lista_link": [{"py/object": "strutture_dati.Link", "nome": "LAL", "FA_i": "AA", "FA_f": "AL", "buffer": ""}, {"py/object": "strutture_dati.Link", "nome": "LLA", "FA_i": "AL", "FA_f": "AA", "buffer": ""}], "nome": "I:0|:", "id": 4, "final": true, "indice_oss": 0}, {"py/object": "strutture_dati.Nodo", "stati_FA": ["R", "0"], "lista_link": [{"py/object": "strutture_dati.Link", "nome": "LAL", "FA_i": "AA", "FA_f": "AL", "buffer": ""}, {"py/object": "strutture_dati.Link", "nome": "LLA", "FA_i": "AL", "FA_f": "AA", "buffer": ""}], "nome": "R:0|:", "id": 9, "final": true, "indice_oss": 0}], "lista_nodi_uscenti": [{"py/object": "strutture_dati.Nodo", "stati_FA": ["I", "1"], "lista_link": [{"py/object": "strutture_dati.Link", "nome": "LAL", "FA_i": "AA", "FA_f": "AL", "buffer": ""}, {"py/object": "strutture_dati.Link", "nome": "LLA", "FA_i": "AL", "FA_f": "AA", "buffer": "azione"}], "nome": "I:1|:azione", "id": 6, "final": false, "indice_oss": 0}, {"py/object": "strutture_dati.Nodo", "stati_FA": ["I", "0"], "lista_link": [{"py/object": "strutture_dati.Link", "nome": "LAL", "FA_i": "AA", "FA_f": "AL", "buffer": ""}, {"py/object": "strutture_dati.Link", "nome": "LLA", "FA_i": "AL", "FA_f": "AA", "buffer": ""}], "nome": "I:0|:", "id": 4, "final": true, "indice_oss": 0}, {"py/id": 525}], "lista_cammini": [{"py/object": "strutture_dati.Cammino", "nome": "tAIR", "nodo_iniziale": {"py/id": 531}, "nodo_finale": {"py/id": 515}, "oss": "\u03b5", "ril": "\u03b5", "chiusura_iniziale": null, "chiusura_finale": null, "nodo_accettazione_raggiunto": null, "etichetta_diagnosi": "\u03b5"}, {"py/object": "strutture_dati.Cammino", "nome": "tL10r", "nodo_iniziale": {"py/id": 531}, "nodo_finale": {"py/id": 520}, "oss": "\u03b5", "ril": "r1", "chiusura_iniziale": null, "chiusura_finale": null, "nodo_accettazione_raggiunto": null, "etichetta_diagnosi": "\u03b5"}, {"py/object": "strutture_dati.Cammino", "nome": "tL10", "nodo_iniziale": {"py/id": 515}, "nodo_finale": {"py/id": 525}, "oss": "\u03b5", "ril": "o2", "chiusura_iniziale": null, "chiusura_finale": null, "nodo_accettazione_raggiunto": null, "etichetta_diagnosi": "\u03b5"}], "id": 3, "final": true, "diagnosi_relativa": "\u03b5"}, "nodo_accettazione_raggiunto": null, "etichetta_diagnosi": "\u03b5"}, {"py/object": "strutture_dati.Cammino", "nome": "tL01", "nodo_iniziale": {"py/object": "strutture_dati.Nodo", "stati_FA": ["I", "0"], "lista_link": [{"py/object": "strutture_dati.Link", "nome": "LAL", "FA_i": "AA", "FA_f": "AL", "buffer": ""}, {"py/object": "strutture_dati.Link", "nome": "LLA", "FA_i": "AL", "FA_f": "AA", "buffer": ""}], "nome": "I:0|:", "id": 4, "final": true, "indice_oss": 0}, "nodo_finale": {"py/object": "strutture_dati.Nodo", "stati_FA": ["I", "1"], "lista_link": [{"py/object": "strutture_dati.Link", "nome": "LAL", "FA_i": "AA", "FA_f": "AL", "buffer": ""}, {"py/object": "strutture_dati.Link", "nome": "LLA", "FA_i": "AL", "FA_f": "AA", "buffer": "azione"}], "nome": "I:1|:azione", "id": 6, "final": false, "indice_oss": 0}, "oss": "g1", "ril": "\u03b5", "chiusura_iniziale": {"py/id": 118}, "chiusura_finale": {"py/object": "strutture_dati.ChiusuraSilenziosa", "nodo_iniziale": {"py/id": 551}, "lista_nodi": [{"py/id": 551}, {"py/object": "strutture_dati.Nodo", "stati_FA": ["R", "1"], "lista_link": [{"py/object": "strutture_dati.Link", "nome": "LAL", "FA_i": "AA", "FA_f": "AL", "buffer": "sottraigettone"}, {"py/object": "strutture_dati.Link", "nome": "LLA", "FA_i": "AL", "FA_f": "AA", "buffer": ""}], "nome": "R:1|sottraigettone:", "id": 7, "final": false, "indice_oss": 0}, {"py/object": "strutture_dati.Nodo", "stati_FA": ["I", "0"], "lista_link": [{"py/object": "strutture_dati.Link", "nome": "LAL", "FA_i": "AA", "FA_f": "AL", "buffer": ""}, {"py/object": "strutture_dati.Link", "nome": "LLA", "FA_i": "AL", "FA_f": "AA", "buffer": ""}], "nome": "I:0|:", "id": 4, "final": true, "indice_oss": 0}, {"py/object": "strutture_dati.Nodo", "stati_FA": ["R", "0"], "lista_link": [{"py/object": "strutture_dati.Link", "nome": "LAL", "FA_i": "AA", "FA_f": "AL", "buffer": ""}, {"py/object": "strutture_dati.Link", "nome": "LLA", "FA_i": "AL", "FA_f": "AA", "buffer": ""}], "nome": "R:0|:", "id": 9, "final": true, "indice_oss": 0}], "lista_nodi_uscenti": [{"py/object": "strutture_dati.Nodo", "stati_FA": ["I", "1"], "lista_link": [{"py/object": "strutture_dati.Link", "nome": "LAL", "FA_i": "AA", "FA_f": "AL", "buffer": ""}, {"py/object": "strutture_dati.Link", "nome": "LLA", "FA_i": "AL", "FA_f": "AA", "buffer": "azione"}], "nome": "I:1|:azione", "id": 6, "final": false, "indice_oss": 0}, {"py/object": "strutture_dati.Nodo", "stati_FA": ["I", "0"], "lista_link": [{"py/object": "strutture_dati.Link", "nome": "LAL", "FA_i": "AA", "FA_f": "AL", "buffer": ""}, {"py/object": "strutture_dati.Link", "nome": "LLA", "FA_i": "AL", "FA_f": "AA", "buffer": ""}], "nome": "I:0|:", "id": 4, "final": true, "indice_oss": 0}, {"py/id": 568}], "lista_cammini": [{"py/object": "strutture_dati.Cammino", "nome": "tAIR", "nodo_iniziale": {"py/id": 574}, "nodo_finale": {"py/id": 558}, "oss": "\u03b5", "ril": "\u03b5", "chiusura_iniziale": null, "chiusura_finale": null, "nodo_accettazione_raggiunto": null, "etichetta_diagnosi": "\u03b5"}, {"py/object": "strutture_dati.Cammino", "nome": "tL10r", "nodo_iniziale": {"py/id": 574}, "nodo_finale": {"py/id": 563}, "oss": "\u03b5", "ril": "r1", "chiusura_iniziale": null, "chiusura_finale": null, "nodo_accettazione_raggiunto": null, "etichetta_diagnosi": "\u03b5"}, {"py/object": "strutture_dati.Cammino", "nome": "tL10", "nodo_iniziale": {"py/id": 558}, "nodo_finale": {"py/id": 568}, "oss": "\u03b5", "ril": "o2", "chiusura_iniziale": null, "chiusura_finale": null, "nodo_accettazione_raggiunto": null, "etichetta_diagnosi": "\u03b5"}], "id": 3, "final": true, "diagnosi_relativa": "\u03b5"}, "nodo_accettazione_raggiunto": null, "etichetta_diagnosi": "\u03b5"}, {"py/object": "strutture_dati.Cammino", "nome": "tL01", "nodo_iniziale": {"py/object": "strutture_dati.Nodo", "stati_FA": ["I", "0"], "lista_link": [{"py/object": "strutture_dati.Link", "nome": "LAL", "FA_i": "AA", "FA_f": "AL", "buffer": ""}, {"py/object": "strutture_dati.Link", "nome": "LLA", "FA_i": "AL", "FA_f": "AA", "buffer": ""}], "nome": "I:0|:", "id": 4, "final": true, "indice_oss": 0}, "nodo_finale": {"py/object": "strutture_dati.Nodo", "stati_FA": ["I", "1"], "lista_link": [{"py/object": "strutture_dati.Link", "nome": "LAL", "FA_i": "AA", "FA_f": "AL", "buffer": ""}, {"py/object": "strutture_dati.Link", "nome": "LLA", "FA_i": "AL", "FA_f": "AA", "buffer": "azione"}], "nome": "I:1|:azione", "id": 6, "final": false, "indice_oss": 0}, "oss": "g1", "ril": "\u03b5", "chiusura_iniziale": {"py/id": 155}, "chiusura_finale": {"py/object": "strutture_dati.ChiusuraSilenziosa", "nodo_iniziale": {"py/id": 594}, "lista_nodi": [{"py/id": 594}, {"py/object": "strutture_dati.Nodo", "stati_FA": ["R", "1"], "lista_link": [{"py/object": "strutture_dati.Link", "nome": "LAL", "FA_i": "AA", "FA_f": "AL", "buffer": "sottraigettone"}, {"py/object": "strutture_dati.Link", "nome": "LLA", "FA_i": "AL", "FA_f": "AA", "buffer": ""}], "nome": "R:1|sottraigettone:", "id": 7, "final": false, "indice_oss": 0}, {"py/object": "strutture_dati.Nodo", "stati_FA": ["I", "0"], "lista_link": [{"py/object": "strutture_dati.Link", "nome": "LAL", "FA_i": "AA", "FA_f": "AL", "buffer": ""}, {"py/object": "strutture_dati.Link", "nome": "LLA", "FA_i": "AL", "FA_f": "AA", "buffer": ""}], "nome": "I:0|:", "id": 4, "final": true, "indice_oss": 0}, {"py/object": "strutture_dati.Nodo", "stati_FA": ["R", "0"], "lista_link": [{"py/object": "strutture_dati.Link", "nome": "LAL", "FA_i": "AA", "FA_f": "AL", "buffer": ""}, {"py/object": "strutture_dati.Link", "nome": "LLA", "FA_i": "AL", "FA_f": "AA", "buffer": ""}], "nome": "R:0|:", "id": 9, "final": true, "indice_oss": 0}], "lista_nodi_uscenti": [{"py/object": "strutture_dati.Nodo", "stati_FA": ["I", "1"], "lista_link": [{"py/object": "strutture_dati.Link", "nome": "LAL", "FA_i": "AA", "FA_f": "AL", "buffer": ""}, {"py/object": "strutture_dati.Link", "nome": "LLA", "FA_i": "AL", "FA_f": "AA", "buffer": "azione"}], "nome": "I:1|:azione", "id": 6, "final": false, "indice_oss": 0}, {"py/object": "strutture_dati.Nodo", "stati_FA": ["I", "0"], "lista_link": [{"py/object": "strutture_dati.Link", "nome": "LAL", "FA_i": "AA", "FA_f": "AL", "buffer": ""}, {"py/object": "strutture_dati.Link", "nome": "LLA", "FA_i": "AL", "FA_f": "AA", "buffer": ""}], "nome": "I:0|:", "id": 4, "final": true, "indice_oss": 0}, {"py/id": 611}], "lista_cammini": [{"py/object": "strutture_dati.Cammino", "nome": "tAIR", "nodo_iniziale": {"py/id": 617}, "nodo_finale": {"py/id": 601}, "oss": "\u03b5", "ril": "\u03b5", "chiusura_iniziale": null, "chiusura_finale": null, "nodo_accettazione_raggiunto": null, "etichetta_diagnosi": "\u03b5"}, {"py/object": "strutture_dati.Cammino", "nome": "tL10r", "nodo_iniziale": {"py/id": 617}, "nodo_finale": {"py/id": 606}, "oss": "\u03b5", "ril": "r1", "chiusura_iniziale": null, "chiusura_finale": null, "nodo_accettazione_raggiunto": null, "etichetta_diagnosi": "\u03b5"}, {"py/object": "strutture_dati.Cammino", "nome": "tL10", "nodo_iniziale": {"py/id": 601}, "nodo_finale": {"py/id": 611}, "oss": "\u03b5", "ril": "o2", "chiusura_iniziale": null, "chiusura_finale": null, "nodo_accettazione_raggiunto": null, "etichetta_diagnosi": "\u03b5"}], "id": 3, "final": true, "diagnosi_relativa": "\u03b5"}, "nodo_accettazione_raggiunto": null, "etichetta_diagnosi": "\u03b5"}, {"py/object": "strutture_dati.Cammino", "nome": "tL12", "nodo_iniziale": {"py/object": "strutture_dati.Nodo", "stati_FA": ["I", "1"], "lista_link": [{"py/object": "strutture_dati.Link", "nome": "LAL", "FA_i": "AA", "FA_f": "AL", "buffer": ""}, {"py/object": "strutture_dati.Link", "nome": "LLA", "FA_i": "AL", "FA_f": "AA", "buffer": "azione"}], "nome": "I:1|:azione", "id": 6, "final": false, "indice_oss": 0}, "nodo_finale": {"py/object": "strutture_dati.Nodo", "stati_FA": ["I", "2"], "lista_link": [{"py/object": "strutture_dati.Link", "nome": "LAL", "FA_i": "AA", "FA_f": "AL", "buffer": ""}, {"py/object": "strutture_dati.Link", "nome": "LLA", "FA_i": "AL", "FA_f": "AA", "buffer": "azione"}], "nome": "I:2|:azione", "id": 8, "final": false, "indice_oss": 0}, "oss": "g2", "ril": "\u03b5", "chiusura_iniziale": {"py/id": 53}, "chiusura_finale": {"py/object": "strutture_dati.ChiusuraSilenziosa", "nodo_iniziale": {"py/id": 637}, "lista_nodi": [{"py/id": 637}, {"py/object": "strutture_dati.Nodo", "stati_FA": ["R", "2"], "lista_link": [{"py/object": "strutture_dati.Link", "nome": "LAL", "FA_i": "AA", "FA_f": "AL", "buffer": "sottraigettone"}, {"py/object": "strutture_dati.Link", "nome": "LLA", "FA_i": "AL", "FA_f": "AA", "buffer": ""}], "nome": "R:2|sottraigettone:", "id": 10, "final": false, "indice_oss": 0}, {"py/object": "strutture_dati.Nodo", "stati_FA": ["I", "0"], "lista_link": [{"py/object": "strutture_dati.Link", "nome": "LAL", "FA_i": "AA", "FA_f": "AL", "buffer": ""}, {"py/object": "strutture_dati.Link", "nome": "LLA", "FA_i": "AL", "FA_f": "AA", "buffer": ""}], "nome": "I:0|:", "id": 4, "final": true, "indice_oss": 0}, {"py/object": "strutture_dati.Nodo", "stati_FA": ["R", "1"], "lista_link": [{"py/object": "strutture_dati.Link", "nome": "LAL", "FA_i": "AA", "FA_f": "AL", "buffer": ""}, {"py/object": "strutture_dati.Link", "nome": "LLA", "FA_i": "AL", "FA_f": "AA", "buffer": "azione"}], "nome": "R:1|:azione", "id": 11, "final": false, "indice_oss": 0}, {"py/object": "strutture_dati.Nodo", "stati_FA": ["R", "0"], "lista_link": [{"py/object": "strutture_dati.Link", "nome": "LAL", "FA_i": "AA", "FA_f": "AL", "buffer": ""}, {"py/object": "strutture_dati.Link", "nome": "LLA", "FA_i": "AL", "FA_f": "AA", "buffer": ""}], "nome": "R:0|:", "id": 9, "final": true, "indice_oss": 0}], "lista_nodi_uscenti": [{"py/object": "strutture_dati.Nodo", "stati_FA": ["I", "0"], "lista_link": [{"py/object": "strutture_dati.Link", "nome": "LAL", "FA_i": "AA", "FA_f": "AL", "buffer": ""}, {"py/object": "strutture_dati.Link", "nome": "LLA", "FA_i": "AL", "FA_f": "AA", "buffer": ""}], "nome": "I:0|:", "id": 4, "final": true, "indice_oss": 0}, {"py/object": "strutture_dati.Nodo", "stati_FA": ["R", "1"], "lista_link": [{"py/object": "strutture_dati.Link", "nome": "LAL", "FA_i": "AA", "FA_f": "AL", "buffer": ""}, {"py/object": "strutture_dati.Link", "nome": "LLA", "FA_i": "AL", "FA_f": "AA", "buffer": "azione"}], "nome": "R:1|:azione", "id": 11, "final": false, "indice_oss": 0}, {"py/object": "strutture_dati.Nodo", "stati_FA": ["R", "0"], "lista_link": [{"py/object": "strutture_dati.Link", "nome": "LAL", "FA_i": "AA", "FA_f": "AL", "buffer": ""}, {"py/object": "strutture_dati.Link", "nome": "LLA", "FA_i": "AL", "FA_f": "AA", "buffer": ""}], "nome": "R:0|:", "id": 9, "final": true, "indice_oss": 0}], "lista_cammini": [{"py/object": "strutture_dati.Cammino", "nome": "tAIR", "nodo_iniziale": {"py/object": "strutture_dati.Nodo", "stati_FA": ["I", "2"], "lista_link": [{"py/object": "strutture_dati.Link", "nome": "LAL", "FA_i": "AA", "FA_f": "AL", "buffer": ""}, {"py/object": "strutture_dati.Link", "nome": "LLA", "FA_i": "AL", "FA_f": "AA", "buffer": "azione"}], "nome": "I:2|:azione", "id": 8, "final": false, "indice_oss": 0}, "nodo_finale": {"py/id": 644}, "oss": "\u03b5", "ril": "\u03b5", "chiusura_iniziale": null, "chiusura_finale": null, "nodo_accettazione_raggiunto": null, "etichetta_diagnosi": "\u03b5"}, {"py/object": "strutture_dati.Cammino", "nome": "tL20", "nodo_iniziale": {"py/id": 682}, "nodo_finale": {"py/id": 649}, "oss": "\u03b5", "ril": "r2", "chiusura_iniziale": null, "chiusura_finale": null, "nodo_accettazione_raggiunto": null, "etichetta_diagnosi": "\u03b5"}, {"py/object": "strutture_dati.Cammino", "nome": "tL21", "nodo_iniziale": {"py/id": 644}, "nodo_finale": {"py/id": 654}, "oss": "\u03b5", "ril": "o1", "chiusura_iniziale": null, "chiusura_finale": null, "nodo_accettazione_raggiunto": null, "etichetta_diagnosi": "\u03b5"}, {"py/object": "strutture_dati.Cammino", "nome": "tL10r", "nodo_iniziale": {"py/id": 670}, "nodo_finale": {"py/id": 659}, "oss": "\u03b5", "ril": "r1", "chiusura_iniziale": null, "chiusura_finale": null, "nodo_accettazione_raggiunto": null, "etichetta_diagnosi": "\u03b5"}], "id": 4, "final": true, "diagnosi_relativa": "\u03b5"}, "nodo_accettazione_raggiunto": null, "etichetta_diagnosi": "\u03b5"}, {"py/object": "strutture_dati.Cammino", "nome": "tL12", "nodo_iniziale": {"py/object": "strutture_dati.Nodo", "stati_FA": ["I", "1"], "lista_link": [{"py/object": "strutture_dati.Link", "nome": "LAL", "FA_i": "AA", "FA_f": "AL", "buffer": ""}, {"py/object": "strutture_dati.Link", "nome": "LLA", "FA_i": "AL", "FA_f": "AA", "buffer": "azione"}], "nome": "I:1|:azione", "id": 6, "final": false, "indice_oss": 0}, "nodo_finale": {"py/object": "strutture_dati.Nodo", "stati_FA": ["I", "2"], "lista_link": [{"py/object": "strutture_dati.Link", "nome": "LAL", "FA_i": "AA", "FA_f": "AL", "buffer": ""}, {"py/object": "strutture_dati.Link", "nome": "LLA", "FA_i": "AL", "FA_f": "AA", "buffer": "azione"}], "nome": "I:2|:azione", "id": 8, "final": false, "indice_oss": 0}, "oss": "g2", "ril": "\u03b5", "chiusura_iniziale": {"py/id": 118}, "chiusura_finale": {"py/object": "strutture_dati.ChiusuraSilenziosa", "nodo_iniziale": {"py/id": 696}, "lista_nodi": [{"py/id": 696}, {"py/object": "strutture_dati.Nodo", "stati_FA": ["R", "2"], "lista_link": [{"py/object": "strutture_dati.Link", "nome": "LAL", "FA_i": "AA", "FA_f": "AL", "buffer": "sottraigettone"}, {"py/object": "strutture_dati.Link", "nome": "LLA", "FA_i": "AL", "FA_f": "AA", "buffer": ""}], "nome": "R:2|sottraigettone:", "id": 10, "final": false, "indice_oss": 0}, {"py/object": "strutture_dati.Nodo", "stati_FA": ["I", "0"], "lista_link": [{"py/object": "strutture_dati.Link", "nome": "LAL", "FA_i": "AA", "FA_f": "AL", "buffer": ""}, {"py/object": "strutture_dati.Link", "nome": "LLA", "FA_i": "AL", "FA_f": "AA", "buffer": ""}], "nome": "I:0|:", "id": 4, "final": true, "indice_oss": 0}, {"py/object": "strutture_dati.Nodo", "stati_FA": ["R", "1"], "lista_link": [{"py/object": "strutture_dati.Link", "nome": "LAL", "FA_i": "AA", "FA_f": "AL", "buffer": ""}, {"py/object": "strutture_dati.Link", "nome": "LLA", "FA_i": "AL", "FA_f": "AA", "buffer": "azione"}], "nome": "R:1|:azione", "id": 11, "final": false, "indice_oss": 0}, {"py/object": "strutture_dati.Nodo", "stati_FA": ["R", "0"], "lista_link": [{"py/object": "strutture_dati.Link", "nome": "LAL", "FA_i": "AA", "FA_f": "AL", "buffer": ""}, {"py/object": "strutture_dati.Link", "nome": "LLA", "FA_i": "AL", "FA_f": "AA", "buffer": ""}], "nome": "R:0|:", "id": 9, "final": true, "indice_oss": 0}], "lista_nodi_uscenti": [{"py/object": "strutture_dati.Nodo", "stati_FA": ["I", "0"], "lista_link": [{"py/object": "strutture_dati.Link", "nome": "LAL", "FA_i": "AA", "FA_f": "AL", "buffer": ""}, {"py/object": "strutture_dati.Link", "nome": "LLA", "FA_i": "AL", "FA_f": "AA", "buffer": ""}], "nome": "I:0|:", "id": 4, "final": true, "indice_oss": 0}, {"py/object": "strutture_dati.Nodo", "stati_FA": ["R", "1"], "lista_link": [{"py/object": "strutture_dati.Link", "nome": "LAL", "FA_i": "AA", "FA_f": "AL", "buffer": ""}, {"py/object": "strutture_dati.Link", "nome": "LLA", "FA_i": "AL", "FA_f": "AA", "buffer": "azione"}], "nome": "R:1|:azione", "id": 11, "final": false, "indice_oss": 0}, {"py/object": "strutture_dati.Nodo", "stati_FA": ["R", "0"], "lista_link": [{"py/object": "strutture_dati.Link", "nome": "LAL", "FA_i": "AA", "FA_f": "AL", "buffer": ""}, {"py/object": "strutture_dati.Link", "nome": "LLA", "FA_i": "AL", "FA_f": "AA", "buffer": ""}], "nome": "R:0|:", "id": 9, "final": true, "indice_oss": 0}], "lista_cammini": [{"py/object": "strutture_dati.Cammino", "nome": "tAIR", "nodo_iniziale": {"py/object": "strutture_dati.Nodo", "stati_FA": ["I", "2"], "lista_link": [{"py/object": "strutture_dati.Link", "nome": "LAL", "FA_i": "AA", "FA_f": "AL", "buffer": ""}, {"py/object": "strutture_dati.Link", "nome": "LLA", "FA_i": "AL", "FA_f": "AA", "buffer": "azione"}], "nome": "I:2|:azione", "id": 8, "final": false, "indice_oss": 0}, "nodo_finale": {"py/id": 703}, "oss": "\u03b5", "ril": "\u03b5", "chiusura_iniziale": null, "chiusura_finale": null, "nodo_accettazione_raggiunto": null, "etichetta_diagnosi": "\u03b5"}, {"py/object": "strutture_dati.Cammino", "nome": "tL20", "nodo_iniziale": {"py/id": 741}, "nodo_finale": {"py/id": 708}, "oss": "\u03b5", "ril": "r2", "chiusura_iniziale": null, "chiusura_finale": null, "nodo_accettazione_raggiunto": null, "etichetta_diagnosi": "\u03b5"}, {"py/object": "strutture_dati.Cammino", "nome": "tL21", "nodo_iniziale": {"py/id": 703}, "nodo_finale": {"py/id": 713}, "oss": "\u03b5", "ril": "o1", "chiusura_iniziale": null, "chiusura_finale": null, "nodo_accettazione_raggiunto": null, "etichetta_diagnosi": "\u03b5"}, {"py/object": "strutture_dati.Cammino", "nome": "tL10r", "nodo_iniziale": {"py/id": 729}, "nodo_finale": {"py/id": 718}, "oss": "\u03b5", "ril": "r1", "chiusura_iniziale": null, "chiusura_finale": null, "nodo_accettazione_raggiunto": null, "etichetta_diagnosi": "\u03b5"}], "id": 4, "final": true, "diagnosi_relativa": "\u03b5"}, "nodo_accettazione_raggiunto": null, "etichetta_diagnosi": "\u03b5"}, {"py/object": "strutture_dati.Cammino", "nome": "tL01", "nodo_iniziale": {"py/object": "strutture_dati.Nodo", "stati_FA": ["R", "0"], "lista_link": [{"py/object": "strutture_dati.Link", "nome": "LAL", "FA_i": "AA", "FA_f": "AL", "buffer": ""}, {"py/object": "strutture_dati.Link", "nome": "LLA", "FA_i": "AL", "FA_f": "AA", "buffer": ""}], "nome": "R:0|:", "id": 9, "final": true, "indice_oss": 0}, "nodo_finale": {"py/object": "strutture_dati.Nodo", "stati_FA": ["R", "1"], "lista_link": [{"py/object": "strutture_dati.Link", "nome": "LAL", "FA_i": "AA", "FA_f": "AL", "buffer": ""}, {"py/object": "strutture_dati.Link", "nome": "LLA", "FA_i": "AL", "FA_f": "AA", "buffer": "azione"}], "nome": "R:1|:azione", "id": 11, "final": false, "indice_oss": 0}, "oss": "g1", "ril": "\u03b5", "chiusura_iniziale": {"py/id": 53}, "chiusura_finale": {"py/object": "strutture_dati.ChiusuraSilenziosa", "nodo_iniziale": {"py/id": 755}, "lista_nodi": [{"py/id": 755}, {"py/object": "strutture_dati.Nodo", "stati_FA": ["R", "0"], "lista_link": [{"py/object": "strutture_dati.Link", "nome": "LAL", "FA_i": "AA", "FA_f": "AL", "buffer": ""}, {"py/object": "strutture_dati.Link", "nome": "LLA", "FA_i": "AL", "FA_f": "AA", "buffer": ""}], "nome": "R:0|:", "id": 9, "final": true, "indice_oss": 0}], "lista_nodi_uscenti": [{"py/object": "strutture_dati.Nodo", "stati_FA": ["R", "1"], "lista_link": [{"py/object": "strutture_dati.Link", "nome": "LAL", "FA_i": "AA", "FA_f": "AL", "buffer": ""}, {"py/object": "strutture_dati.Link", "nome": "LLA", "FA_i": "AL", "FA_f": "AA", "buffer": "azione"}], "nome": "R:1|:azione", "id": 11, "final": false, "indice_oss": 0}, {"py/object": "strutture_dati.Nodo", "stati_FA": ["R", "0"], "lista_link": [{"py/object": "strutture_dati.Link", "nome": "LAL", "FA_i": "AA", "FA_f": "AL", "buffer": ""}, {"py/object": "strutture_dati.Link", "nome": "LLA", "FA_i": "AL", "FA_f": "AA", "buffer": ""}], "nome": "R:0|:", "id": 9, "final": true, "indice_oss": 0}], "lista_cammini": [{"py/object": "strutture_dati.Cammino", "nome": "tL10r", "nodo_iniziale": {"py/id": 768}, "nodo_finale": {"py/id": 762}, "oss": "\u03b5", "ril": "r1", "chiusura_iniziale": null, "chiusura_finale": null, "nodo_accettazione_raggiunto": null, "etichetta_diagnosi": "\u03b5"}], "id": 5, "final": true, "diagnosi_relativa": "\u03b5"}, "nodo_accettazione_raggiunto": null, "etichetta_diagnosi": "\u03b5"}, {"py/object": "strutture_dati.Cammino", "nome": "tL01", "nodo_iniziale": {"py/object": "strutture_dati.Nodo", "stati_FA": ["R", "0"], "lista_link": [{"py/object": "strutture_dati.Link", "nome": "LAL", "FA_i": "AA", "FA_f": "AL", "buffer": ""}, {"py/object": "strutture_dati.Link", "nome": "LLA", "FA_i": "AL", "FA_f": "AA", "buffer": ""}], "nome": "R:0|:", "id": 9, "final": true, "indice_oss": 0}, "nodo_finale": {"py/object": "strutture_dati.Nodo", "stati_FA": ["R", "1"], "lista_link": [{"py/object": "strutture_dati.Link", "nome": "LAL", "FA_i": "AA", "FA_f": "AL", "buffer": ""}, {"py/object": "strutture_dati.Link", "nome": "LLA", "FA_i": "AL", "FA_f": "AA", "buffer": "azione"}], "nome": "R:1|:azione", "id": 11, "final": false, "indice_oss": 0}, "oss": "g1", "ril": "\u03b5", "chiusura_iniziale": {"py/id": 118}, "chiusura_finale": {"py/object": "strutture_dati.ChiusuraSilenziosa", "nodo_iniziale": {"py/id": 786}, "lista_nodi": [{"py/id": 786}, {"py/object": "strutture_dati.Nodo", "stati_FA": ["R", "0"], "lista_link": [{"py/object": "strutture_dati.Link", "nome": "LAL", "FA_i": "AA", "FA_f": "AL", "buffer": ""}, {"py/object": "strutture_dati.Link", "nome": "LLA", "FA_i": "AL", "FA_f": "AA", "buffer": ""}], "nome": "R:0|:", "id": 9, "final": true, "indice_oss": 0}], "lista_nodi_uscenti": [{"py/object": "strutture_dati.Nodo", "stati_FA": ["R", "1"], "lista_link": [{"py/object": "strutture_dati.Link", "nome": "LAL", "FA_i": "AA", "FA_f": "AL", "buffer": ""}, {"py/object": "strutture_dati.Link", "nome": "LLA", "FA_i": "AL", "FA_f": "AA", "buffer": "azione"}], "nome": "R:1|:azione", "id": 11, "final": false, "indice_oss": 0}, {"py/object": "strutture_dati.Nodo", "stati_FA": ["R", "0"], "lista_link": [{"py/object": "strutture_dati.Link", "nome": "LAL", "FA_i": "AA", "FA_f": "AL", "buffer": ""}, {"py/object": "strutture_dati.Link", "nome": "LLA", "FA_i": "AL", "FA_f": "AA", "buffer": ""}], "nome": "R:0|:", "id": 9, "final": true, "indice_oss": 0}], "lista_cammini": [{"py/object": "strutture_dati.Cammino", "nome": "tL10r", "nodo_iniziale": {"py/id": 799}, "nodo_finale": {"py/id": 793}, "oss": "\u03b5", "ril": "r1", "chiusura_iniziale": null, "chiusura_finale": null, "nodo_accettazione_raggiunto": null, "etichetta_diagnosi": "\u03b5"}], "id": 5, "final": true, "diagnosi_relativa": "\u03b5"}, "nodo_accettazione_raggiunto": null, "etichetta_diagnosi": "\u03b5"}, {"py/object": "strutture_dati.Cammino", "nome": "tL01", "nodo_iniziale": {"py/object": "strutture_dati.Nodo", "stati_FA": ["R", "0"], "lista_link": [{"py/object": "strutture_dati.Link", "nome": "LAL", "FA_i": "AA", "FA_f": "AL", "buffer": ""}, {"py/object": "strutture_dati.Link", "nome": "LLA", "FA_i": "AL", "FA_f": "AA", "buffer": ""}], "nome": "R:0|:", "id": 9, "final": true, "indice_oss": 0}, "nodo_finale": {"py/object": "strutture_dati.Nodo", "stati_FA": ["R", "1"], "lista_link": [{"py/object": "strutture_dati.Link", "nome": "LAL", "FA_i": "AA", "FA_f": "AL", "buffer": ""}, {"py/object": "strutture_dati.Link", "nome": "LLA", "FA_i": "AL", "FA_f": "AA", "buffer": "azione"}], "nome": "R:1|:azione", "id": 11, "final": false, "indice_oss": 0}, "oss": "g1", "ril": "\u03b5", "chiusura_iniziale": {"py/id": 155}, "chiusura_finale": {"py/object": "strutture_dati.ChiusuraSilenziosa", "nodo_iniziale": {"py/id": 817}, "lista_nodi": [{"py/id": 817}, {"py/object": "strutture_dati.Nodo", "stati_FA": ["R", "0"], "lista_link": [{"py/object": "strutture_dati.Link", "nome": "LAL", "FA_i": "AA", "FA_f": "AL", "buffer": ""}, {"py/object": "strutture_dati.Link", "nome": "LLA", "FA_i": "AL", "FA_f": "AA", "buffer": ""}], "nome": "R:0|:", "id": 9, "final": true, "indice_oss": 0}], "lista_nodi_uscenti": [{"py/object": "strutture_dati.Nodo", "stati_FA": ["R", "1"], "lista_link": [{"py/object": "strutture_dati.Link", "nome": "LAL", "FA_i": "AA", "FA_f": "AL", "buffer": ""}, {"py/object": "strutture_dati.Link", "nome": "LLA", "FA_i": "AL", "FA_f": "AA", "buffer": "azione"}], "nome": "R:1|:azione", "id": 11, "final": false, "indice_oss": 0}, {"py/object": "strutture_dati.Nodo", "stati_FA": ["R", "0"], "lista_link": [{"py/object": "strutture_dati.Link", "nome": "LAL", "FA_i": "AA", "FA_f": "AL", "buffer": ""}, {"py/object": "strutture_dati.Link", "nome": "LLA", "FA_i": "AL", "FA_f": "AA", "buffer": ""}], "nome": "R:0|:", "id": 9, "final": true, "indice_oss": 0}], "lista_cammini": [{"py/object": "strutture_dati.Cammino", "nome": "tL10r", "nodo_iniziale": {"py/id": 830}, "nodo_finale": {"py/id": 824}, "oss": "\u03b5", "ril": "r1", "chiusura_iniziale": null, "chiusura_finale": null, "nodo_accettazione_raggiunto": null, "etichetta_diagnosi": "\u03b5"}], "id": 5, "final": true, "diagnosi_relativa": "\u03b5"}, "nodo_accettazione_raggiunto": null, "etichetta_diagnosi": "\u03b5"}, {"py/object": "strutture_dati.Cammino", "nome": "tL01", "nodo_iniziale": {"py/object": "strutture_dati.Nodo", "stati_FA": ["R", "0"], "lista_link": [{"py/object": "strutture_dati.Link", "nome": "LAL", "FA_i": "AA", "FA_f": "AL", "buffer": ""}, {"py/object": "strutture_dati.Link", "nome": "LLA", "FA_i": "AL", "FA_f": "AA", "buffer": ""}], "nome": "R:0|:", "id": 9, "final": true, "indice_oss": 0}, "nodo_finale": {"py/object": "strutture_dati.Nodo", "stati_FA": ["R", "1"], "lista_link": [{"py/object": "strutture_dati.Link", "nome": "LAL", "FA_i": "AA", "FA_f": "AL", "buffer": ""}, {"py/object": "strutture_dati.Link", "nome": "LLA", "FA_i": "AL", "FA_f": "AA", "buffer": "azione"}], "nome": "R:1|:azione", "id": 11, "final": false, "indice_oss": 0}, "oss": "g1", "ril": "\u03b5", "chiusura_iniziale": {"py/id": 208}, "chiusura_finale": {"py/object": "strutture_dati.ChiusuraSilenziosa", "nodo_iniziale": {"py/id": 848}, "lista_nodi": [{"py/id": 848}, {"py/object": "strutture_dati.Nodo", "stati_FA": ["R", "0"], "lista_link": [{"py/object": "strutture_dati.Link", "nome": "LAL", "FA_i": "AA", "FA_f": "AL", "buffer": ""}, {"py/object": "strutture_dati.Link", "nome": "LLA", "FA_i": "AL", "FA_f": "AA", "buffer": ""}], "nome": "R:0|:", "id": 9, "final": true, "indice_oss": 0}], "lista_nodi_uscenti": [{"py/object": "strutture_dati.Nodo", "stati_FA": ["R", "1"], "lista_link": [{"py/object": "strutture_dati.Link", "nome": "LAL", "FA_i": "AA", "FA_f": "AL", "buffer": ""}, {"py/object": "strutture_dati.Link", "nome": "LLA", "FA_i": "AL", "FA_f": "AA", "buffer": "azione"}], "nome": "R:1|:azione", "id": 11, "final": false, "indice_oss": 0}, {"py/object": "strutture_dati.Nodo", "stati_FA": ["R", "0"], "lista_link": [{"py/object": "strutture_dati.Link", "nome": "LAL", "FA_i": "AA", "FA_f": "AL", "buffer": ""}, {"py/object": "strutture_dati.Link", "nome": "LLA", "FA_i": "AL", "FA_f": "AA", "buffer": ""}], "nome": "R:0|:", "id": 9, "final": true, "indice_oss": 0}], "lista_cammini": [{"py/object": "strutture_dati.Cammino", "nome": "tL10r", "nodo_iniziale": {"py/id": 861}, "nodo_finale": {"py/id": 855}, "oss": "\u03b5", "ril": "r1", "chiusura_iniziale": null, "chiusura_finale": null, "nodo_accettazione_raggiunto": null, "etichetta_diagnosi": "\u03b5"}], "id": 5, "final": true, "diagnosi_relativa": "\u03b5"}, "nodo_accettazione_raggiunto": null, "etichetta_diagnosi": "\u03b5"}, {"py/object": "strutture_dati.Cammino", "nome": "tL01", "nodo_iniziale": {"py/object": "strutture_dati.Nodo", "stati_FA": ["R", "0"], "lista_link": [{"py/object": "strutture_dati.Link", "nome": "LAL", "FA_i": "AA", "FA_f": "AL", "buffer": ""}, {"py/object": "strutture_dati.Link", "nome": "LLA", "FA_i": "AL", "FA_f": "AA", "buffer": ""}], "nome": "R:0|:", "id": 9, "final": true, "indice_oss": 0}, "nodo_finale": {"py/object": "strutture_dati.Nodo", "stati_FA": ["R", "1"], "lista_link": [{"py/object": "strutture_dati.Link", "nome": "LAL", "FA_i": "AA", "FA_f": "AL", "buffer": ""}, {"py/object": "strutture_dati.Link", "nome": "LLA", "FA_i": "AL", "FA_f": "AA", "buffer": "azione"}], "nome": "R:1|:azione", "id": 11, "final": false, "indice_oss": 0}, "oss": "g1", "ril": "\u03b5", "chiusura_iniziale": {"py/id": 233}, "chiusura_finale": {"py/object": "strutture_dati.ChiusuraSilenziosa", "nodo_iniziale": {"py/id": 879}, "lista_nodi": [{"py/id": 879}, {"py/object": "strutture_dati.Nodo", "stati_FA": ["R", "0"], "lista_link": [{"py/object": "strutture_dati.Link", "nome": "LAL", "FA_i": "AA", "FA_f": "AL", "buffer": ""}, {"py/object": "strutture_dati.Link", "nome": "LLA", "FA_i": "AL", "FA_f": "AA", "buffer": ""}], "nome": "R:0|:", "id": 9, "final": true, "indice_oss": 0}], "lista_nodi_uscenti": [{"py/object": "strutture_dati.Nodo", "stati_FA": ["R", "1"], "lista_link": [{"py/object": "strutture_dati.Link", "nome": "LAL", "FA_i": "AA", "FA_f": "AL", "buffer": ""}, {"py/object": "strutture_dati.Link", "nome": "LLA", "FA_i": "AL", "FA_f": "AA", "buffer": "azione"}], "nome": "R:1|:azione", "id": 11, "final": false, "indice_oss": 0}, {"py/object": "strutture_dati.Nodo", "stati_FA": ["R", "0"], "lista_link": [{"py/object": "strutture_dati.Link", "nome": "LAL", "FA_i": "AA", "FA_f": "AL", "buffer": ""}, {"py/object": "strutture_dati.Link", "nome": "LLA", "FA_i": "AL", "FA_f": "AA", "buffer": ""}], "nome": "R:0|:", "id": 9, "final": true, "indice_oss": 0}], "lista_cammini": [{"py/object": "strutture_dati.Cammino", "nome": "tL10r", "nodo_iniziale": {"py/id": 892}, "nodo_finale": {"py/id": 886}, "oss": "\u03b5", "ril": "r1", "chiusura_iniziale": null, "chiusura_finale": null, "nodo_accettazione_raggiunto": null, "etichetta_diagnosi": "\u03b5"}], "id": 5, "final": true, "diagnosi_relativa": "\u03b5"}, "nodo_accettazione_raggiunto": null, "etichetta_diagnosi": "\u03b5"}, {"py/object": "strutture_dati.Cammino", "nome": "tL12", "nodo_iniziale": {"py/object": "strutture_dati.Nodo", "stati_FA": ["R", "1"], "lista_link": [{"py/object": "strutture_dati.Link", "nome": "LAL", "FA_i": "AA", "FA_f": "AL", "buffer": ""}, {"py/object": "strutture_dati.Link", "nome": "LLA", "FA_i": "AL", "FA_f": "AA", "buffer": "azione"}], "nome": "R:1|:azione", "id": 11, "final": false, "indice_oss": 0}, "nodo_finale": {"py/object": "strutture_dati.Nodo", "stati_FA": ["R", "2"], "lista_link": [{"py/object": "strutture_dati.Link", "nome": "LAL", "FA_i": "AA", "FA_f": "AL", "buffer": ""}, {"py/object": "strutture_dati.Link", "nome": "LLA", "FA_i": "AL", "FA_f": "AA", "buffer": "azione"}], "nome": "R:2|:azione", "id": 12, "final": false, "indice_oss": 0}, "oss": "g2", "ril": "\u03b5", "chiusura_iniziale": {"py/id": 155}, "chiusura_finale": {"py/object": "strutture_dati.ChiusuraSilenziosa", "nodo_iniziale": {"py/id": 910}, "lista_nodi": [{"py/id": 910}, {"py/object": "strutture_dati.Nodo", "stati_FA": ["R", "0"], "lista_link": [{"py/object": "strutture_dati.Link", "nome": "LAL", "FA_i": "AA", "FA_f": "AL", "buffer": ""}, {"py/object": "strutture_dati.Link", "nome": "LLA", "FA_i": "AL", "FA_f": "AA", "buffer": ""}], "nome": "R:0|:", "id": 9, "final": true, "indice_oss": 0}], "lista_nodi_uscenti": [{"py/object": "strutture_dati.Nodo", "stati_FA": ["R", "0"], "lista_link": [{"py/object": "strutture_dati.Link", "nome": "LAL", "FA_i": "AA", "FA_f": "AL", "buffer": ""}, {"py/object": "strutture_dati.Link", "nome": "LLA", "FA_i": "AL", "FA_f": "AA", "buffer": ""}], "nome": "R:0|:", "id": 9, "final": true, "indice_oss": 0}], "lista_cammini": [{"py/object": "strutture_dati.Cammino", "nome": "tL20", "nodo_iniziale": {"py/object": "strutture_dati.Nodo", "stati_FA": ["R", "2"], "lista_link": [{"py/object": "strutture_dati.Link", "nome": "LAL", "FA_i": "AA", "FA_f": "AL", "buffer": ""}, {"py/object": "strutture_dati.Link", "nome": "LLA", "FA_i": "AL", "FA_f": "AA", "buffer": "azione"}], "nome": "R:2|:azione", "id": 12, "final": false, "indice_oss": 0}, "nodo_finale": {"py/id": 917}, "oss": "\u03b5", "ril": "r2", "chiusura_iniziale": null, "chiusura_finale": null, "nodo_accettazione_raggiunto": null, "etichetta_diagnosi": "\u03b5"}], "id": 6, "final": true, "diagnosi_relativa": "\u03b5"}, "nodo_accettazione_raggiunto": null, "etichetta_diagnosi": "\u03b5"}, {"py/object": "strutture_dati.Cammino", "nome": "tL12", "nodo_iniziale": {"py/object": "strutture_dati.Nodo", "stati_FA": ["R", "1"], "lista_link": [{"py/object": "strutture_dati.Link", "nome": "LAL", "FA_i": "AA", "FA_f": "AL", "buffer": ""}, {"py/object": "strutture_dati.Link", "nome": "LLA", "FA_i": "AL", "FA_f": "AA", "buffer": "azione"}], "nome": "R:1|:azione", "id": 11, "final": false, "indice_oss": 0}, "nodo_finale": {"py/object": "strutture_dati.Nodo", "stati_FA": ["R", "2"], "lista_link": [{"py/object": "strutture_dati.Link", "nome": "LAL", "FA_i": "AA", "FA_f": "AL", "buffer": ""}, {"py/object": "strutture_dati.Link", "nome": "LLA", "FA_i": "AL", "FA_f": "AA", "buffer": "azione"}], "nome": "R:2|:azione", "id": 12, "final": false, "indice_oss": 0}, "oss": "g2", "ril": "\u03b5", "chiusura_iniziale": {"py/id": 208}, "chiusura_finale": {"py/object": "strutture_dati.ChiusuraSilenziosa", "nodo_iniziale": {"py/id": 941}, "lista_nodi": [{"py/id": 941}, {"py/object": "strutture_dati.Nodo", "stati_FA": ["R", "0"], "lista_link": [{"py/object": "strutture_dati.Link", "nome": "LAL", "FA_i": "AA", "FA_f": "AL", "buffer": ""}, {"py/object": "strutture_dati.Link", "nome": "LLA", "FA_i": "AL", "FA_f": "AA", "buffer": ""}], "nome": "R:0|:", "id": 9, "final": true, "indice_oss": 0}], "lista_nodi_uscenti": [{"py/object": "strutture_dati.Nodo", "stati_FA": ["R", "0"], "lista_link": [{"py/object": "strutture_dati.Link", "nome": "LAL", "FA_i": "AA", "FA_f": "AL", "buffer": ""}, {"py/object": "strutture_dati.Link", "nome": "LLA", "FA_i": "AL", "FA_f": "AA", "buffer": ""}], "nome": "R:0|:", "id": 9, "final": true, "indice_oss": 0}], "lista_cammini": [{"py/object": "strutture_dati.Cammino", "nome": "tL20", "nodo_iniziale": {"py/object": "strutture_dati.Nodo", "stati_FA": ["R", "2"], "lista_link": [{"py/object": "strutture_dati.Link", "nome": "LAL", "FA_i": "AA", "FA_f": "AL", "buffer": ""}, {"py/object": "strutture_dati.Link", "nome": "LLA", "FA_i": "AL", "FA_f": "AA", "buffer": "azione"}], "nome": "R:2|:azione", "id": 12, "final": false, "indice_oss": 0}, "nodo_finale": {"py/id": 948}, "oss": "\u03b5", "ril": "r2", "chiusura_iniziale": null, "chiusura_finale": null, "nodo_accettazione_raggiunto": null, "etichetta_diagnosi": "\u03b5"}], "id": 6, "final": true, "diagnosi_relativa": "\u03b5"}, "nodo_accettazione_raggiunto": null, "etichetta_diagnosi": "\u03b5"}], "nodi_finali": [{"py/object": "strutture_dati.Nodo", "stati_FA": ["S", "0"], "lista_link": [{"py/object": "strutture_dati.Link", "nome": "LAL", "FA_i": "AA", "FA_f": "AL", "buffer": ""}, {"py/object": "strutture_dati.Link", "nome": "LLA", "FA_i": "AL", "FA_f": "AA", "buffer": ""}], "nome": "S:0|:", "id": 0, "final": true, "indice_oss": 0}, {"py/object": "strutture_dati.Nodo", "stati_FA": ["I", "0"], "lista_link": [{"py/object": "strutture_dati.Link", "nome": "LAL", "FA_i": "AA", "FA_f": "AL", "buffer": ""}, {"py/object": "strutture_dati.Link", "nome": "LLA", "FA_i": "AL", "FA_f": "AA", "buffer": ""}], "nome": "I:0|:", "id": 4, "final": true, "indice_oss": 0}, {"py/object": "strutture_dati.Nodo", "stati_FA": ["R", "0"], "lista_link": [{"py/object": "strutture_dati.Link", "nome": "LAL", "FA_i": "AA", "FA_f": "AL", "buffer": ""}, {"py/object": "strutture_dati.Link", "nome": "LLA", "FA_i": "AL", "FA_f": "AA", "buffer": ""}], "nome": "R:0|:", "id": 9, "final": true, "indice_oss": 0}], "nome_rete": "Caso di studio - Autolavaggio"}