{"py/object": "strutture_dati.SpazioComportamentale", "nodo_iniziale": {"py/object": "strutture_dati.Nodo", "stati_FA": ["20", "30"], "lista_link": [{"py/object": "strutture_dati.Link", "nome": "L2", "FA_i": "C3", "FA_f": "C2", "buffer": ""}, {"py/object": "strutture_dati.Link", "nome": "L3", "FA_i": "C2", "FA_f": "C3", "buffer": ""}], "nome": "20:30|:", "id": 0, "final": true, "indice_oss": 0}, "lista_nodi": [{"py/object": "strutture_dati.Nodo", "stati_FA": ["20", "30"], "lista_link": [{"py/object": "strutture_dati.Link", "nome": "L2", "FA_i": "C3", "FA_f": "C2", "buffer": ""}, {"py/object": "strutture_dati.Link", "nome": "L3", "FA_i": "C2", "FA_f": "C3", "buffer": ""}], "nome": "20:30|:", "id": 0, "final": true, "indice_oss": 0}, {"py/object": "strutture_dati.Nodo", "stati_FA": ["20", "31"], "lista_link": [{"py/object": "strutture_dati.Link", "nome": "L2", "FA_i": "C3", "FA_f": "C2", "buffer": "e2"}, {"py/object": "strutture_dati.Link", "nome": "L3", "FA_i": "C2", "FA_f": "C3", "buffer": ""}], "nome": "20:31|e2:", "id": 1, "final": false, "indice_oss": 0}, {"py/object": "strutture_dati.Nodo", "stati_FA": ["21", "31"], "lista_link": [{"py/object": "strutture_dati.Link", "nome": "L2", "FA_i": "C3", "FA_f": "C2", "buffer": ""}, {"py/object": "strutture_dati.Link", "nome": "L3", "FA_i": "C2", "FA_f": "C3", "buffer": "e3"}], "nome": "21:31|:e3", "id": 2, "final": false, "indice_oss": 0}, {"py/object": "strutture_dati.Nodo", "stati_FA": ["21", "30"], "lista_link": [{"py/object": "strutture_dati.Link", "nome": "L2", "FA_i": "C3", "FA_f": "C2", "buffer": ""}, {"py/object": "strutture_dati.Link", "nome": "L3", "FA_i": "C2", "FA_f": "C3", "buffer": ""}], "nome": "21:30|:", "id": 3, "final": true, "indice_oss": 0}, {"py/object": "strutture_dati.Nodo", "stati_FA": ["21", "31"], "lista_link": [{"py/object": "strutture_dati.Link", "nome": "L2", "FA_i": "C3", "FA_f": "C2", "buffer": ""}, {"py/object": "strutture_dati.Link", "nome": "L3", "FA_i": "C2", "FA_f": "C3", "buffer": ""}], "nome": "21:31|:", "id": 4, "final": true, "indice_oss": 0}, {"py/object": "strutture_dati.Nodo", "stati_FA": ["20", "30"], "lista_link": [{"py/object": "strutture_dati.Link", "nome": "L2", "FA_i": "C3", "FA_f": "C2", "buffer": ""}, {"py/object": "strutture_dati.Link", "nome": "L3", "FA_i": "C2", "FA_f": "C3", "buffer": "e3"}], "nome": "20:30|:e3", "id": 5, "final": false, "indice_oss": 0}, {"py/object": "strutture_dati.Nodo", "stati_FA": ["21", "31"], "lista_link": [{"py/object": "strutture_dati.Link", "nome": "L2", "FA_i": "C3", "FA_f": "C2", "buffer": "e2"}, {"py/object": "strutture_dati.Link", "nome": "L3", "FA_i": "C2", "FA_f": "C3", "buffer": ""}], "nome": "21:31|e2:", "id": 6, "final": false, "indice_oss": 0}, {"py/object": "strutture_dati.Nodo", "stati_FA": ["20", "31"], "lista_link": [{"py/object": "strutture_dati.Link", "nome": "L2", "FA_i": "C3", "FA_f": "C2", "buffer": ""}, {"py/object": "strutture_dati.Link", "nome": "L3", "FA_i": "C2", "FA_f": "C3", "buffer": "e3"}], "nome": "20:31|:e3", "id": 7, "final": false, "indice_oss": 0}, {"py/object": "strutture_dati.Nodo", "stati_FA": ["20", "31"], "lista_link": [{"py/object": "strutture_dati.Link", "nome": "L2", "FA_i": "C3", "FA_f": "C2", "buffer": "e2"}, {"py/object": "strutture_dati.Link", "nome": "L3", "FA_i": "C2", "FA_f": "C3", "buffer": "e3"}], "nome": "20:31|e2:e3", "id": 8, "final": false, "indice_oss": 0}, {"py/object": "strutture_dati.Nodo", "stati_FA": ["20", "31"], "lista_link": [{"py/object": "strutture_dati.Link", "nome": "L2", "FA_i": "C3", "FA_f": "C2", "buffer": ""}, {"py/object": "strutture_dati.Link", "nome": "L3", "FA_i": "C2", "FA_f": "C3", "buffer": ""}], "nome": "20:31|:", "id": 9, "final": true, "indice_oss": 0}, {"py/object": "strutture_dati.Nodo", "stati_FA": ["20", "30"], "lista_link": [{"py/object": "strutture_dati.Link", "nome": "L2", "FA_i": "C3", "FA_f": "C2", "buffer": "e2"}, {"py/object": "strutture_dati.Link", "nome": "L3", "FA_i": "C2", "FA_f": "C3", "buffer": ""}], "nome": "20:30|e2:", "id": 10, "final": false, "indice_oss": 0}, {"py/object": "strutture_dati.Nodo", "stati_FA": ["21", "30"], "lista_link": [{"py/object": "strutture_dati.Link", "nome": "L2", "FA_i": "C3", "FA_f": "C2", "buffer": ""}, {"py/object": "strutture_dati.Link", "nome": "L3", "FA_i": "C2", "FA_f": "C3", "buffer": "e3"}], "nome": "21:30|:e3", "id": 11, "final": false, "indice_oss": 0}, {"py/object": "strutture_dati.Nodo", "stati_FA": ["21", "31"], "lista_link": [{"py/object": "strutture_dati.Link", "nome": "L2", "FA_i": "C3", "FA_f": "C2", "buffer": "e2"}, {"py/object": "strutture_dati.Link", "nome": "L3", "FA_i": "C2", "FA_f": "C3", "buffer": "e3"}], "nome": "21:31|e2:e3", "id": 12, "final": false, "indice_oss": 0}], "lista_cammini": [{"py/object": "strutture_dati.Cammino", "nome": "t3a", "nodo_iniziale": {"py/id": 1}, "nodo_finale": {"py/object": "strutture_dati.Nodo", "stati_FA": ["20", "31"], "lista_link": [{"py/object": "strutture_dati.Link", "nome": "L2", "FA_i": "C3", "FA_f": "C2", "buffer": "e2"}, {"py/object": "strutture_dati.Link", "nome": "L3", "FA_i": "C2", "FA_f": "C3", "buffer": ""}], "nome": "20:31|e2:", "id": 1, "final": false, "indice_oss": 0}, "oss": "o3", "ril": "\u03b5", "chiusura_iniziale": null, "chiusura_finale": null, "nodo_accettazione_raggiunto": null, "etichetta_diagnosi": "\u03b5"}, {"py/object": "strutture_dati.Cammino", "nome": "t2a", "nodo_iniziale": {"py/id": 74}, "nodo_finale": {"py/object": "strutture_dati.Nodo", "stati_FA": ["21", "31"], "lista_link": [{"py/object": "strutture_dati.Link", "nome": "L2", "FA_i": "C3", "FA_f": "C2", "buffer": ""}, {"py/object": "strutture_dati.Link", "nome": "L3", "FA_i": "C2", "FA_f": "C3", "buffer": "e3"}], "nome": "21:31|:e3", "id": 2, "final": false, "indice_oss": 0}, "oss": "o2", "ril": "\u03b5", "chiusura_iniziale": null, "chiusura_finale": null, "nodo_accettazione_raggiunto": null, "etichetta_diagnosi": "\u03b5"}, {"py/object": "strutture_dati.Cammino", "nome": "t3b", "nodo_iniziale": {"py/id": 80}, "nodo_finale": {"py/object": "strutture_dati.Nodo", "stati_FA": ["21", "30"], "lista_link": [{"py/object": "strutture_dati.Link", "nome": "L2", "FA_i": "C3", "FA_f": "C2", "buffer": ""}, {"py/object": "strutture_dati.Link", "nome": "L3", "FA_i": "C2", "FA_f": "C3", "buffer": ""}], "nome": "21:30|:", "id": 3, "final": true, "indice_oss": 0}, "oss": "\u03b5", "ril": "\u03b5", "chiusura_iniziale": null, "chiusura_finale": null, "nodo_accettazione_raggiunto": null, "etichetta_diagnosi": "\u03b5"}, {"py/object": "strutture_dati.Cammino", "nome": "t3c", "nodo_iniziale": {"py/id": 80}, "nodo_finale": {"py/object": "strutture_dati.Nodo", "stati_FA": ["21", "31"], "lista_link": [{"py/object": "strutture_dati.Link", "nome": "L2", "FA_i": "C3", "FA_f": "C2", "buffer": ""}, {"py/object": "strutture_dati.Link", "nome": "L3", "FA_i": "C2", "FA_f": "C3", "buffer": ""}], "nome": "21:31|:", "id": 4, "final": true, "indice_oss": 0}, "oss": "\u03b5", "ril": "f", "chiusura_iniziale": null, "chiusura_finale": null, "nodo_accettazione_raggiunto": null, "etichetta_diagnosi": "\u03b5"}, {"py/object": "strutture_dati.Cammino", "nome": "t2b", "nodo_iniziale": {"py/id": 86}, "nodo_finale": {"py/object": "strutture_dati.Nodo", "stati_FA": ["20", "30"], "lista_link": [{"py/object": "strutture_dati.Link", "nome": "L2", "FA_i": "C3", "FA_f": "C2", "buffer": ""}, {"py/object": "strutture_dati.Link", "nome": "L3", "FA_i": "C2", "FA_f": "C3", "buffer": "e3"}], "nome": "20:30|:e3", "id": 5, "final": false, "indice_oss": 0}, "oss": "\u03b5", "ril": "r", "chiusura_iniziale": null, "chiusura_finale": null, "nodo_accettazione_raggiunto": null, "etichetta_diagnosi": "\u03b5"}, {"py/object": "strutture_dati.Cammino", "nome": "t3a", "nodo_iniziale": {"py/id": 86}, "nodo_finale": {"py/object": "strutture_dati.Nodo", "stati_FA": ["21", "31"], "lista_link": [{"py/object": "strutture_dati.Link", "nome": "L2", "FA_i": "C3", "FA_f": "C2", "buffer": "e2"}, {"py/object": "strutture_dati.Link", "nome": "L3", "FA_i": "C2", "FA_f": "C3", "buffer": ""}], "nome": "21:31|e2:", "id": 6, "final": false, "indice_oss": 0}, "oss": "o3", "ril": "\u03b5", "chiusura_iniziale": null, "chiusura_finale": null, "nodo_accettazione_raggiunto": null, "etichetta_diagnosi": "\u03b5"}, {"py/object": "strutture_dati.Cammino", "nome": "t2b", "nodo_iniziale": {"py/id": 92}, "nodo_finale": {"py/object": "strutture_dati.Nodo", "stati_FA": ["20", "31"], "lista_link": [{"py/object": "strutture_dati.Link", "nome": "L2", "FA_i": "C3", "FA_f": "C2", "buffer": ""}, {"py/object": "strutture_dati.Link", "nome": "L3", "FA_i": "C2", "FA_f": "C3", "buffer": "e3"}], "nome": "20:31|:e3", "id": 7, "final": false, "indice_oss": 0}, "oss": "\u03b5", "ril": "r", "chiusura_iniziale": null, "chiusura_finale": null, "nodo_accettazione_raggiunto": null, "etichetta_diagnosi": "\u03b5"}, {"py/object": "strutture_dati.Cammino", "nome": "t3a", "nodo_iniziale": {"py/id": 98}, "nodo_finale": {"py/object": "strutture_dati.Nodo", "stati_FA": ["20", "31"], "lista_link": [{"py/object": "strutture_dati.Link", "nome": "L2", "FA_i": "C3", "FA_f": "C2", "buffer": "e2"}, {"py/object": "strutture_dati.Link", "nome": "L3", "FA_i": "C2", "FA_f": "C3", "buffer": "e3"}], "nome": "20:31|e2:e3", "id": 8, "final": false, "indice_oss": 0}, "oss": "o3", "ril": "\u03b5", "chiusura_iniziale": null, "chiusura_finale": null, "nodo_accettazione_raggiunto": null, "etichetta_diagnosi": "\u03b5"}, {"py/object": "strutture_dati.Cammino", "nome": "t2b", "nodo_iniziale": {"py/id": 104}, "nodo_finale": {"py/object": "strutture_dati.Nodo", "stati_FA": ["20", "31"], "lista_link": [{"py/object": "strutture_dati.Link", "nome": "L2", "FA_i": "C3", "FA_f": "C2", "buffer": "e2"}, {"py/object": "strutture_dati.Link", "nome": "L3", "FA_i": "C2", "FA_f": "C3", "buffer": "e3"}], "nome": "20:31|e2:e3", "id": 8, "final": false, "indice_oss": 0}, "oss": "\u03b5", "ril": "r", "chiusura_iniziale": null, "chiusura_finale": null, "nodo_accettazione_raggiunto": null, "etichetta_diagnosi": "\u03b5"}, {"py/object": "strutture_dati.Cammino", "nome": "t3b", "nodo_iniziale": {"py/id": 110}, "nodo_finale": {"py/object": "strutture_dati.Nodo", "stati_FA": ["20", "30"], "lista_link": [{"py/object": "strutture_dati.Link", "nome": "L2", "FA_i": "C3", "FA_f": "C2", "buffer": ""}, {"py/object": "strutture_dati.Link", "nome": "L3", "FA_i": "C2", "FA_f": "C3", "buffer": ""}], "nome": "20:30|:", "id": 0, "final": true, "indice_oss": 0}, "oss": "\u03b5", "ril": "\u03b5", "chiusura_iniziale": null, "chiusura_finale": null, "nodo_accettazione_raggiunto": null, "etichetta_diagnosi": "\u03b5"}, {"py/object": "strutture_dati.Cammino", "nome": "t3c", "nodo_iniziale": {"py/id": 110}, "nodo_finale": {"py/object": "strutture_dati.Nodo", "stati_FA": ["20", "31"], "lista_link": [{"py/object": "strutture_dati.Link", "nome": "L2", "FA_i": "C3", "FA_f": "C2", "buffer": ""}, {"py/object": "strutture_dati.Link", "nome": "L3", "FA_i": "C2", "FA_f": "C3", "buffer": ""}], "nome": "20:31|:", "id": 9, "final": true, "indice_oss": 0}, "oss": "\u03b5", "ril": "f", "chiusura_iniziale": null, "chiusura_finale": null, "nodo_accettazione_raggiunto": null, "etichetta_diagnosi": "\u03b5"}, {"py/object": "strutture_dati.Cammino", "nome": "t3b", "nodo_iniziale": {"py/id": 116}, "nodo_finale": {"py/object": "strutture_dati.Nodo", "stati_FA": ["20", "30"], "lista_link": [{"py/object": "strutture_dati.Link", "nome": "L2", "FA_i": "C3", "FA_f": "C2", "buffer": "e2"}, {"py/object": "strutture_dati.Link", "nome": "L3", "FA_i": "C2", "FA_f": "C3", "buffer": ""}], "nome": "20:30|e2:", "id": 10, "final": false, "indice_oss": 0}, "oss": "\u03b5", "ril": "\u03b5", "chiusura_iniziale": null, "chiusura_finale": null, "nodo_accettazione_raggiunto": null, "etichetta_diagnosi": "\u03b5"}, {"py/object": "strutture_dati.Cammino", "nome": "t3c", "nodo_iniziale": {"py/id": 116}, "nodo_finale": {"py/object": "strutture_dati.Nodo", "stati_FA": ["20", "31"], "lista_link": [{"py/object": "strutture_dati.Link", "nome": "L2", "FA_i": "C3", "FA_f": "C2", "buffer": "e2"}, {"py/object": "strutture_dati.Link", "nome": "L3", "FA_i": "C2", "FA_f": "C3", "buffer": ""}], "nome": "20:31|e2:", "id": 1, "final": false, "indice_oss": 0}, "oss": "\u03b5", "ril": "f", "chiusura_iniziale": null, "chiusura_finale": null, "nodo_accettazione_raggiunto": null, "etichetta_diagnosi": "\u03b5"}, {"py/object": "strutture_dati.Cammino", "nome": "t2a", "nodo_iniziale": {"py/id": 140}, "nodo_finale": {"py/object": "strutture_dati.Nodo", "stati_FA": ["21", "30"], "lista_link": [{"py/object": "strutture_dati.Link", "nome": "L2", "FA_i": "C3", "FA_f": "C2", "buffer": ""}, {"py/object": "strutture_dati.Link", "nome": "L3", "FA_i": "C2", "FA_f": "C3", "buffer": "e3"}], "nome": "21:30|:e3", "id": 11, "final": false, "indice_oss": 0}, "oss": "o2", "ril": "\u03b5", "chiusura_iniziale": null, "chiusura_finale": null, "nodo_accettazione_raggiunto": null, "etichetta_diagnosi": "\u03b5"}, {"py/object": "strutture_dati.Cammino", "nome": "t3a", "nodo_iniziale": {"py/id": 152}, "nodo_finale": {"py/object": "strutture_dati.Nodo", "stati_FA": ["21", "31"], "lista_link": [{"py/object": "strutture_dati.Link", "nome": "L2", "FA_i": "C3", "FA_f": "C2", "buffer": "e2"}, {"py/object": "strutture_dati.Link", "nome": "L3", "FA_i": "C2", "FA_f": "C3", "buffer": "e3"}], "nome": "21:31|e2:e3", "id": 12, "final": false, "indice_oss": 0}, "oss": "o3", "ril": "\u03b5", "chiusura_iniziale": null, "chiusura_finale": null, "nodo_accettazione_raggiunto": null, "etichetta_diagnosi": "\u03b5"}, {"py/object": "strutture_dati.Cammino", "nome": "t3c", "nodo_iniziale": {"py/id": 158}, "nodo_finale": {"py/object": "strutture_dati.Nodo", "stati_FA": ["21", "31"], "lista_link": [{"py/object": "strutture_dati.Link", "nome": "L2", "FA_i": "C3", "FA_f": "C2", "buffer": "e2"}, {"py/object": "strutture_dati.Link", "nome": "L3", "FA_i": "C2", "FA_f": "C3", "buffer": ""}], "nome": "21:31|e2:", "id": 6, "final": false, "indice_oss": 0}, "oss": "\u03b5", "ril": "f", "chiusura_iniziale": null, "chiusura_finale": null, "nodo_accettazione_raggiunto": null, "etichetta_diagnosi": "\u03b5"}], "nome_rete": "Rete1"}