{"py/object": "strutture_dati.SpazioComportamentale", "nodo_iniziale": {"py/object": "strutture_dati.Nodo", "stati_FA": ["0", "0"], "lista_link": [{"py/object": "strutture_dati.Link", "nome": "L", "FA_i": "S", "FA_f": "B", "buffer": ""}], "nome": "0:0|", "id": 0, "final": true, "indice_oss": 0}, "lista_nodi": [{"py/object": "strutture_dati.Nodo", "stati_FA": ["0", "0"], "lista_link": [{"py/object": "strutture_dati.Link", "nome": "L", "FA_i": "S", "FA_f": "B", "buffer": ""}], "nome": "0:0|", "id": 0, "final": true, "indice_oss": 0}, {"py/object": "strutture_dati.Nodo", "stati_FA": ["1", "0"], "lista_link": [{"py/object": "strutture_dati.Link", "nome": "L", "FA_i": "S", "FA_f": "B", "buffer": "op"}], "nome": "1:0|op", "id": 1, "final": false, "indice_oss": 0}, {"py/object": "strutture_dati.Nodo", "stati_FA": ["0", "0"], "lista_link": [{"py/object": "strutture_dati.Link", "nome": "L", "FA_i": "S", "FA_f": "B", "buffer": "cl"}], "nome": "0:0|cl", "id": 2, "final": false, "indice_oss": 0}, {"py/object": "strutture_dati.Nodo", "stati_FA": ["1", "1"], "lista_link": [{"py/object": "strutture_dati.Link", "nome": "L", "FA_i": "S", "FA_f": "B", "buffer": ""}], "nome": "1:1|", "id": 3, "final": true, "indice_oss": 0}, {"py/object": "strutture_dati.Nodo", "stati_FA": ["1", "0"], "lista_link": [{"py/object": "strutture_dati.Link", "nome": "L", "FA_i": "S", "FA_f": "B", "buffer": ""}], "nome": "1:0|", "id": 4, "final": true, "indice_oss": 0}, {"py/object": "strutture_dati.Nodo", "stati_FA": ["0", "1"], "lista_link": [{"py/object": "strutture_dati.Link", "nome": "L", "FA_i": "S", "FA_f": "B", "buffer": ""}], "nome": "0:1|", "id": 5, "final": true, "indice_oss": 0}, {"py/object": "strutture_dati.Nodo", "stati_FA": ["0", "1"], "lista_link": [{"py/object": "strutture_dati.Link", "nome": "L", "FA_i": "S", "FA_f": "B", "buffer": "cl"}], "nome": "0:1|cl", "id": 6, "final": false, "indice_oss": 0}, {"py/object": "strutture_dati.Nodo", "stati_FA": ["1", "1"], "lista_link": [{"py/object": "strutture_dati.Link", "nome": "L", "FA_i": "S", "FA_f": "B", "buffer": "op"}], "nome": "1:1|op", "id": 7, "final": false, "indice_oss": 0}], "lista_cammini": [{"py/object": "strutture_dati.Cammino", "nome": "s1", "nodo_iniziale": {"py/id": 1}, "nodo_finale": {"py/object": "strutture_dati.Nodo", "stati_FA": ["1", "0"], "lista_link": [{"py/object": "strutture_dati.Link", "nome": "L", "FA_i": "S", "FA_f": "B", "buffer": "op"}], "nome": "1:0|op", "id": 1, "final": false, "indice_oss": 0}, "oss": "act", "ril": "\u03b5", "chiusura_iniziale": null, "chiusura_finale": null, "nodo_accettazione_raggiunto": null, "etichetta_diagnosi": "\u03b5"}, {"py/object": "strutture_dati.Cammino", "nome": "s3", "nodo_iniziale": {"py/id": 1}, "nodo_finale": {"py/object": "strutture_dati.Nodo", "stati_FA": ["0", "0"], "lista_link": [{"py/object": "strutture_dati.Link", "nome": "L", "FA_i": "S", "FA_f": "B", "buffer": "cl"}], "nome": "0:0|cl", "id": 2, "final": false, "indice_oss": 0}, "oss": "\u03b5", "ril": "f1", "chiusura_iniziale": null, "chiusura_finale": null, "nodo_accettazione_raggiunto": null, "etichetta_diagnosi": "\u03b5"}, {"py/object": "strutture_dati.Cammino", "nome": "b1", "nodo_iniziale": {"py/id": 40}, "nodo_finale": {"py/object": "strutture_dati.Nodo", "stati_FA": ["1", "1"], "lista_link": [{"py/object": "strutture_dati.Link", "nome": "L", "FA_i": "S", "FA_f": "B", "buffer": ""}], "nome": "1:1|", "id": 3, "final": true, "indice_oss": 0}, "oss": "opn", "ril": "\u03b5", "chiusura_iniziale": null, "chiusura_finale": null, "nodo_accettazione_raggiunto": null, "etichetta_diagnosi": "\u03b5"}, {"py/object": "strutture_dati.Cammino", "nome": "b3", "nodo_iniziale": {"py/id": 40}, "nodo_finale": {"py/object": "strutture_dati.Nodo", "stati_FA": ["1", "0"], "lista_link": [{"py/object": "strutture_dati.Link", "nome": "L", "FA_i": "S", "FA_f": "B", "buffer": ""}], "nome": "1:0|", "id": 4, "final": true, "indice_oss": 0}, "oss": "\u03b5", "ril": "f3", "chiusura_iniziale": null, "chiusura_finale": null, "nodo_accettazione_raggiunto": null, "etichetta_diagnosi": "\u03b5"}, {"py/object": "strutture_dati.Cammino", "nome": "b5", "nodo_iniziale": {"py/id": 45}, "nodo_finale": {"py/object": "strutture_dati.Nodo", "stati_FA": ["0", "0"], "lista_link": [{"py/object": "strutture_dati.Link", "nome": "L", "FA_i": "S", "FA_f": "B", "buffer": ""}], "nome": "0:0|", "id": 0, "final": true, "indice_oss": 0}, "oss": "nop", "ril": "\u03b5", "chiusura_iniziale": null, "chiusura_finale": null, "nodo_accettazione_raggiunto": null, "etichetta_diagnosi": "\u03b5"}, {"py/object": "strutture_dati.Cammino", "nome": "b7", "nodo_iniziale": {"py/id": 45}, "nodo_finale": {"py/object": "strutture_dati.Nodo", "stati_FA": ["0", "1"], "lista_link": [{"py/object": "strutture_dati.Link", "nome": "L", "FA_i": "S", "FA_f": "B", "buffer": ""}], "nome": "0:1|", "id": 5, "final": true, "indice_oss": 0}, "oss": "opn", "ril": "f5", "chiusura_iniziale": null, "chiusura_finale": null, "nodo_accettazione_raggiunto": null, "etichetta_diagnosi": "\u03b5"}, {"py/object": "strutture_dati.Cammino", "nome": "s2", "nodo_iniziale": {"py/id": 50}, "nodo_finale": {"py/object": "strutture_dati.Nodo", "stati_FA": ["0", "1"], "lista_link": [{"py/object": "strutture_dati.Link", "nome": "L", "FA_i": "S", "FA_f": "B", "buffer": "cl"}], "nome": "0:1|cl", "id": 6, "final": false, "indice_oss": 0}, "oss": "sby", "ril": "\u03b5", "chiusura_iniziale": null, "chiusura_finale": null, "nodo_accettazione_raggiunto": null, "etichetta_diagnosi": "\u03b5"}, {"py/object": "strutture_dati.Cammino", "nome": "s4", "nodo_iniziale": {"py/id": 50}, "nodo_finale": {"py/object": "strutture_dati.Nodo", "stati_FA": ["1", "1"], "lista_link": [{"py/object": "strutture_dati.Link", "nome": "L", "FA_i": "S", "FA_f": "B", "buffer": "op"}], "nome": "1:1|op", "id": 7, "final": false, "indice_oss": 0}, "oss": "\u03b5", "ril": "f2", "chiusura_iniziale": null, "chiusura_finale": null, "nodo_accettazione_raggiunto": null, "etichetta_diagnosi": "\u03b5"}, {"py/object": "strutture_dati.Cammino", "nome": "s2", "nodo_iniziale": {"py/id": 55}, "nodo_finale": {"py/object": "strutture_dati.Nodo", "stati_FA": ["0", "0"], "lista_link": [{"py/object": "strutture_dati.Link", "nome": "L", "FA_i": "S", "FA_f": "B", "buffer": "cl"}], "nome": "0:0|cl", "id": 2, "final": false, "indice_oss": 0}, "oss": "sby", "ril": "\u03b5", "chiusura_iniziale": null, "chiusura_finale": null, "nodo_accettazione_raggiunto": null, "etichetta_diagnosi": "\u03b5"}, {"py/object": "strutture_dati.Cammino", "nome": "s4", "nodo_iniziale": {"py/id": 55}, "nodo_finale": {"py/object": "strutture_dati.Nodo", "stati_FA": ["1", "0"], "lista_link": [{"py/object": "strutture_dati.Link", "nome": "L", "FA_i": "S", "FA_f": "B", "buffer": "op"}], "nome": "1:0|op", "id": 1, "final": false, "indice_oss": 0}, "oss": "\u03b5", "ril": "f2", "chiusura_iniziale": null, "chiusura_finale": null, "nodo_accettazione_raggiunto": null, "etichetta_diagnosi": "\u03b5"}, {"py/object": "strutture_dati.Cammino", "nome": "s1", "nodo_iniziale": {"py/id": 65}, "nodo_finale": {"py/object": "strutture_dati.Nodo", "stati_FA": ["1", "1"], "lista_link": [{"py/object": "strutture_dati.Link", "nome": "L", "FA_i": "S", "FA_f": "B", "buffer": "op"}], "nome": "1:1|op", "id": 7, "final": false, "indice_oss": 0}, "oss": "act", "ril": "\u03b5", "chiusura_iniziale": null, "chiusura_finale": null, "nodo_accettazione_raggiunto": null, "etichetta_diagnosi": "\u03b5"}, {"py/object": "strutture_dati.Cammino", "nome": "s3", "nodo_iniziale": {"py/id": 65}, "nodo_finale": {"py/object": "strutture_dati.Nodo", "stati_FA": ["0", "1"], "lista_link": [{"py/object": "strutture_dati.Link", "nome": "L", "FA_i": "S", "FA_f": "B", "buffer": "cl"}], "nome": "0:1|cl", "id": 6, "final": false, "indice_oss": 0}, "oss": "\u03b5", "ril": "f1", "chiusura_iniziale": null, "chiusura_finale": null, "nodo_accettazione_raggiunto": null, "etichetta_diagnosi": "\u03b5"}, {"py/object": "strutture_dati.Cammino", "nome": "b2", "nodo_iniziale": {"py/id": 70}, "nodo_finale": {"py/object": "strutture_dati.Nodo", "stati_FA": ["0", "0"], "lista_link": [{"py/object": "strutture_dati.Link", "nome": "L", "FA_i": "S", "FA_f": "B", "buffer": ""}], "nome": "0:0|", "id": 0, "final": true, "indice_oss": 0}, "oss": "cls", "ril": "\u03b5", "chiusura_iniziale": null, "chiusura_finale": null, "nodo_accettazione_raggiunto": null, "etichetta_diagnosi": "\u03b5"}, {"py/object": "strutture_dati.Cammino", "nome": "b4", "nodo_iniziale": {"py/id": 70}, "nodo_finale": {"py/object": "strutture_dati.Nodo", "stati_FA": ["0", "1"], "lista_link": [{"py/object": "strutture_dati.Link", "nome": "L", "FA_i": "S", "FA_f": "B", "buffer": ""}], "nome": "0:1|", "id": 5, "final": true, "indice_oss": 0}, "oss": "\u03b5", "ril": "f4", "chiusura_iniziale": null, "chiusura_finale": null, "nodo_accettazione_raggiunto": null, "etichetta_diagnosi": "\u03b5"}, {"py/object": "strutture_dati.Cammino", "nome": "b6", "nodo_iniziale": {"py/id": 75}, "nodo_finale": {"py/object": "strutture_dati.Nodo", "stati_FA": ["1", "1"], "lista_link": [{"py/object": "strutture_dati.Link", "nome": "L", "FA_i": "S", "FA_f": "B", "buffer": ""}], "nome": "1:1|", "id": 3, "final": true, "indice_oss": 0}, "oss": "nop", "ril": "\u03b5", "chiusura_iniziale": null, "chiusura_finale": null, "nodo_accettazione_raggiunto": null, "etichetta_diagnosi": "\u03b5"}, {"py/object": "strutture_dati.Cammino", "nome": "b8", "nodo_iniziale": {"py/id": 75}, "nodo_finale": {"py/object": "strutture_dati.Nodo", "stati_FA": ["1", "0"], "lista_link": [{"py/object": "strutture_dati.Link", "nome": "L", "FA_i": "S", "FA_f": "B", "buffer": ""}], "nome": "1:0|", "id": 4, "final": true, "indice_oss": 0}, "oss": "cls", "ril": "f6", "chiusura_iniziale": null, "chiusura_finale": null, "nodo_accettazione_raggiunto": null, "etichetta_diagnosi": "\u03b5"}], "nome_rete": "Rete 3"}