{"py/object": "strutture_dati.SpazioComportamentale", "nodo_iniziale": {"py/object": "strutture_dati.Nodo", "stati_FA": ["10", "20", "30"], "lista_link": [{"py/object": "strutture_dati.Link", "nome": "L1", "FA_i": "C2", "FA_f": "C1", "buffer": ""}, {"py/object": "strutture_dati.Link", "nome": "L2", "FA_i": "C2", "FA_f": "C3", "buffer": ""}, {"py/object": "strutture_dati.Link", "nome": "L3", "FA_i": "C3", "FA_f": "C1", "buffer": ""}], "nome": "10:20:30|::", "id": 0, "final": true, "indice_oss": 0}, "lista_nodi": [{"py/object": "strutture_dati.Nodo", "stati_FA": ["10", "20", "30"], "lista_link": [{"py/object": "strutture_dati.Link", "nome": "L1", "FA_i": "C2", "FA_f": "C1", "buffer": ""}, {"py/object": "strutture_dati.Link", "nome": "L2", "FA_i": "C2", "FA_f": "C3", "buffer": ""}, {"py/object": "strutture_dati.Link", "nome": "L3", "FA_i": "C3", "FA_f": "C1", "buffer": ""}], "nome": "10:20:30|::", "id": 0, "final": true, "indice_oss": 0}, {"py/object": "strutture_dati.Nodo", "stati_FA": ["11", "20", "30"], "lista_link": [{"py/object": "strutture_dati.Link", "nome": "L1", "FA_i": "C2", "FA_f": "C1", "buffer": ""}, {"py/object": "strutture_dati.Link", "nome": "L2", "FA_i": "C2", "FA_f": "C3", "buffer": ""}, {"py/object": "strutture_dati.Link", "nome": "L3", "FA_i": "C3", "FA_f": "C1", "buffer": ""}], "nome": "11:20:30|::", "id": 1, "final": true, "indice_oss": 0}, {"py/object": "strutture_dati.Nodo", "stati_FA": ["10", "21", "30"], "lista_link": [{"py/object": "strutture_dati.Link", "nome": "L1", "FA_i": "C2", "FA_f": "C1", "buffer": "e1"}, {"py/object": "strutture_dati.Link", "nome": "L2", "FA_i": "C2", "FA_f": "C3", "buffer": "e3"}, {"py/object": "strutture_dati.Link", "nome": "L3", "FA_i": "C3", "FA_f": "C1", "buffer": ""}], "nome": "10:21:30|e1:e3:", "id": 2, "final": false, "indice_oss": 0}, {"py/object": "strutture_dati.Nodo", "stati_FA": ["10", "20", "31"], "lista_link": [{"py/object": "strutture_dati.Link", "nome": "L1", "FA_i": "C2", "FA_f": "C1", "buffer": ""}, {"py/object": "strutture_dati.Link", "nome": "L2", "FA_i": "C2", "FA_f": "C3", "buffer": ""}, {"py/object": "strutture_dati.Link", "nome": "L3", "FA_i": "C3", "FA_f": "C1", "buffer": "e2"}], "nome": "10:20:31|::e2", "id": 3, "final": false, "indice_oss": 0}, {"py/object": "strutture_dati.Nodo", "stati_FA": ["11", "21", "30"], "lista_link": [{"py/object": "strutture_dati.Link", "nome": "L1", "FA_i": "C2", "FA_f": "C1", "buffer": "e1"}, {"py/object": "strutture_dati.Link", "nome": "L2", "FA_i": "C2", "FA_f": "C3", "buffer": "e3"}, {"py/object": "strutture_dati.Link", "nome": "L3", "FA_i": "C3", "FA_f": "C1", "buffer": ""}], "nome": "11:21:30|e1:e3:", "id": 4, "final": false, "indice_oss": 0}, {"py/object": "strutture_dati.Nodo", "stati_FA": ["11", "20", "31"], "lista_link": [{"py/object": "strutture_dati.Link", "nome": "L1", "FA_i": "C2", "FA_f": "C1", "buffer": ""}, {"py/object": "strutture_dati.Link", "nome": "L2", "FA_i": "C2", "FA_f": "C3", "buffer": ""}, {"py/object": "strutture_dati.Link", "nome": "L3", "FA_i": "C3", "FA_f": "C1", "buffer": "e2"}], "nome": "11:20:31|::e2", "id": 5, "final": false, "indice_oss": 0}, {"py/object": "strutture_dati.Nodo", "stati_FA": ["11", "21", "30"], "lista_link": [{"py/object": "strutture_dati.Link", "nome": "L1", "FA_i": "C2", "FA_f": "C1", "buffer": ""}, {"py/object": "strutture_dati.Link", "nome": "L2", "FA_i": "C2", "FA_f": "C3", "buffer": "e3"}, {"py/object": "strutture_dati.Link", "nome": "L3", "FA_i": "C3", "FA_f": "C1", "buffer": ""}], "nome": "11:21:30|:e3:", "id": 6, "final": false, "indice_oss": 0}, {"py/object": "strutture_dati.Nodo", "stati_FA": ["10", "21", "31"], "lista_link": [{"py/object": "strutture_dati.Link", "nome": "L1", "FA_i": "C2", "FA_f": "C1", "buffer": "e1"}, {"py/object": "strutture_dati.Link", "nome": "L2", "FA_i": "C2", "FA_f": "C3", "buffer": "e3"}, {"py/object": "strutture_dati.Link", "nome": "L3", "FA_i": "C3", "FA_f": "C1", "buffer": "e2"}], "nome": "10:21:31|e1:e3:e2", "id": 7, "final": false, "indice_oss": 0}, {"py/object": "strutture_dati.Nodo", "stati_FA": ["11", "21", "31"], "lista_link": [{"py/object": "strutture_dati.Link", "nome": "L1", "FA_i": "C2", "FA_f": "C1", "buffer": "e1"}, {"py/object": "strutture_dati.Link", "nome": "L2", "FA_i": "C2", "FA_f": "C3", "buffer": "e3"}, {"py/object": "strutture_dati.Link", "nome": "L3", "FA_i": "C3", "FA_f": "C1", "buffer": "e2"}], "nome": "11:21:31|e1:e3:e2", "id": 8, "final": false, "indice_oss": 0}, {"py/object": "strutture_dati.Nodo", "stati_FA": ["10", "20", "31"], "lista_link": [{"py/object": "strutture_dati.Link", "nome": "L1", "FA_i": "C2", "FA_f": "C1", "buffer": ""}, {"py/object": "strutture_dati.Link", "nome": "L2", "FA_i": "C2", "FA_f": "C3", "buffer": ""}, {"py/object": "strutture_dati.Link", "nome": "L3", "FA_i": "C3", "FA_f": "C1", "buffer": ""}], "nome": "10:20:31|::", "id": 9, "final": true, "indice_oss": 0}, {"py/object": "strutture_dati.Nodo", "stati_FA": ["11", "20", "30"], "lista_link": [{"py/object": "strutture_dati.Link", "nome": "L1", "FA_i": "C2", "FA_f": "C1", "buffer": "e1"}, {"py/object": "strutture_dati.Link", "nome": "L2", "FA_i": "C2", "FA_f": "C3", "buffer": "e3"}, {"py/object": "strutture_dati.Link", "nome": "L3", "FA_i": "C3", "FA_f": "C1", "buffer": ""}], "nome": "11:20:30|e1:e3:", "id": 10, "final": false, "indice_oss": 0}, {"py/object": "strutture_dati.Nodo", "stati_FA": ["11", "21", "31"], "lista_link": [{"py/object": "strutture_dati.Link", "nome": "L1", "FA_i": "C2", "FA_f": "C1", "buffer": ""}, {"py/object": "strutture_dati.Link", "nome": "L2", "FA_i": "C2", "FA_f": "C3", "buffer": "e3"}, {"py/object": "strutture_dati.Link", "nome": "L3", "FA_i": "C3", "FA_f": "C1", "buffer": "e2"}], "nome": "11:21:31|:e3:e2", "id": 11, "final": false, "indice_oss": 0}, {"py/object": "strutture_dati.Nodo", "stati_FA": ["10", "21", "30"], "lista_link": [{"py/object": "strutture_dati.Link", "nome": "L1", "FA_i": "C2", "FA_f": "C1", "buffer": "e1"}, {"py/object": "strutture_dati.Link", "nome": "L2", "FA_i": "C2", "FA_f": "C3", "buffer": ""}, {"py/object": "strutture_dati.Link", "nome": "L3", "FA_i": "C3", "FA_f": "C1", "buffer": "e2"}], "nome": "10:21:30|e1::e2", "id": 12, "final": false, "indice_oss": 0}, {"py/object": "strutture_dati.Nodo", "stati_FA": ["10", "21", "31"], "lista_link": [{"py/object": "strutture_dati.Link", "nome": "L1", "FA_i": "C2", "FA_f": "C1", "buffer": "e1"}, {"py/object": "strutture_dati.Link", "nome": "L2", "FA_i": "C2", "FA_f": "C3", "buffer": ""}, {"py/object": "strutture_dati.Link", "nome": "L3", "FA_i": "C3", "FA_f": "C1", "buffer": "e2"}], "nome": "10:21:31|e1::e2", "id": 13, "final": false, "indice_oss": 0}, {"py/object": "strutture_dati.Nodo", "stati_FA": ["10", "21", "31"], "lista_link": [{"py/object": "strutture_dati.Link", "nome": "L1", "FA_i": "C2", "FA_f": "C1", "buffer": "e1"}, {"py/object": "strutture_dati.Link", "nome": "L2", "FA_i": "C2", "FA_f": "C3", "buffer": "e3"}, {"py/object": "strutture_dati.Link", "nome": "L3", "FA_i": "C3", "FA_f": "C1", "buffer": ""}], "nome": "10:21:31|e1:e3:", "id": 14, "final": false, "indice_oss": 0}, {"py/object": "strutture_dati.Nodo", "stati_FA": ["11", "21", "30"], "lista_link": [{"py/object": "strutture_dati.Link", "nome": "L1", "FA_i": "C2", "FA_f": "C1", "buffer": "e1"}, {"py/object": "strutture_dati.Link", "nome": "L2", "FA_i": "C2", "FA_f": "C3", "buffer": ""}, {"py/object": "strutture_dati.Link", "nome": "L3", "FA_i": "C3", "FA_f": "C1", "buffer": "e2"}], "nome": "11:21:30|e1::e2", "id": 15, "final": false, "indice_oss": 0}, {"py/object": "strutture_dati.Nodo", "stati_FA": ["11", "21", "31"], "lista_link": [{"py/object": "strutture_dati.Link", "nome": "L1", "FA_i": "C2", "FA_f": "C1", "buffer": "e1"}, {"py/object": "strutture_dati.Link", "nome": "L2", "FA_i": "C2", "FA_f": "C3", "buffer": ""}, {"py/object": "strutture_dati.Link", "nome": "L3", "FA_i": "C3", "FA_f": "C1", "buffer": "e2"}], "nome": "11:21:31|e1::e2", "id": 16, "final": false, "indice_oss": 0}, {"py/object": "strutture_dati.Nodo", "stati_FA": ["11", "20", "31"], "lista_link": [{"py/object": "strutture_dati.Link", "nome": "L1", "FA_i": "C2", "FA_f": "C1", "buffer": ""}, {"py/object": "strutture_dati.Link", "nome": "L2", "FA_i": "C2", "FA_f": "C3", "buffer": ""}, {"py/object": "strutture_dati.Link", "nome": "L3", "FA_i": "C3", "FA_f": "C1", "buffer": ""}], "nome": "11:20:31|::", "id": 17, "final": true, "indice_oss": 0}, {"py/object": "strutture_dati.Nodo", "stati_FA": ["11", "20", "31"], "lista_link": [{"py/object": "strutture_dati.Link", "nome": "L1", "FA_i": "C2", "FA_f": "C1", "buffer": "e1"}, {"py/object": "strutture_dati.Link", "nome": "L2", "FA_i": "C2", "FA_f": "C3", "buffer": "e3"}, {"py/object": "strutture_dati.Link", "nome": "L3", "FA_i": "C3", "FA_f": "C1", "buffer": "e2"}], "nome": "11:20:31|e1:e3:e2", "id": 18, "final": false, "indice_oss": 0}, {"py/object": "strutture_dati.Nodo", "stati_FA": ["10", "21", "31"], "lista_link": [{"py/object": "strutture_dati.Link", "nome": "L1", "FA_i": "C2", "FA_f": "C1", "buffer": ""}, {"py/object": "strutture_dati.Link", "nome": "L2", "FA_i": "C2", "FA_f": "C3", "buffer": "e3"}, {"py/object": "strutture_dati.Link", "nome": "L3", "FA_i": "C3", "FA_f": "C1", "buffer": ""}], "nome": "10:21:31|:e3:", "id": 19, "final": false, "indice_oss": 0}, {"py/object": "strutture_dati.Nodo", "stati_FA": ["11", "21", "30"], "lista_link": [{"py/object": "strutture_dati.Link", "nome": "L1", "FA_i": "C2", "FA_f": "C1", "buffer": ""}, {"py/object": "strutture_dati.Link", "nome": "L2", "FA_i": "C2", "FA_f": "C3", "buffer": ""}, {"py/object": "strutture_dati.Link", "nome": "L3", "FA_i": "C3", "FA_f": "C1", "buffer": "e2"}], "nome": "11:21:30|::e2", "id": 20, "final": false, "indice_oss": 0}, {"py/object": "strutture_dati.Nodo", "stati_FA": ["11", "21", "31"], "lista_link": [{"py/object": "strutture_dati.Link", "nome": "L1", "FA_i": "C2", "FA_f": "C1", "buffer": ""}, {"py/object": "strutture_dati.Link", "nome": "L2", "FA_i": "C2", "FA_f": "C3", "buffer": ""}, {"py/object": "strutture_dati.Link", "nome": "L3", "FA_i": "C3", "FA_f": "C1", "buffer": "e2"}], "nome": "11:21:31|::e2", "id": 21, "final": false, "indice_oss": 0}, {"py/object": "strutture_dati.Nodo", "stati_FA": ["11", "21", "31"], "lista_link": [{"py/object": "strutture_dati.Link", "nome": "L1", "FA_i": "C2", "FA_f": "C1", "buffer": ""}, {"py/object": "strutture_dati.Link", "nome": "L2", "FA_i": "C2", "FA_f": "C3", "buffer": "e3"}, {"py/object": "strutture_dati.Link", "nome": "L3", "FA_i": "C3", "FA_f": "C1", "buffer": ""}], "nome": "11:21:31|:e3:", "id": 22, "final": false, "indice_oss": 0}, {"py/object": "strutture_dati.Nodo", "stati_FA": ["11", "21", "31"], "lista_link": [{"py/object": "strutture_dati.Link", "nome": "L1", "FA_i": "C2", "FA_f": "C1", "buffer": "e1"}, {"py/object": "strutture_dati.Link", "nome": "L2", "FA_i": "C2", "FA_f": "C3", "buffer": "e3"}, {"py/object": "strutture_dati.Link", "nome": "L3", "FA_i": "C3", "FA_f": "C1", "buffer": ""}], "nome": "11:21:31|e1:e3:", "id": 23, "final": false, "indice_oss": 0}, {"py/object": "strutture_dati.Nodo", "stati_FA": ["10", "21", "30"], "lista_link": [{"py/object": "strutture_dati.Link", "nome": "L1", "FA_i": "C2", "FA_f": "C1", "buffer": "e1"}, {"py/object": "strutture_dati.Link", "nome": "L2", "FA_i": "C2", "FA_f": "C3", "buffer": ""}, {"py/object": "strutture_dati.Link", "nome": "L3", "FA_i": "C3", "FA_f": "C1", "buffer": ""}], "nome": "10:21:30|e1::", "id": 24, "final": false, "indice_oss": 0}, {"py/object": "strutture_dati.Nodo", "stati_FA": ["10", "21", "31"], "lista_link": [{"py/object": "strutture_dati.Link", "nome": "L1", "FA_i": "C2", "FA_f": "C1", "buffer": "e1"}, {"py/object": "strutture_dati.Link", "nome": "L2", "FA_i": "C2", "FA_f": "C3", "buffer": ""}, {"py/object": "strutture_dati.Link", "nome": "L3", "FA_i": "C3", "FA_f": "C1", "buffer": ""}], "nome": "10:21:31|e1::", "id": 25, "final": false, "indice_oss": 0}, {"py/object": "strutture_dati.Nodo", "stati_FA": ["10", "20", "31"], "lista_link": [{"py/object": "strutture_dati.Link", "nome": "L1", "FA_i": "C2", "FA_f": "C1", "buffer": "e1"}, {"py/object": "strutture_dati.Link", "nome": "L2", "FA_i": "C2", "FA_f": "C3", "buffer": "e3"}, {"py/object": "strutture_dati.Link", "nome": "L3", "FA_i": "C3", "FA_f": "C1", "buffer": ""}], "nome": "10:20:31|e1:e3:", "id": 26, "final": false, "indice_oss": 0}, {"py/object": "strutture_dati.Nodo", "stati_FA": ["11", "20", "30"], "lista_link": [{"py/object": "strutture_dati.Link", "nome": "L1", "FA_i": "C2", "FA_f": "C1", "buffer": "e1"}, {"py/object": "strutture_dati.Link", "nome": "L2", "FA_i": "C2", "FA_f": "C3", "buffer": ""}, {"py/object": "strutture_dati.Link", "nome": "L3", "FA_i": "C3", "FA_f": "C1", "buffer": "e2"}], "nome": "11:20:30|e1::e2", "id": 27, "final": false, "indice_oss": 0}, {"py/object": "strutture_dati.Nodo", "stati_FA": ["11", "20", "31"], "lista_link": [{"py/object": "strutture_dati.Link", "nome": "L1", "FA_i": "C2", "FA_f": "C1", "buffer": "e1"}, {"py/object": "strutture_dati.Link", "nome": "L2", "FA_i": "C2", "FA_f": "C3", "buffer": ""}, {"py/object": "strutture_dati.Link", "nome": "L3", "FA_i": "C3", "FA_f": "C1", "buffer": "e2"}], "nome": "11:20:31|e1::e2", "id": 28, "final": false, "indice_oss": 0}, {"py/object": "strutture_dati.Nodo", "stati_FA": ["10", "21", "30"], "lista_link": [{"py/object": "strutture_dati.Link", "nome": "L1", "FA_i": "C2", "FA_f": "C1", "buffer": ""}, {"py/object": "strutture_dati.Link", "nome": "L2", "FA_i": "C2", "FA_f": "C3", "buffer": ""}, {"py/object": "strutture_dati.Link", "nome": "L3", "FA_i": "C3", "FA_f": "C1", "buffer": ""}], "nome": "10:21:30|::", "id": 29, "final": true, "indice_oss": 0}, {"py/object": "strutture_dati.Nodo", "stati_FA": ["10", "21", "31"], "lista_link": [{"py/object": "strutture_dati.Link", "nome": "L1", "FA_i": "C2", "FA_f": "C1", "buffer": ""}, {"py/object": "strutture_dati.Link", "nome": "L2", "FA_i": "C2", "FA_f": "C3", "buffer": ""}, {"py/object": "strutture_dati.Link", "nome": "L3", "FA_i": "C3", "FA_f": "C1", "buffer": ""}], "nome": "10:21:31|::", "id": 30, "final": true, "indice_oss": 0}, {"py/object": "strutture_dati.Nodo", "stati_FA": ["11", "20", "31"], "lista_link": [{"py/object": "strutture_dati.Link", "nome": "L1", "FA_i": "C2", "FA_f": "C1", "buffer": "e1"}, {"py/object": "strutture_dati.Link", "nome": "L2", "FA_i": "C2", "FA_f": "C3", "buffer": "e3"}, {"py/object": "strutture_dati.Link", "nome": "L3", "FA_i": "C3", "FA_f": "C1", "buffer": ""}], "nome": "11:20:31|e1:e3:", "id": 31, "final": false, "indice_oss": 0}, {"py/object": "strutture_dati.Nodo", "stati_FA": ["11", "21", "30"], "lista_link": [{"py/object": "strutture_dati.Link", "nome": "L1", "FA_i": "C2", "FA_f": "C1", "buffer": ""}, {"py/object": "strutture_dati.Link", "nome": "L2", "FA_i": "C2", "FA_f": "C3", "buffer": ""}, {"py/object": "strutture_dati.Link", "nome": "L3", "FA_i": "C3", "FA_f": "C1", "buffer": ""}], "nome": "11:21:30|::", "id": 32, "final": true, "indice_oss": 0}, {"py/object": "strutture_dati.Nodo", "stati_FA": ["11", "21", "31"], "lista_link": [{"py/object": "strutture_dati.Link", "nome": "L1", "FA_i": "C2", "FA_f": "C1", "buffer": ""}, {"py/object": "strutture_dati.Link", "nome": "L2", "FA_i": "C2", "FA_f": "C3", "buffer": ""}, {"py/object": "strutture_dati.Link", "nome": "L3", "FA_i": "C3", "FA_f": "C1", "buffer": ""}], "nome": "11:21:31|::", "id": 33, "final": true, "indice_oss": 0}, {"py/object": "strutture_dati.Nodo", "stati_FA": ["11", "21", "30"], "lista_link": [{"py/object": "strutture_dati.Link", "nome": "L1", "FA_i": "C2", "FA_f": "C1", "buffer": "e1"}, {"py/object": "strutture_dati.Link", "nome": "L2", "FA_i": "C2", "FA_f": "C3", "buffer": ""}, {"py/object": "strutture_dati.Link", "nome": "L3", "FA_i": "C3", "FA_f": "C1", "buffer": ""}], "nome": "11:21:30|e1::", "id": 34, "final": false, "indice_oss": 0}, {"py/object": "strutture_dati.Nodo", "stati_FA": ["11", "20", "31"], "lista_link": [{"py/object": "strutture_dati.Link", "nome": "L1", "FA_i": "C2", "FA_f": "C1", "buffer": ""}, {"py/object": "strutture_dati.Link", "nome": "L2", "FA_i": "C2", "FA_f": "C3", "buffer": "e3"}, {"py/object": "strutture_dati.Link", "nome": "L3", "FA_i": "C3", "FA_f": "C1", "buffer": ""}], "nome": "11:20:31|:e3:", "id": 35, "final": false, "indice_oss": 0}, {"py/object": "strutture_dati.Nodo", "stati_FA": ["10", "20", "30"], "lista_link": [{"py/object": "strutture_dati.Link", "nome": "L1", "FA_i": "C2", "FA_f": "C1", "buffer": "e1"}, {"py/object": "strutture_dati.Link", "nome": "L2", "FA_i": "C2", "FA_f": "C3", "buffer": ""}, {"py/object": "strutture_dati.Link", "nome": "L3", "FA_i": "C3", "FA_f": "C1", "buffer": ""}], "nome": "10:20:30|e1::", "id": 36, "final": false, "indice_oss": 0}, {"py/object": "strutture_dati.Nodo", "stati_FA": ["10", "20", "31"], "lista_link": [{"py/object": "strutture_dati.Link", "nome": "L1", "FA_i": "C2", "FA_f": "C1", "buffer": "e1"}, {"py/object": "strutture_dati.Link", "nome": "L2", "FA_i": "C2", "FA_f": "C3", "buffer": ""}, {"py/object": "strutture_dati.Link", "nome": "L3", "FA_i": "C3", "FA_f": "C1", "buffer": ""}], "nome": "10:20:31|e1::", "id": 37, "final": false, "indice_oss": 0}, {"py/object": "strutture_dati.Nodo", "stati_FA": ["10", "21", "31"], "lista_link": [{"py/object": "strutture_dati.Link", "nome": "L1", "FA_i": "C2", "FA_f": "C1", "buffer": ""}, {"py/object": "strutture_dati.Link", "nome": "L2", "FA_i": "C2", "FA_f": "C3", "buffer": ""}, {"py/object": "strutture_dati.Link", "nome": "L3", "FA_i": "C3", "FA_f": "C1", "buffer": "e2"}], "nome": "10:21:31|::e2", "id": 38, "final": false, "indice_oss": 0}, {"py/object": "strutture_dati.Nodo", "stati_FA": ["11", "20", "30"], "lista_link": [{"py/object": "strutture_dati.Link", "nome": "L1", "FA_i": "C2", "FA_f": "C1", "buffer": "e1"}, {"py/object": "strutture_dati.Link", "nome": "L2", "FA_i": "C2", "FA_f": "C3", "buffer": ""}, {"py/object": "strutture_dati.Link", "nome": "L3", "FA_i": "C3", "FA_f": "C1", "buffer": ""}], "nome": "11:20:30|e1::", "id": 39, "final": false, "indice_oss": 0}, {"py/object": "strutture_dati.Nodo", "stati_FA": ["10", "20", "31"], "lista_link": [{"py/object": "strutture_dati.Link", "nome": "L1", "FA_i": "C2", "FA_f": "C1", "buffer": "e1"}, {"py/object": "strutture_dati.Link", "nome": "L2", "FA_i": "C2", "FA_f": "C3", "buffer": ""}, {"py/object": "strutture_dati.Link", "nome": "L3", "FA_i": "C3", "FA_f": "C1", "buffer": "e2"}], "nome": "10:20:31|e1::e2", "id": 40, "final": false, "indice_oss": 0}], "lista_cammini": [{"py/object": "strutture_dati.Cammino", "nome": "t1c", "nodo_iniziale": {"py/id": 1}, "nodo_finale": {"py/object": "strutture_dati.Nodo", "stati_FA": ["11", "20", "30"], "lista_link": [{"py/object": "strutture_dati.Link", "nome": "L1", "FA_i": "C2", "FA_f": "C1", "buffer": ""}, {"py/object": "strutture_dati.Link", "nome": "L2", "FA_i": "C2", "FA_f": "C3", "buffer": ""}, {"py/object": "strutture_dati.Link", "nome": "L3", "FA_i": "C3", "FA_f": "C1", "buffer": ""}], "nome": "11:20:30|::", "id": 1, "final": true, "indice_oss": 0}, "oss": "\u03b5", "ril": "f1", "chiusura_iniziale": null, "chiusura_finale": null, "nodo_accettazione_raggiunto": null, "etichetta_diagnosi": "\u03b5"}, {"py/object": "strutture_dati.Cammino", "nome": "t2a", "nodo_iniziale": {"py/id": 1}, "nodo_finale": {"py/object": "strutture_dati.Nodo", "stati_FA": ["10", "21", "30"], "lista_link": [{"py/object": "strutture_dati.Link", "nome": "L1", "FA_i": "C2", "FA_f": "C1", "buffer": "e1"}, {"py/object": "strutture_dati.Link", "nome": "L2", "FA_i": "C2", "FA_f": "C3", "buffer": "e3"}, {"py/object": "strutture_dati.Link", "nome": "L3", "FA_i": "C3", "FA_f": "C1", "buffer": ""}], "nome": "10:21:30|e1:e3:", "id": 2, "final": false, "indice_oss": 0}, "oss": "o1", "ril": "\u03b5", "chiusura_iniziale": null, "chiusura_finale": null, "nodo_accettazione_raggiunto": null, "etichetta_diagnosi": "\u03b5"}, {"py/object": "strutture_dati.Cammino", "nome": "t3a", "nodo_iniziale": {"py/id": 1}, "nodo_finale": {"py/object": "strutture_dati.Nodo", "stati_FA": ["10", "20", "31"], "lista_link": [{"py/object": "strutture_dati.Link", "nome": "L1", "FA_i": "C2", "FA_f": "C1", "buffer": ""}, {"py/object": "strutture_dati.Link", "nome": "L2", "FA_i": "C2", "FA_f": "C3", "buffer": ""}, {"py/object": "strutture_dati.Link", "nome": "L3", "FA_i": "C3", "FA_f": "C1", "buffer": "e2"}], "nome": "10:20:31|::e2", "id": 3, "final": false, "indice_oss": 0}, "oss": "\u03b5", "ril": "\u03b5", "chiusura_iniziale": null, "chiusura_finale": null, "nodo_accettazione_raggiunto": null, "etichetta_diagnosi": "\u03b5"}, {"py/object": "strutture_dati.Cammino", "nome": "t2a", "nodo_iniziale": {"py/id": 256}, "nodo_finale": {"py/object": "strutture_dati.Nodo", "stati_FA": ["11", "21", "30"], "lista_link": [{"py/object": "strutture_dati.Link", "nome": "L1", "FA_i": "C2", "FA_f": "C1", "buffer": "e1"}, {"py/object": "strutture_dati.Link", "nome": "L2", "FA_i": "C2", "FA_f": "C3", "buffer": "e3"}, {"py/object": "strutture_dati.Link", "nome": "L3", "FA_i": "C3", "FA_f": "C1", "buffer": ""}], "nome": "11:21:30|e1:e3:", "id": 4, "final": false, "indice_oss": 0}, "oss": "o1", "ril": "\u03b5", "chiusura_iniziale": null, "chiusura_finale": null, "nodo_accettazione_raggiunto": null, "etichetta_diagnosi": "\u03b5"}, {"py/object": "strutture_dati.Cammino", "nome": "t3a", "nodo_iniziale": {"py/id": 256}, "nodo_finale": {"py/object": "strutture_dati.Nodo", "stati_FA": ["11", "20", "31"], "lista_link": [{"py/object": "strutture_dati.Link", "nome": "L1", "FA_i": "C2", "FA_f": "C1", "buffer": ""}, {"py/object": "strutture_dati.Link", "nome": "L2", "FA_i": "C2", "FA_f": "C3", "buffer": ""}, {"py/object": "strutture_dati.Link", "nome": "L3", "FA_i": "C3", "FA_f": "C1", "buffer": "e2"}], "nome": "11:20:31|::e2", "id": 5, "final": false, "indice_oss": 0}, "oss": "\u03b5", "ril": "\u03b5", "chiusura_iniziale": null, "chiusura_finale": null, "nodo_accettazione_raggiunto": null, "etichetta_diagnosi": "\u03b5"}, {"py/object": "strutture_dati.Cammino", "nome": "t1a", "nodo_iniziale": {"py/id": 263}, "nodo_finale": {"py/object": "strutture_dati.Nodo", "stati_FA": ["11", "21", "30"], "lista_link": [{"py/object": "strutture_dati.Link", "nome": "L1", "FA_i": "C2", "FA_f": "C1", "buffer": ""}, {"py/object": "strutture_dati.Link", "nome": "L2", "FA_i": "C2", "FA_f": "C3", "buffer": "e3"}, {"py/object": "strutture_dati.Link", "nome": "L3", "FA_i": "C3", "FA_f": "C1", "buffer": ""}], "nome": "11:21:30|:e3:", "id": 6, "final": false, "indice_oss": 0}, "oss": "\u03b5", "ril": "\u03b5", "chiusura_iniziale": null, "chiusura_finale": null, "nodo_accettazione_raggiunto": null, "etichetta_diagnosi": "\u03b5"}, {"py/object": "strutture_dati.Cammino", "nome": "t1c", "nodo_iniziale": {"py/id": 263}, "nodo_finale": {"py/object": "strutture_dati.Nodo", "stati_FA": ["11", "21", "30"], "lista_link": [{"py/object": "strutture_dati.Link", "nome": "L1", "FA_i": "C2", "FA_f": "C1", "buffer": "e1"}, {"py/object": "strutture_dati.Link", "nome": "L2", "FA_i": "C2", "FA_f": "C3", "buffer": "e3"}, {"py/object": "strutture_dati.Link", "nome": "L3", "FA_i": "C3", "FA_f": "C1", "buffer": ""}], "nome": "11:21:30|e1:e3:", "id": 4, "final": false, "indice_oss": 0}, "oss": "\u03b5", "ril": "f1", "chiusura_iniziale": null, "chiusura_finale": null, "nodo_accettazione_raggiunto": null, "etichetta_diagnosi": "\u03b5"}, {"py/object": "strutture_dati.Cammino", "nome": "t3a", "nodo_iniziale": {"py/id": 263}, "nodo_finale": {"py/object": "strutture_dati.Nodo", "stati_FA": ["10", "21", "31"], "lista_link": [{"py/object": "strutture_dati.Link", "nome": "L1", "FA_i": "C2", "FA_f": "C1", "buffer": "e1"}, {"py/object": "strutture_dati.Link", "nome": "L2", "FA_i": "C2", "FA_f": "C3", "buffer": "e3"}, {"py/object": "strutture_dati.Link", "nome": "L3", "FA_i": "C3", "FA_f": "C1", "buffer": "e2"}], "nome": "10:21:31|e1:e3:e2", "id": 7, "final": false, "indice_oss": 0}, "oss": "\u03b5", "ril": "\u03b5", "chiusura_iniziale": null, "chiusura_finale": null, "nodo_accettazione_raggiunto": null, "etichetta_diagnosi": "\u03b5"}, {"py/object": "strutture_dati.Cammino", "nome": "t1c", "nodo_iniziale": {"py/id": 270}, "nodo_finale": {"py/object": "strutture_dati.Nodo", "stati_FA": ["11", "20", "31"], "lista_link": [{"py/object": "strutture_dati.Link", "nome": "L1", "FA_i": "C2", "FA_f": "C1", "buffer": ""}, {"py/object": "strutture_dati.Link", "nome": "L2", "FA_i": "C2", "FA_f": "C3", "buffer": ""}, {"py/object": "strutture_dati.Link", "nome": "L3", "FA_i": "C3", "FA_f": "C1", "buffer": "e2"}], "nome": "11:20:31|::e2", "id": 5, "final": false, "indice_oss": 0}, "oss": "\u03b5", "ril": "f1", "chiusura_iniziale": null, "chiusura_finale": null, "nodo_accettazione_raggiunto": null, "etichetta_diagnosi": "\u03b5"}, {"py/object": "strutture_dati.Cammino", "nome": "t2a", "nodo_iniziale": {"py/id": 270}, "nodo_finale": {"py/object": "strutture_dati.Nodo", "stati_FA": ["10", "21", "31"], "lista_link": [{"py/object": "strutture_dati.Link", "nome": "L1", "FA_i": "C2", "FA_f": "C1", "buffer": "e1"}, {"py/object": "strutture_dati.Link", "nome": "L2", "FA_i": "C2", "FA_f": "C3", "buffer": "e3"}, {"py/object": "strutture_dati.Link", "nome": "L3", "FA_i": "C3", "FA_f": "C1", "buffer": "e2"}], "nome": "10:21:31|e1:e3:e2", "id": 7, "final": false, "indice_oss": 0}, "oss": "o1", "ril": "\u03b5", "chiusura_iniziale": null, "chiusura_finale": null, "nodo_accettazione_raggiunto": null, "etichetta_diagnosi": "\u03b5"}, {"py/object": "strutture_dati.Cammino", "nome": "t3a", "nodo_iniziale": {"py/id": 277}, "nodo_finale": {"py/object": "strutture_dati.Nodo", "stati_FA": ["11", "21", "31"], "lista_link": [{"py/object": "strutture_dati.Link", "nome": "L1", "FA_i": "C2", "FA_f": "C1", "buffer": "e1"}, {"py/object": "strutture_dati.Link", "nome": "L2", "FA_i": "C2", "FA_f": "C3", "buffer": "e3"}, {"py/object": "strutture_dati.Link", "nome": "L3", "FA_i": "C3", "FA_f": "C1", "buffer": "e2"}], "nome": "11:21:31|e1:e3:e2", "id": 8, "final": false, "indice_oss": 0}, "oss": "\u03b5", "ril": "\u03b5", "chiusura_iniziale": null, "chiusura_finale": null, "nodo_accettazione_raggiunto": null, "etichetta_diagnosi": "\u03b5"}, {"py/object": "strutture_dati.Cammino", "nome": "t1b", "nodo_iniziale": {"py/id": 284}, "nodo_finale": {"py/object": "strutture_dati.Nodo", "stati_FA": ["10", "20", "31"], "lista_link": [{"py/object": "strutture_dati.Link", "nome": "L1", "FA_i": "C2", "FA_f": "C1", "buffer": ""}, {"py/object": "strutture_dati.Link", "nome": "L2", "FA_i": "C2", "FA_f": "C3", "buffer": ""}, {"py/object": "strutture_dati.Link", "nome": "L3", "FA_i": "C3", "FA_f": "C1", "buffer": ""}], "nome": "10:20:31|::", "id": 9, "final": true, "indice_oss": 0}, "oss": "\u03b5", "ril": "\u03b5", "chiusura_iniziale": null, "chiusura_finale": null, "nodo_accettazione_raggiunto": null, "etichetta_diagnosi": "\u03b5"}, {"py/object": "strutture_dati.Cammino", "nome": "t2a", "nodo_iniziale": {"py/id": 284}, "nodo_finale": {"py/object": "strutture_dati.Nodo", "stati_FA": ["11", "21", "31"], "lista_link": [{"py/object": "strutture_dati.Link", "nome": "L1", "FA_i": "C2", "FA_f": "C1", "buffer": "e1"}, {"py/object": "strutture_dati.Link", "nome": "L2", "FA_i": "C2", "FA_f": "C3", "buffer": "e3"}, {"py/object": "strutture_dati.Link", "nome": "L3", "FA_i": "C3", "FA_f": "C1", "buffer": "e2"}], "nome": "11:21:31|e1:e3:e2", "id": 8, "final": false, "indice_oss": 0}, "oss": "o1", "ril": "\u03b5", "chiusura_iniziale": null, "chiusura_finale": null, "nodo_accettazione_raggiunto": null, "etichetta_diagnosi": "\u03b5"}, {"py/object": "strutture_dati.Cammino", "nome": "t2b", "nodo_iniziale": {"py/id": 291}, "nodo_finale": {"py/object": "strutture_dati.Nodo", "stati_FA": ["11", "20", "30"], "lista_link": [{"py/object": "strutture_dati.Link", "nome": "L1", "FA_i": "C2", "FA_f": "C1", "buffer": "e1"}, {"py/object": "strutture_dati.Link", "nome": "L2", "FA_i": "C2", "FA_f": "C3", "buffer": "e3"}, {"py/object": "strutture_dati.Link", "nome": "L3", "FA_i": "C3", "FA_f": "C1", "buffer": ""}], "nome": "11:20:30|e1:e3:", "id": 10, "final": false, "indice_oss": 0}, "oss": "o2", "ril": "\u03b5", "chiusura_iniziale": null, "chiusura_finale": null, "nodo_accettazione_raggiunto": null, "etichetta_diagnosi": "\u03b5"}, {"py/object": "strutture_dati.Cammino", "nome": "t3a", "nodo_iniziale": {"py/id": 291}, "nodo_finale": {"py/object": "strutture_dati.Nodo", "stati_FA": ["11", "21", "31"], "lista_link": [{"py/object": "strutture_dati.Link", "nome": "L1", "FA_i": "C2", "FA_f": "C1", "buffer": ""}, {"py/object": "strutture_dati.Link", "nome": "L2", "FA_i": "C2", "FA_f": "C3", "buffer": "e3"}, {"py/object": "strutture_dati.Link", "nome": "L3", "FA_i": "C3", "FA_f": "C1", "buffer": "e2"}], "nome": "11:21:31|:e3:e2", "id": 11, "final": false, "indice_oss": 0}, "oss": "\u03b5", "ril": "\u03b5", "chiusura_iniziale": null, "chiusura_finale": null, "nodo_accettazione_raggiunto": null, "etichetta_diagnosi": "\u03b5"}, {"py/object": "strutture_dati.Cammino", "nome": "t1a", "nodo_iniziale": {"py/id": 305}, "nodo_finale": {"py/object": "strutture_dati.Nodo", "stati_FA": ["11", "21", "31"], "lista_link": [{"py/object": "strutture_dati.Link", "nome": "L1", "FA_i": "C2", "FA_f": "C1", "buffer": ""}, {"py/object": "strutture_dati.Link", "nome": "L2", "FA_i": "C2", "FA_f": "C3", "buffer": "e3"}, {"py/object": "strutture_dati.Link", "nome": "L3", "FA_i": "C3", "FA_f": "C1", "buffer": "e2"}], "nome": "11:21:31|:e3:e2", "id": 11, "final": false, "indice_oss": 0}, "oss": "\u03b5", "ril": "\u03b5", "chiusura_iniziale": null, "chiusura_finale": null, "nodo_accettazione_raggiunto": null, "etichetta_diagnosi": "\u03b5"}, {"py/object": "strutture_dati.Cammino", "nome": "t1c", "nodo_iniziale": {"py/id": 305}, "nodo_finale": {"py/object": "strutture_dati.Nodo", "stati_FA": ["11", "21", "31"], "lista_link": [{"py/object": "strutture_dati.Link", "nome": "L1", "FA_i": "C2", "FA_f": "C1", "buffer": "e1"}, {"py/object": "strutture_dati.Link", "nome": "L2", "FA_i": "C2", "FA_f": "C3", "buffer": "e3"}, {"py/object": "strutture_dati.Link", "nome": "L3", "FA_i": "C3", "FA_f": "C1", "buffer": "e2"}], "nome": "11:21:31|e1:e3:e2", "id": 8, "final": false, "indice_oss": 0}, "oss": "\u03b5", "ril": "f1", "chiusura_iniziale": null, "chiusura_finale": null, "nodo_accettazione_raggiunto": null, "etichetta_diagnosi": "\u03b5"}, {"py/object": "strutture_dati.Cammino", "nome": "t3b", "nodo_iniziale": {"py/id": 305}, "nodo_finale": {"py/object": "strutture_dati.Nodo", "stati_FA": ["10", "21", "30"], "lista_link": [{"py/object": "strutture_dati.Link", "nome": "L1", "FA_i": "C2", "FA_f": "C1", "buffer": "e1"}, {"py/object": "strutture_dati.Link", "nome": "L2", "FA_i": "C2", "FA_f": "C3", "buffer": ""}, {"py/object": "strutture_dati.Link", "nome": "L3", "FA_i": "C3", "FA_f": "C1", "buffer": "e2"}], "nome": "10:21:30|e1::e2", "id": 12, "final": false, "indice_oss": 0}, "oss": "\u03b5", "ril": "\u03b5", "chiusura_iniziale": null, "chiusura_finale": null, "nodo_accettazione_raggiunto": null, "etichetta_diagnosi": "\u03b5"}, {"py/object": "strutture_dati.Cammino", "nome": "t3c", "nodo_iniziale": {"py/id": 305}, "nodo_finale": {"py/object": "strutture_dati.Nodo", "stati_FA": ["10", "21", "31"], "lista_link": [{"py/object": "strutture_dati.Link", "nome": "L1", "FA_i": "C2", "FA_f": "C1", "buffer": "e1"}, {"py/object": "strutture_dati.Link", "nome": "L2", "FA_i": "C2", "FA_f": "C3", "buffer": ""}, {"py/object": "strutture_dati.Link", "nome": "L3", "FA_i": "C3", "FA_f": "C1", "buffer": "e2"}], "nome": "10:21:31|e1::e2", "id": 13, "final": false, "indice_oss": 0}, "oss": "\u03b5", "ril": "f3", "chiusura_iniziale": null, "chiusura_finale": null, "nodo_accettazione_raggiunto": null, "etichetta_diagnosi": "\u03b5"}, {"py/object": "strutture_dati.Cammino", "nome": "t1b", "nodo_iniziale": {"py/id": 326}, "nodo_finale": {"py/object": "strutture_dati.Nodo", "stati_FA": ["10", "21", "31"], "lista_link": [{"py/object": "strutture_dati.Link", "nome": "L1", "FA_i": "C2", "FA_f": "C1", "buffer": "e1"}, {"py/object": "strutture_dati.Link", "nome": "L2", "FA_i": "C2", "FA_f": "C3", "buffer": "e3"}, {"py/object": "strutture_dati.Link", "nome": "L3", "FA_i": "C3", "FA_f": "C1", "buffer": ""}], "nome": "10:21:31|e1:e3:", "id": 14, "final": false, "indice_oss": 0}, "oss": "\u03b5", "ril": "\u03b5", "chiusura_iniziale": null, "chiusura_finale": null, "nodo_accettazione_raggiunto": null, "etichetta_diagnosi": "\u03b5"}, {"py/object": "strutture_dati.Cammino", "nome": "t3b", "nodo_iniziale": {"py/id": 326}, "nodo_finale": {"py/object": "strutture_dati.Nodo", "stati_FA": ["11", "21", "30"], "lista_link": [{"py/object": "strutture_dati.Link", "nome": "L1", "FA_i": "C2", "FA_f": "C1", "buffer": "e1"}, {"py/object": "strutture_dati.Link", "nome": "L2", "FA_i": "C2", "FA_f": "C3", "buffer": ""}, {"py/object": "strutture_dati.Link", "nome": "L3", "FA_i": "C3", "FA_f": "C1", "buffer": "e2"}], "nome": "11:21:30|e1::e2", "id": 15, "final": false, "indice_oss": 0}, "oss": "\u03b5", "ril": "\u03b5", "chiusura_iniziale": null, "chiusura_finale": null, "nodo_accettazione_raggiunto": null, "etichetta_diagnosi": "\u03b5"}, {"py/object": "strutture_dati.Cammino", "nome": "t3c", "nodo_iniziale": {"py/id": 326}, "nodo_finale": {"py/object": "strutture_dati.Nodo", "stati_FA": ["11", "21", "31"], "lista_link": [{"py/object": "strutture_dati.Link", "nome": "L1", "FA_i": "C2", "FA_f": "C1", "buffer": "e1"}, {"py/object": "strutture_dati.Link", "nome": "L2", "FA_i": "C2", "FA_f": "C3", "buffer": ""}, {"py/object": "strutture_dati.Link", "nome": "L3", "FA_i": "C3", "FA_f": "C1", "buffer": "e2"}], "nome": "11:21:31|e1::e2", "id": 16, "final": false, "indice_oss": 0}, "oss": "\u03b5", "ril": "f3", "chiusura_iniziale": null, "chiusura_finale": null, "nodo_accettazione_raggiunto": null, "etichetta_diagnosi": "\u03b5"}, {"py/object": "strutture_dati.Cammino", "nome": "t1c", "nodo_iniziale": {"py/id": 333}, "nodo_finale": {"py/object": "strutture_dati.Nodo", "stati_FA": ["11", "20", "31"], "lista_link": [{"py/object": "strutture_dati.Link", "nome": "L1", "FA_i": "C2", "FA_f": "C1", "buffer": ""}, {"py/object": "strutture_dati.Link", "nome": "L2", "FA_i": "C2", "FA_f": "C3", "buffer": ""}, {"py/object": "strutture_dati.Link", "nome": "L3", "FA_i": "C3", "FA_f": "C1", "buffer": ""}], "nome": "11:20:31|::", "id": 17, "final": true, "indice_oss": 0}, "oss": "\u03b5", "ril": "f1", "chiusura_iniziale": null, "chiusura_finale": null, "nodo_accettazione_raggiunto": null, "etichetta_diagnosi": "\u03b5"}, {"py/object": "strutture_dati.Cammino", "nome": "t2a", "nodo_iniziale": {"py/id": 333}, "nodo_finale": {"py/object": "strutture_dati.Nodo", "stati_FA": ["10", "21", "31"], "lista_link": [{"py/object": "strutture_dati.Link", "nome": "L1", "FA_i": "C2", "FA_f": "C1", "buffer": "e1"}, {"py/object": "strutture_dati.Link", "nome": "L2", "FA_i": "C2", "FA_f": "C3", "buffer": "e3"}, {"py/object": "strutture_dati.Link", "nome": "L3", "FA_i": "C3", "FA_f": "C1", "buffer": ""}], "nome": "10:21:31|e1:e3:", "id": 14, "final": false, "indice_oss": 0}, "oss": "o1", "ril": "\u03b5", "chiusura_iniziale": null, "chiusura_finale": null, "nodo_accettazione_raggiunto": null, "etichetta_diagnosi": "\u03b5"}, {"py/object": "strutture_dati.Cammino", "nome": "t3a", "nodo_iniziale": {"py/id": 347}, "nodo_finale": {"py/object": "strutture_dati.Nodo", "stati_FA": ["11", "20", "31"], "lista_link": [{"py/object": "strutture_dati.Link", "nome": "L1", "FA_i": "C2", "FA_f": "C1", "buffer": "e1"}, {"py/object": "strutture_dati.Link", "nome": "L2", "FA_i": "C2", "FA_f": "C3", "buffer": "e3"}, {"py/object": "strutture_dati.Link", "nome": "L3", "FA_i": "C3", "FA_f": "C1", "buffer": "e2"}], "nome": "11:20:31|e1:e3:e2", "id": 18, "final": false, "indice_oss": 0}, "oss": "\u03b5", "ril": "\u03b5", "chiusura_iniziale": null, "chiusura_finale": null, "nodo_accettazione_raggiunto": null, "etichetta_diagnosi": "\u03b5"}, {"py/object": "strutture_dati.Cammino", "nome": "t1b", "nodo_iniziale": {"py/id": 354}, "nodo_finale": {"py/object": "strutture_dati.Nodo", "stati_FA": ["10", "21", "31"], "lista_link": [{"py/object": "strutture_dati.Link", "nome": "L1", "FA_i": "C2", "FA_f": "C1", "buffer": ""}, {"py/object": "strutture_dati.Link", "nome": "L2", "FA_i": "C2", "FA_f": "C3", "buffer": "e3"}, {"py/object": "strutture_dati.Link", "nome": "L3", "FA_i": "C3", "FA_f": "C1", "buffer": ""}], "nome": "10:21:31|:e3:", "id": 19, "final": false, "indice_oss": 0}, "oss": "\u03b5", "ril": "\u03b5", "chiusura_iniziale": null, "chiusura_finale": null, "nodo_accettazione_raggiunto": null, "etichetta_diagnosi": "\u03b5"}, {"py/object": "strutture_dati.Cammino", "nome": "t2b", "nodo_iniziale": {"py/id": 354}, "nodo_finale": {"py/object": "strutture_dati.Nodo", "stati_FA": ["11", "20", "31"], "lista_link": [{"py/object": "strutture_dati.Link", "nome": "L1", "FA_i": "C2", "FA_f": "C1", "buffer": "e1"}, {"py/object": "strutture_dati.Link", "nome": "L2", "FA_i": "C2", "FA_f": "C3", "buffer": "e3"}, {"py/object": "strutture_dati.Link", "nome": "L3", "FA_i": "C3", "FA_f": "C1", "buffer": "e2"}], "nome": "11:20:31|e1:e3:e2", "id": 18, "final": false, "indice_oss": 0}, "oss": "o2", "ril": "\u03b5", "chiusura_iniziale": null, "chiusura_finale": null, "nodo_accettazione_raggiunto": null, "etichetta_diagnosi": "\u03b5"}, {"py/object": "strutture_dati.Cammino", "nome": "t3b", "nodo_iniziale": {"py/id": 354}, "nodo_finale": {"py/object": "strutture_dati.Nodo", "stati_FA": ["11", "21", "30"], "lista_link": [{"py/object": "strutture_dati.Link", "nome": "L1", "FA_i": "C2", "FA_f": "C1", "buffer": ""}, {"py/object": "strutture_dati.Link", "nome": "L2", "FA_i": "C2", "FA_f": "C3", "buffer": ""}, {"py/object": "strutture_dati.Link", "nome": "L3", "FA_i": "C3", "FA_f": "C1", "buffer": "e2"}], "nome": "11:21:30|::e2", "id": 20, "final": false, "indice_oss": 0}, "oss": "\u03b5", "ril": "\u03b5", "chiusura_iniziale": null, "chiusura_finale": null, "nodo_accettazione_raggiunto": null, "etichetta_diagnosi": "\u03b5"}, {"py/object": "strutture_dati.Cammino", "nome": "t3c", "nodo_iniziale": {"py/id": 354}, "nodo_finale": {"py/object": "strutture_dati.Nodo", "stati_FA": ["11", "21", "31"], "lista_link": [{"py/object": "strutture_dati.Link", "nome": "L1", "FA_i": "C2", "FA_f": "C1", "buffer": ""}, {"py/object": "strutture_dati.Link", "nome": "L2", "FA_i": "C2", "FA_f": "C3", "buffer": ""}, {"py/object": "strutture_dati.Link", "nome": "L3", "FA_i": "C3", "FA_f": "C1", "buffer": "e2"}], "nome": "11:21:31|::e2", "id": 21, "final": false, "indice_oss": 0}, "oss": "\u03b5", "ril": "f3", "chiusura_iniziale": null, "chiusura_finale": null, "nodo_accettazione_raggiunto": null, "etichetta_diagnosi": "\u03b5"}, {"py/object": "strutture_dati.Cammino", "nome": "t1a", "nodo_iniziale": {"py/id": 375}, "nodo_finale": {"py/object": "strutture_dati.Nodo", "stati_FA": ["11", "21", "30"], "lista_link": [{"py/object": "strutture_dati.Link", "nome": "L1", "FA_i": "C2", "FA_f": "C1", "buffer": ""}, {"py/object": "strutture_dati.Link", "nome": "L2", "FA_i": "C2", "FA_f": "C3", "buffer": ""}, {"py/object": "strutture_dati.Link", "nome": "L3", "FA_i": "C3", "FA_f": "C1", "buffer": "e2"}], "nome": "11:21:30|::e2", "id": 20, "final": false, "indice_oss": 0}, "oss": "\u03b5", "ril": "\u03b5", "chiusura_iniziale": null, "chiusura_finale": null, "nodo_accettazione_raggiunto": null, "etichetta_diagnosi": "\u03b5"}, {"py/object": "strutture_dati.Cammino", "nome": "t1c", "nodo_iniziale": {"py/id": 375}, "nodo_finale": {"py/object": "strutture_dati.Nodo", "stati_FA": ["11", "21", "30"], "lista_link": [{"py/object": "strutture_dati.Link", "nome": "L1", "FA_i": "C2", "FA_f": "C1", "buffer": "e1"}, {"py/object": "strutture_dati.Link", "nome": "L2", "FA_i": "C2", "FA_f": "C3", "buffer": ""}, {"py/object": "strutture_dati.Link", "nome": "L3", "FA_i": "C3", "FA_f": "C1", "buffer": "e2"}], "nome": "11:21:30|e1::e2", "id": 15, "final": false, "indice_oss": 0}, "oss": "\u03b5", "ril": "f1", "chiusura_iniziale": null, "chiusura_finale": null, "nodo_accettazione_raggiunto": null, "etichetta_diagnosi": "\u03b5"}, {"py/object": "strutture_dati.Cammino", "nome": "t1a", "nodo_iniziale": {"py/id": 382}, "nodo_finale": {"py/object": "strutture_dati.Nodo", "stati_FA": ["11", "21", "31"], "lista_link": [{"py/object": "strutture_dati.Link", "nome": "L1", "FA_i": "C2", "FA_f": "C1", "buffer": ""}, {"py/object": "strutture_dati.Link", "nome": "L2", "FA_i": "C2", "FA_f": "C3", "buffer": ""}, {"py/object": "strutture_dati.Link", "nome": "L3", "FA_i": "C3", "FA_f": "C1", "buffer": "e2"}], "nome": "11:21:31|::e2", "id": 21, "final": false, "indice_oss": 0}, "oss": "\u03b5", "ril": "\u03b5", "chiusura_iniziale": null, "chiusura_finale": null, "nodo_accettazione_raggiunto": null, "etichetta_diagnosi": "\u03b5"}, {"py/object": "strutture_dati.Cammino", "nome": "t1c", "nodo_iniziale": {"py/id": 382}, "nodo_finale": {"py/object": "strutture_dati.Nodo", "stati_FA": ["11", "21", "31"], "lista_link": [{"py/object": "strutture_dati.Link", "nome": "L1", "FA_i": "C2", "FA_f": "C1", "buffer": "e1"}, {"py/object": "strutture_dati.Link", "nome": "L2", "FA_i": "C2", "FA_f": "C3", "buffer": ""}, {"py/object": "strutture_dati.Link", "nome": "L3", "FA_i": "C3", "FA_f": "C1", "buffer": "e2"}], "nome": "11:21:31|e1::e2", "id": 16, "final": false, "indice_oss": 0}, "oss": "\u03b5", "ril": "f1", "chiusura_iniziale": null, "chiusura_finale": null, "nodo_accettazione_raggiunto": null, "etichetta_diagnosi": "\u03b5"}, {"py/object": "strutture_dati.Cammino", "nome": "t1a", "nodo_iniziale": {"py/id": 389}, "nodo_finale": {"py/object": "strutture_dati.Nodo", "stati_FA": ["11", "21", "31"], "lista_link": [{"py/object": "strutture_dati.Link", "nome": "L1", "FA_i": "C2", "FA_f": "C1", "buffer": ""}, {"py/object": "strutture_dati.Link", "nome": "L2", "FA_i": "C2", "FA_f": "C3", "buffer": "e3"}, {"py/object": "strutture_dati.Link", "nome": "L3", "FA_i": "C3", "FA_f": "C1", "buffer": ""}], "nome": "11:21:31|:e3:", "id": 22, "final": false, "indice_oss": 0}, "oss": "\u03b5", "ril": "\u03b5", "chiusura_iniziale": null, "chiusura_finale": null, "nodo_accettazione_raggiunto": null, "etichetta_diagnosi": "\u03b5"}, {"py/object": "strutture_dati.Cammino", "nome": "t1c", "nodo_iniziale": {"py/id": 389}, "nodo_finale": {"py/object": "strutture_dati.Nodo", "stati_FA": ["11", "21", "31"], "lista_link": [{"py/object": "strutture_dati.Link", "nome": "L1", "FA_i": "C2", "FA_f": "C1", "buffer": "e1"}, {"py/object": "strutture_dati.Link", "nome": "L2", "FA_i": "C2", "FA_f": "C3", "buffer": "e3"}, {"py/object": "strutture_dati.Link", "nome": "L3", "FA_i": "C3", "FA_f": "C1", "buffer": ""}], "nome": "11:21:31|e1:e3:", "id": 23, "final": false, "indice_oss": 0}, "oss": "\u03b5", "ril": "f1", "chiusura_iniziale": null, "chiusura_finale": null, "nodo_accettazione_raggiunto": null, "etichetta_diagnosi": "\u03b5"}, {"py/object": "strutture_dati.Cammino", "nome": "t3b", "nodo_iniziale": {"py/id": 389}, "nodo_finale": {"py/object": "strutture_dati.Nodo", "stati_FA": ["10", "21", "30"], "lista_link": [{"py/object": "strutture_dati.Link", "nome": "L1", "FA_i": "C2", "FA_f": "C1", "buffer": "e1"}, {"py/object": "strutture_dati.Link", "nome": "L2", "FA_i": "C2", "FA_f": "C3", "buffer": ""}, {"py/object": "strutture_dati.Link", "nome": "L3", "FA_i": "C3", "FA_f": "C1", "buffer": ""}], "nome": "10:21:30|e1::", "id": 24, "final": false, "indice_oss": 0}, "oss": "\u03b5", "ril": "\u03b5", "chiusura_iniziale": null, "chiusura_finale": null, "nodo_accettazione_raggiunto": null, "etichetta_diagnosi": "\u03b5"}, {"py/object": "strutture_dati.Cammino", "nome": "t3c", "nodo_iniziale": {"py/id": 389}, "nodo_finale": {"py/object": "strutture_dati.Nodo", "stati_FA": ["10", "21", "31"], "lista_link": [{"py/object": "strutture_dati.Link", "nome": "L1", "FA_i": "C2", "FA_f": "C1", "buffer": "e1"}, {"py/object": "strutture_dati.Link", "nome": "L2", "FA_i": "C2", "FA_f": "C3", "buffer": ""}, {"py/object": "strutture_dati.Link", "nome": "L3", "FA_i": "C3", "FA_f": "C1", "buffer": ""}], "nome": "10:21:31|e1::", "id": 25, "final": false, "indice_oss": 0}, "oss": "\u03b5", "ril": "f3", "chiusura_iniziale": null, "chiusura_finale": null, "nodo_accettazione_raggiunto": null, "etichetta_diagnosi": "\u03b5"}, {"py/object": "strutture_dati.Cammino", "nome": "t1b", "nodo_iniziale": {"py/id": 396}, "nodo_finale": {"py/object": "strutture_dati.Nodo", "stati_FA": ["10", "21", "30"], "lista_link": [{"py/object": "strutture_dati.Link", "nome": "L1", "FA_i": "C2", "FA_f": "C1", "buffer": "e1"}, {"py/object": "strutture_dati.Link", "nome": "L2", "FA_i": "C2", "FA_f": "C3", "buffer": ""}, {"py/object": "strutture_dati.Link", "nome": "L3", "FA_i": "C3", "FA_f": "C1", "buffer": ""}], "nome": "10:21:30|e1::", "id": 24, "final": false, "indice_oss": 0}, "oss": "\u03b5", "ril": "\u03b5", "chiusura_iniziale": null, "chiusura_finale": null, "nodo_accettazione_raggiunto": null, "etichetta_diagnosi": "\u03b5"}, {"py/object": "strutture_dati.Cammino", "nome": "t1b", "nodo_iniziale": {"py/id": 403}, "nodo_finale": {"py/object": "strutture_dati.Nodo", "stati_FA": ["10", "21", "31"], "lista_link": [{"py/object": "strutture_dati.Link", "nome": "L1", "FA_i": "C2", "FA_f": "C1", "buffer": "e1"}, {"py/object": "strutture_dati.Link", "nome": "L2", "FA_i": "C2", "FA_f": "C3", "buffer": ""}, {"py/object": "strutture_dati.Link", "nome": "L3", "FA_i": "C3", "FA_f": "C1", "buffer": ""}], "nome": "10:21:31|e1::", "id": 25, "final": false, "indice_oss": 0}, "oss": "\u03b5", "ril": "\u03b5", "chiusura_iniziale": null, "chiusura_finale": null, "nodo_accettazione_raggiunto": null, "etichetta_diagnosi": "\u03b5"}, {"py/object": "strutture_dati.Cammino", "nome": "t2a", "nodo_iniziale": {"py/id": 410}, "nodo_finale": {"py/object": "strutture_dati.Nodo", "stati_FA": ["11", "21", "31"], "lista_link": [{"py/object": "strutture_dati.Link", "nome": "L1", "FA_i": "C2", "FA_f": "C1", "buffer": "e1"}, {"py/object": "strutture_dati.Link", "nome": "L2", "FA_i": "C2", "FA_f": "C3", "buffer": "e3"}, {"py/object": "strutture_dati.Link", "nome": "L3", "FA_i": "C3", "FA_f": "C1", "buffer": ""}], "nome": "11:21:31|e1:e3:", "id": 23, "final": false, "indice_oss": 0}, "oss": "o1", "ril": "\u03b5", "chiusura_iniziale": null, "chiusura_finale": null, "nodo_accettazione_raggiunto": null, "etichetta_diagnosi": "\u03b5"}, {"py/object": "strutture_dati.Cammino", "nome": "t1b", "nodo_iniziale": {"py/id": 424}, "nodo_finale": {"py/object": "strutture_dati.Nodo", "stati_FA": ["10", "20", "31"], "lista_link": [{"py/object": "strutture_dati.Link", "nome": "L1", "FA_i": "C2", "FA_f": "C1", "buffer": "e1"}, {"py/object": "strutture_dati.Link", "nome": "L2", "FA_i": "C2", "FA_f": "C3", "buffer": "e3"}, {"py/object": "strutture_dati.Link", "nome": "L3", "FA_i": "C3", "FA_f": "C1", "buffer": ""}], "nome": "10:20:31|e1:e3:", "id": 26, "final": false, "indice_oss": 0}, "oss": "\u03b5", "ril": "\u03b5", "chiusura_iniziale": null, "chiusura_finale": null, "nodo_accettazione_raggiunto": null, "etichetta_diagnosi": "\u03b5"}, {"py/object": "strutture_dati.Cammino", "nome": "t3b", "nodo_iniziale": {"py/id": 424}, "nodo_finale": {"py/object": "strutture_dati.Nodo", "stati_FA": ["11", "20", "30"], "lista_link": [{"py/object": "strutture_dati.Link", "nome": "L1", "FA_i": "C2", "FA_f": "C1", "buffer": "e1"}, {"py/object": "strutture_dati.Link", "nome": "L2", "FA_i": "C2", "FA_f": "C3", "buffer": ""}, {"py/object": "strutture_dati.Link", "nome": "L3", "FA_i": "C3", "FA_f": "C1", "buffer": "e2"}], "nome": "11:20:30|e1::e2", "id": 27, "final": false, "indice_oss": 0}, "oss": "\u03b5", "ril": "\u03b5", "chiusura_iniziale": null, "chiusura_finale": null, "nodo_accettazione_raggiunto": null, "etichetta_diagnosi": "\u03b5"}, {"py/object": "strutture_dati.Cammino", "nome": "t3c", "nodo_iniziale": {"py/id": 424}, "nodo_finale": {"py/object": "strutture_dati.Nodo", "stati_FA": ["11", "20", "31"], "lista_link": [{"py/object": "strutture_dati.Link", "nome": "L1", "FA_i": "C2", "FA_f": "C1", "buffer": "e1"}, {"py/object": "strutture_dati.Link", "nome": "L2", "FA_i": "C2", "FA_f": "C3", "buffer": ""}, {"py/object": "strutture_dati.Link", "nome": "L3", "FA_i": "C3", "FA_f": "C1", "buffer": "e2"}], "nome": "11:20:31|e1::e2", "id": 28, "final": false, "indice_oss": 0}, "oss": "\u03b5", "ril": "f3", "chiusura_iniziale": null, "chiusura_finale": null, "nodo_accettazione_raggiunto": null, "etichetta_diagnosi": "\u03b5"}, {"py/object": "strutture_dati.Cammino", "nome": "t1c", "nodo_iniziale": {"py/id": 431}, "nodo_finale": {"py/object": "strutture_dati.Nodo", "stati_FA": ["11", "21", "31"], "lista_link": [{"py/object": "strutture_dati.Link", "nome": "L1", "FA_i": "C2", "FA_f": "C1", "buffer": ""}, {"py/object": "strutture_dati.Link", "nome": "L2", "FA_i": "C2", "FA_f": "C3", "buffer": "e3"}, {"py/object": "strutture_dati.Link", "nome": "L3", "FA_i": "C3", "FA_f": "C1", "buffer": ""}], "nome": "11:21:31|:e3:", "id": 22, "final": false, "indice_oss": 0}, "oss": "\u03b5", "ril": "f1", "chiusura_iniziale": null, "chiusura_finale": null, "nodo_accettazione_raggiunto": null, "etichetta_diagnosi": "\u03b5"}, {"py/object": "strutture_dati.Cammino", "nome": "t2b", "nodo_iniziale": {"py/id": 431}, "nodo_finale": {"py/object": "strutture_dati.Nodo", "stati_FA": ["10", "20", "31"], "lista_link": [{"py/object": "strutture_dati.Link", "nome": "L1", "FA_i": "C2", "FA_f": "C1", "buffer": "e1"}, {"py/object": "strutture_dati.Link", "nome": "L2", "FA_i": "C2", "FA_f": "C3", "buffer": "e3"}, {"py/object": "strutture_dati.Link", "nome": "L3", "FA_i": "C3", "FA_f": "C1", "buffer": ""}], "nome": "10:20:31|e1:e3:", "id": 26, "final": false, "indice_oss": 0}, "oss": "o2", "ril": "\u03b5", "chiusura_iniziale": null, "chiusura_finale": null, "nodo_accettazione_raggiunto": null, "etichetta_diagnosi": "\u03b5"}, {"py/object": "strutture_dati.Cammino", "nome": "t3b", "nodo_iniziale": {"py/id": 431}, "nodo_finale": {"py/object": "strutture_dati.Nodo", "stati_FA": ["10", "21", "30"], "lista_link": [{"py/object": "strutture_dati.Link", "nome": "L1", "FA_i": "C2", "FA_f": "C1", "buffer": ""}, {"py/object": "strutture_dati.Link", "nome": "L2", "FA_i": "C2", "FA_f": "C3", "buffer": ""}, {"py/object": "strutture_dati.Link", "nome": "L3", "FA_i": "C3", "FA_f": "C1", "buffer": ""}], "nome": "10:21:30|::", "id": 29, "final": true, "indice_oss": 0}, "oss": "\u03b5", "ril": "\u03b5", "chiusura_iniziale": null, "chiusura_finale": null, "nodo_accettazione_raggiunto": null, "etichetta_diagnosi": "\u03b5"}, {"py/object": "strutture_dati.Cammino", "nome": "t3c", "nodo_iniziale": {"py/id": 431}, "nodo_finale": {"py/object": "strutture_dati.Nodo", "stati_FA": ["10", "21", "31"], "lista_link": [{"py/object": "strutture_dati.Link", "nome": "L1", "FA_i": "C2", "FA_f": "C1", "buffer": ""}, {"py/object": "strutture_dati.Link", "nome": "L2", "FA_i": "C2", "FA_f": "C3", "buffer": ""}, {"py/object": "strutture_dati.Link", "nome": "L3", "FA_i": "C3", "FA_f": "C1", "buffer": ""}], "nome": "10:21:31|::", "id": 30, "final": true, "indice_oss": 0}, "oss": "\u03b5", "ril": "f3", "chiusura_iniziale": null, "chiusura_finale": null, "nodo_accettazione_raggiunto": null, "etichetta_diagnosi": "\u03b5"}, {"py/object": "strutture_dati.Cammino", "nome": "t1b", "nodo_iniziale": {"py/id": 445}, "nodo_finale": {"py/object": "strutture_dati.Nodo", "stati_FA": ["10", "21", "30"], "lista_link": [{"py/object": "strutture_dati.Link", "nome": "L1", "FA_i": "C2", "FA_f": "C1", "buffer": ""}, {"py/object": "strutture_dati.Link", "nome": "L2", "FA_i": "C2", "FA_f": "C3", "buffer": ""}, {"py/object": "strutture_dati.Link", "nome": "L3", "FA_i": "C3", "FA_f": "C1", "buffer": ""}], "nome": "10:21:30|::", "id": 29, "final": true, "indice_oss": 0}, "oss": "\u03b5", "ril": "\u03b5", "chiusura_iniziale": null, "chiusura_finale": null, "nodo_accettazione_raggiunto": null, "etichetta_diagnosi": "\u03b5"}, {"py/object": "strutture_dati.Cammino", "nome": "t2b", "nodo_iniziale": {"py/id": 445}, "nodo_finale": {"py/object": "strutture_dati.Nodo", "stati_FA": ["11", "20", "30"], "lista_link": [{"py/object": "strutture_dati.Link", "nome": "L1", "FA_i": "C2", "FA_f": "C1", "buffer": "e1"}, {"py/object": "strutture_dati.Link", "nome": "L2", "FA_i": "C2", "FA_f": "C3", "buffer": ""}, {"py/object": "strutture_dati.Link", "nome": "L3", "FA_i": "C3", "FA_f": "C1", "buffer": "e2"}], "nome": "11:20:30|e1::e2", "id": 27, "final": false, "indice_oss": 0}, "oss": "o2", "ril": "\u03b5", "chiusura_iniziale": null, "chiusura_finale": null, "nodo_accettazione_raggiunto": null, "etichetta_diagnosi": "\u03b5"}, {"py/object": "strutture_dati.Cammino", "nome": "t1b", "nodo_iniziale": {"py/id": 452}, "nodo_finale": {"py/object": "strutture_dati.Nodo", "stati_FA": ["10", "21", "31"], "lista_link": [{"py/object": "strutture_dati.Link", "nome": "L1", "FA_i": "C2", "FA_f": "C1", "buffer": ""}, {"py/object": "strutture_dati.Link", "nome": "L2", "FA_i": "C2", "FA_f": "C3", "buffer": ""}, {"py/object": "strutture_dati.Link", "nome": "L3", "FA_i": "C3", "FA_f": "C1", "buffer": ""}], "nome": "10:21:31|::", "id": 30, "final": true, "indice_oss": 0}, "oss": "\u03b5", "ril": "\u03b5", "chiusura_iniziale": null, "chiusura_finale": null, "nodo_accettazione_raggiunto": null, "etichetta_diagnosi": "\u03b5"}, {"py/object": "strutture_dati.Cammino", "nome": "t2b", "nodo_iniziale": {"py/id": 452}, "nodo_finale": {"py/object": "strutture_dati.Nodo", "stati_FA": ["11", "20", "31"], "lista_link": [{"py/object": "strutture_dati.Link", "nome": "L1", "FA_i": "C2", "FA_f": "C1", "buffer": "e1"}, {"py/object": "strutture_dati.Link", "nome": "L2", "FA_i": "C2", "FA_f": "C3", "buffer": ""}, {"py/object": "strutture_dati.Link", "nome": "L3", "FA_i": "C3", "FA_f": "C1", "buffer": "e2"}], "nome": "11:20:31|e1::e2", "id": 28, "final": false, "indice_oss": 0}, "oss": "o2", "ril": "\u03b5", "chiusura_iniziale": null, "chiusura_finale": null, "nodo_accettazione_raggiunto": null, "etichetta_diagnosi": "\u03b5"}, {"py/object": "strutture_dati.Cammino", "nome": "t2b", "nodo_iniziale": {"py/id": 487}, "nodo_finale": {"py/object": "strutture_dati.Nodo", "stati_FA": ["11", "20", "31"], "lista_link": [{"py/object": "strutture_dati.Link", "nome": "L1", "FA_i": "C2", "FA_f": "C1", "buffer": "e1"}, {"py/object": "strutture_dati.Link", "nome": "L2", "FA_i": "C2", "FA_f": "C3", "buffer": "e3"}, {"py/object": "strutture_dati.Link", "nome": "L3", "FA_i": "C3", "FA_f": "C1", "buffer": ""}], "nome": "11:20:31|e1:e3:", "id": 31, "final": false, "indice_oss": 0}, "oss": "o2", "ril": "\u03b5", "chiusura_iniziale": null, "chiusura_finale": null, "nodo_accettazione_raggiunto": null, "etichetta_diagnosi": "\u03b5"}, {"py/object": "strutture_dati.Cammino", "nome": "t3b", "nodo_iniziale": {"py/id": 487}, "nodo_finale": {"py/object": "strutture_dati.Nodo", "stati_FA": ["11", "21", "30"], "lista_link": [{"py/object": "strutture_dati.Link", "nome": "L1", "FA_i": "C2", "FA_f": "C1", "buffer": ""}, {"py/object": "strutture_dati.Link", "nome": "L2", "FA_i": "C2", "FA_f": "C3", "buffer": ""}, {"py/object": "strutture_dati.Link", "nome": "L3", "FA_i": "C3", "FA_f": "C1", "buffer": ""}], "nome": "11:21:30|::", "id": 32, "final": true, "indice_oss": 0}, "oss": "\u03b5", "ril": "\u03b5", "chiusura_iniziale": null, "chiusura_finale": null, "nodo_accettazione_raggiunto": null, "etichetta_diagnosi": "\u03b5"}, {"py/object": "strutture_dati.Cammino", "nome": "t3c", "nodo_iniziale": {"py/id": 487}, "nodo_finale": {"py/object": "strutture_dati.Nodo", "stati_FA": ["11", "21", "31"], "lista_link": [{"py/object": "strutture_dati.Link", "nome": "L1", "FA_i": "C2", "FA_f": "C1", "buffer": ""}, {"py/object": "strutture_dati.Link", "nome": "L2", "FA_i": "C2", "FA_f": "C3", "buffer": ""}, {"py/object": "strutture_dati.Link", "nome": "L3", "FA_i": "C3", "FA_f": "C1", "buffer": ""}], "nome": "11:21:31|::", "id": 33, "final": true, "indice_oss": 0}, "oss": "\u03b5", "ril": "f3", "chiusura_iniziale": null, "chiusura_finale": null, "nodo_accettazione_raggiunto": null, "etichetta_diagnosi": "\u03b5"}, {"py/object": "strutture_dati.Cammino", "nome": "t3b", "nodo_iniziale": {"py/id": 494}, "nodo_finale": {"py/object": "strutture_dati.Nodo", "stati_FA": ["11", "21", "30"], "lista_link": [{"py/object": "strutture_dati.Link", "nome": "L1", "FA_i": "C2", "FA_f": "C1", "buffer": "e1"}, {"py/object": "strutture_dati.Link", "nome": "L2", "FA_i": "C2", "FA_f": "C3", "buffer": ""}, {"py/object": "strutture_dati.Link", "nome": "L3", "FA_i": "C3", "FA_f": "C1", "buffer": ""}], "nome": "11:21:30|e1::", "id": 34, "final": false, "indice_oss": 0}, "oss": "\u03b5", "ril": "\u03b5", "chiusura_iniziale": null, "chiusura_finale": null, "nodo_accettazione_raggiunto": null, "etichetta_diagnosi": "\u03b5"}, {"py/object": "strutture_dati.Cammino", "nome": "t1a", "nodo_iniziale": {"py/id": 501}, "nodo_finale": {"py/object": "strutture_dati.Nodo", "stati_FA": ["11", "21", "30"], "lista_link": [{"py/object": "strutture_dati.Link", "nome": "L1", "FA_i": "C2", "FA_f": "C1", "buffer": ""}, {"py/object": "strutture_dati.Link", "nome": "L2", "FA_i": "C2", "FA_f": "C3", "buffer": ""}, {"py/object": "strutture_dati.Link", "nome": "L3", "FA_i": "C3", "FA_f": "C1", "buffer": ""}], "nome": "11:21:30|::", "id": 32, "final": true, "indice_oss": 0}, "oss": "\u03b5", "ril": "\u03b5", "chiusura_iniziale": null, "chiusura_finale": null, "nodo_accettazione_raggiunto": null, "etichetta_diagnosi": "\u03b5"}, {"py/object": "strutture_dati.Cammino", "nome": "t1c", "nodo_iniziale": {"py/id": 501}, "nodo_finale": {"py/object": "strutture_dati.Nodo", "stati_FA": ["11", "21", "30"], "lista_link": [{"py/object": "strutture_dati.Link", "nome": "L1", "FA_i": "C2", "FA_f": "C1", "buffer": "e1"}, {"py/object": "strutture_dati.Link", "nome": "L2", "FA_i": "C2", "FA_f": "C3", "buffer": ""}, {"py/object": "strutture_dati.Link", "nome": "L3", "FA_i": "C3", "FA_f": "C1", "buffer": ""}], "nome": "11:21:30|e1::", "id": 34, "final": false, "indice_oss": 0}, "oss": "\u03b5", "ril": "f1", "chiusura_iniziale": null, "chiusura_finale": null, "nodo_accettazione_raggiunto": null, "etichetta_diagnosi": "\u03b5"}, {"py/object": "strutture_dati.Cammino", "nome": "t3a", "nodo_iniziale": {"py/id": 501}, "nodo_finale": {"py/object": "strutture_dati.Nodo", "stati_FA": ["10", "21", "31"], "lista_link": [{"py/object": "strutture_dati.Link", "nome": "L1", "FA_i": "C2", "FA_f": "C1", "buffer": "e1"}, {"py/object": "strutture_dati.Link", "nome": "L2", "FA_i": "C2", "FA_f": "C3", "buffer": ""}, {"py/object": "strutture_dati.Link", "nome": "L3", "FA_i": "C3", "FA_f": "C1", "buffer": "e2"}], "nome": "10:21:31|e1::e2", "id": 13, "final": false, "indice_oss": 0}, "oss": "\u03b5", "ril": "\u03b5", "chiusura_iniziale": null, "chiusura_finale": null, "nodo_accettazione_raggiunto": null, "etichetta_diagnosi": "\u03b5"}, {"py/object": "strutture_dati.Cammino", "nome": "t1a", "nodo_iniziale": {"py/id": 508}, "nodo_finale": {"py/object": "strutture_dati.Nodo", "stati_FA": ["11", "21", "31"], "lista_link": [{"py/object": "strutture_dati.Link", "nome": "L1", "FA_i": "C2", "FA_f": "C1", "buffer": ""}, {"py/object": "strutture_dati.Link", "nome": "L2", "FA_i": "C2", "FA_f": "C3", "buffer": ""}, {"py/object": "strutture_dati.Link", "nome": "L3", "FA_i": "C3", "FA_f": "C1", "buffer": ""}], "nome": "11:21:31|::", "id": 33, "final": true, "indice_oss": 0}, "oss": "\u03b5", "ril": "\u03b5", "chiusura_iniziale": null, "chiusura_finale": null, "nodo_accettazione_raggiunto": null, "etichetta_diagnosi": "\u03b5"}, {"py/object": "strutture_dati.Cammino", "nome": "t1a", "nodo_iniziale": {"py/id": 536}, "nodo_finale": {"py/object": "strutture_dati.Nodo", "stati_FA": ["11", "20", "31"], "lista_link": [{"py/object": "strutture_dati.Link", "nome": "L1", "FA_i": "C2", "FA_f": "C1", "buffer": ""}, {"py/object": "strutture_dati.Link", "nome": "L2", "FA_i": "C2", "FA_f": "C3", "buffer": "e3"}, {"py/object": "strutture_dati.Link", "nome": "L3", "FA_i": "C3", "FA_f": "C1", "buffer": ""}], "nome": "11:20:31|:e3:", "id": 35, "final": false, "indice_oss": 0}, "oss": "\u03b5", "ril": "\u03b5", "chiusura_iniziale": null, "chiusura_finale": null, "nodo_accettazione_raggiunto": null, "etichetta_diagnosi": "\u03b5"}, {"py/object": "strutture_dati.Cammino", "nome": "t1c", "nodo_iniziale": {"py/id": 536}, "nodo_finale": {"py/object": "strutture_dati.Nodo", "stati_FA": ["11", "20", "31"], "lista_link": [{"py/object": "strutture_dati.Link", "nome": "L1", "FA_i": "C2", "FA_f": "C1", "buffer": "e1"}, {"py/object": "strutture_dati.Link", "nome": "L2", "FA_i": "C2", "FA_f": "C3", "buffer": "e3"}, {"py/object": "strutture_dati.Link", "nome": "L3", "FA_i": "C3", "FA_f": "C1", "buffer": ""}], "nome": "11:20:31|e1:e3:", "id": 31, "final": false, "indice_oss": 0}, "oss": "\u03b5", "ril": "f1", "chiusura_iniziale": null, "chiusura_finale": null, "nodo_accettazione_raggiunto": null, "etichetta_diagnosi": "\u03b5"}, {"py/object": "strutture_dati.Cammino", "nome": "t3b", "nodo_iniziale": {"py/id": 536}, "nodo_finale": {"py/object": "strutture_dati.Nodo", "stati_FA": ["10", "20", "30"], "lista_link": [{"py/object": "strutture_dati.Link", "nome": "L1", "FA_i": "C2", "FA_f": "C1", "buffer": "e1"}, {"py/object": "strutture_dati.Link", "nome": "L2", "FA_i": "C2", "FA_f": "C3", "buffer": ""}, {"py/object": "strutture_dati.Link", "nome": "L3", "FA_i": "C3", "FA_f": "C1", "buffer": ""}], "nome": "10:20:30|e1::", "id": 36, "final": false, "indice_oss": 0}, "oss": "\u03b5", "ril": "\u03b5", "chiusura_iniziale": null, "chiusura_finale": null, "nodo_accettazione_raggiunto": null, "etichetta_diagnosi": "\u03b5"}, {"py/object": "strutture_dati.Cammino", "nome": "t3c", "nodo_iniziale": {"py/id": 536}, "nodo_finale": {"py/object": "strutture_dati.Nodo", "stati_FA": ["10", "20", "31"], "lista_link": [{"py/object": "strutture_dati.Link", "nome": "L1", "FA_i": "C2", "FA_f": "C1", "buffer": "e1"}, {"py/object": "strutture_dati.Link", "nome": "L2", "FA_i": "C2", "FA_f": "C3", "buffer": ""}, {"py/object": "strutture_dati.Link", "nome": "L3", "FA_i": "C3", "FA_f": "C1", "buffer": ""}], "nome": "10:20:31|e1::", "id": 37, "final": false, "indice_oss": 0}, "oss": "\u03b5", "ril": "f3", "chiusura_iniziale": null, "chiusura_finale": null, "nodo_accettazione_raggiunto": null, "etichetta_diagnosi": "\u03b5"}, {"py/object": "strutture_dati.Cammino", "nome": "t1b", "nodo_iniziale": {"py/id": 543}, "nodo_finale": {"py/object": "strutture_dati.Nodo", "stati_FA": ["10", "20", "30"], "lista_link": [{"py/object": "strutture_dati.Link", "nome": "L1", "FA_i": "C2", "FA_f": "C1", "buffer": "e1"}, {"py/object": "strutture_dati.Link", "nome": "L2", "FA_i": "C2", "FA_f": "C3", "buffer": ""}, {"py/object": "strutture_dati.Link", "nome": "L3", "FA_i": "C3", "FA_f": "C1", "buffer": ""}], "nome": "10:20:30|e1::", "id": 36, "final": false, "indice_oss": 0}, "oss": "\u03b5", "ril": "\u03b5", "chiusura_iniziale": null, "chiusura_finale": null, "nodo_accettazione_raggiunto": null, "etichetta_diagnosi": "\u03b5"}, {"py/object": "strutture_dati.Cammino", "nome": "t1b", "nodo_iniziale": {"py/id": 550}, "nodo_finale": {"py/object": "strutture_dati.Nodo", "stati_FA": ["10", "20", "31"], "lista_link": [{"py/object": "strutture_dati.Link", "nome": "L1", "FA_i": "C2", "FA_f": "C1", "buffer": "e1"}, {"py/object": "strutture_dati.Link", "nome": "L2", "FA_i": "C2", "FA_f": "C3", "buffer": ""}, {"py/object": "strutture_dati.Link", "nome": "L3", "FA_i": "C3", "FA_f": "C1", "buffer": ""}], "nome": "10:20:31|e1::", "id": 37, "final": false, "indice_oss": 0}, "oss": "\u03b5", "ril": "\u03b5", "chiusura_iniziale": null, "chiusura_finale": null, "nodo_accettazione_raggiunto": null, "etichetta_diagnosi": "\u03b5"}, {"py/object": "strutture_dati.Cammino", "nome": "t1c", "nodo_iniziale": {"py/id": 571}, "nodo_finale": {"py/object": "strutture_dati.Nodo", "stati_FA": ["11", "21", "30"], "lista_link": [{"py/object": "strutture_dati.Link", "nome": "L1", "FA_i": "C2", "FA_f": "C1", "buffer": ""}, {"py/object": "strutture_dati.Link", "nome": "L2", "FA_i": "C2", "FA_f": "C3", "buffer": ""}, {"py/object": "strutture_dati.Link", "nome": "L3", "FA_i": "C3", "FA_f": "C1", "buffer": ""}], "nome": "11:21:30|::", "id": 32, "final": true, "indice_oss": 0}, "oss": "\u03b5", "ril": "f1", "chiusura_iniziale": null, "chiusura_finale": null, "nodo_accettazione_raggiunto": null, "etichetta_diagnosi": "\u03b5"}, {"py/object": "strutture_dati.Cammino", "nome": "t2b", "nodo_iniziale": {"py/id": 571}, "nodo_finale": {"py/object": "strutture_dati.Nodo", "stati_FA": ["10", "20", "30"], "lista_link": [{"py/object": "strutture_dati.Link", "nome": "L1", "FA_i": "C2", "FA_f": "C1", "buffer": "e1"}, {"py/object": "strutture_dati.Link", "nome": "L2", "FA_i": "C2", "FA_f": "C3", "buffer": ""}, {"py/object": "strutture_dati.Link", "nome": "L3", "FA_i": "C3", "FA_f": "C1", "buffer": ""}], "nome": "10:20:30|e1::", "id": 36, "final": false, "indice_oss": 0}, "oss": "o2", "ril": "\u03b5", "chiusura_iniziale": null, "chiusura_finale": null, "nodo_accettazione_raggiunto": null, "etichetta_diagnosi": "\u03b5"}, {"py/object": "strutture_dati.Cammino", "nome": "t3a", "nodo_iniziale": {"py/id": 571}, "nodo_finale": {"py/object": "strutture_dati.Nodo", "stati_FA": ["10", "21", "31"], "lista_link": [{"py/object": "strutture_dati.Link", "nome": "L1", "FA_i": "C2", "FA_f": "C1", "buffer": ""}, {"py/object": "strutture_dati.Link", "nome": "L2", "FA_i": "C2", "FA_f": "C3", "buffer": ""}, {"py/object": "strutture_dati.Link", "nome": "L3", "FA_i": "C3", "FA_f": "C1", "buffer": "e2"}], "nome": "10:21:31|::e2", "id": 38, "final": false, "indice_oss": 0}, "oss": "\u03b5", "ril": "\u03b5", "chiusura_iniziale": null, "chiusura_finale": null, "nodo_accettazione_raggiunto": null, "etichetta_diagnosi": "\u03b5"}, {"py/object": "strutture_dati.Cammino", "nome": "t1c", "nodo_iniziale": {"py/id": 578}, "nodo_finale": {"py/object": "strutture_dati.Nodo", "stati_FA": ["11", "21", "31"], "lista_link": [{"py/object": "strutture_dati.Link", "nome": "L1", "FA_i": "C2", "FA_f": "C1", "buffer": ""}, {"py/object": "strutture_dati.Link", "nome": "L2", "FA_i": "C2", "FA_f": "C3", "buffer": ""}, {"py/object": "strutture_dati.Link", "nome": "L3", "FA_i": "C3", "FA_f": "C1", "buffer": ""}], "nome": "11:21:31|::", "id": 33, "final": true, "indice_oss": 0}, "oss": "\u03b5", "ril": "f1", "chiusura_iniziale": null, "chiusura_finale": null, "nodo_accettazione_raggiunto": null, "etichetta_diagnosi": "\u03b5"}, {"py/object": "strutture_dati.Cammino", "nome": "t2b", "nodo_iniziale": {"py/id": 578}, "nodo_finale": {"py/object": "strutture_dati.Nodo", "stati_FA": ["10", "20", "31"], "lista_link": [{"py/object": "strutture_dati.Link", "nome": "L1", "FA_i": "C2", "FA_f": "C1", "buffer": "e1"}, {"py/object": "strutture_dati.Link", "nome": "L2", "FA_i": "C2", "FA_f": "C3", "buffer": ""}, {"py/object": "strutture_dati.Link", "nome": "L3", "FA_i": "C3", "FA_f": "C1", "buffer": ""}], "nome": "10:20:31|e1::", "id": 37, "final": false, "indice_oss": 0}, "oss": "o2", "ril": "\u03b5", "chiusura_iniziale": null, "chiusura_finale": null, "nodo_accettazione_raggiunto": null, "etichetta_diagnosi": "\u03b5"}, {"py/object": "strutture_dati.Cammino", "nome": "t3b", "nodo_iniziale": {"py/id": 613}, "nodo_finale": {"py/object": "strutture_dati.Nodo", "stati_FA": ["11", "20", "30"], "lista_link": [{"py/object": "strutture_dati.Link", "nome": "L1", "FA_i": "C2", "FA_f": "C1", "buffer": "e1"}, {"py/object": "strutture_dati.Link", "nome": "L2", "FA_i": "C2", "FA_f": "C3", "buffer": ""}, {"py/object": "strutture_dati.Link", "nome": "L3", "FA_i": "C3", "FA_f": "C1", "buffer": ""}], "nome": "11:20:30|e1::", "id": 39, "final": false, "indice_oss": 0}, "oss": "\u03b5", "ril": "\u03b5", "chiusura_iniziale": null, "chiusura_finale": null, "nodo_accettazione_raggiunto": null, "etichetta_diagnosi": "\u03b5"}, {"py/object": "strutture_dati.Cammino", "nome": "t2b", "nodo_iniziale": {"py/id": 620}, "nodo_finale": {"py/object": "strutture_dati.Nodo", "stati_FA": ["11", "20", "30"], "lista_link": [{"py/object": "strutture_dati.Link", "nome": "L1", "FA_i": "C2", "FA_f": "C1", "buffer": "e1"}, {"py/object": "strutture_dati.Link", "nome": "L2", "FA_i": "C2", "FA_f": "C3", "buffer": ""}, {"py/object": "strutture_dati.Link", "nome": "L3", "FA_i": "C3", "FA_f": "C1", "buffer": ""}], "nome": "11:20:30|e1::", "id": 39, "final": false, "indice_oss": 0}, "oss": "o2", "ril": "\u03b5", "chiusura_iniziale": null, "chiusura_finale": null, "nodo_accettazione_raggiunto": null, "etichetta_diagnosi": "\u03b5"}, {"py/object": "strutture_dati.Cammino", "nome": "t3a", "nodo_iniziale": {"py/id": 620}, "nodo_finale": {"py/object": "strutture_dati.Nodo", "stati_FA": ["11", "21", "31"], "lista_link": [{"py/object": "strutture_dati.Link", "nome": "L1", "FA_i": "C2", "FA_f": "C1", "buffer": ""}, {"py/object": "strutture_dati.Link", "nome": "L2", "FA_i": "C2", "FA_f": "C3", "buffer": ""}, {"py/object": "strutture_dati.Link", "nome": "L3", "FA_i": "C3", "FA_f": "C1", "buffer": "e2"}], "nome": "11:21:31|::e2", "id": 21, "final": false, "indice_oss": 0}, "oss": "\u03b5", "ril": "\u03b5", "chiusura_iniziale": null, "chiusura_finale": null, "nodo_accettazione_raggiunto": null, "etichetta_diagnosi": "\u03b5"}, {"py/object": "strutture_dati.Cammino", "nome": "t3a", "nodo_iniziale": {"py/id": 634}, "nodo_finale": {"py/object": "strutture_dati.Nodo", "stati_FA": ["11", "21", "31"], "lista_link": [{"py/object": "strutture_dati.Link", "nome": "L1", "FA_i": "C2", "FA_f": "C1", "buffer": "e1"}, {"py/object": "strutture_dati.Link", "nome": "L2", "FA_i": "C2", "FA_f": "C3", "buffer": ""}, {"py/object": "strutture_dati.Link", "nome": "L3", "FA_i": "C3", "FA_f": "C1", "buffer": "e2"}], "nome": "11:21:31|e1::e2", "id": 16, "final": false, "indice_oss": 0}, "oss": "\u03b5", "ril": "\u03b5", "chiusura_iniziale": null, "chiusura_finale": null, "nodo_accettazione_raggiunto": null, "etichetta_diagnosi": "\u03b5"}, {"py/object": "strutture_dati.Cammino", "nome": "t3b", "nodo_iniziale": {"py/id": 669}, "nodo_finale": {"py/object": "strutture_dati.Nodo", "stati_FA": ["11", "20", "30"], "lista_link": [{"py/object": "strutture_dati.Link", "nome": "L1", "FA_i": "C2", "FA_f": "C1", "buffer": ""}, {"py/object": "strutture_dati.Link", "nome": "L2", "FA_i": "C2", "FA_f": "C3", "buffer": ""}, {"py/object": "strutture_dati.Link", "nome": "L3", "FA_i": "C3", "FA_f": "C1", "buffer": ""}], "nome": "11:20:30|::", "id": 1, "final": true, "indice_oss": 0}, "oss": "\u03b5", "ril": "\u03b5", "chiusura_iniziale": null, "chiusura_finale": null, "nodo_accettazione_raggiunto": null, "etichetta_diagnosi": "\u03b5"}, {"py/object": "strutture_dati.Cammino", "nome": "t3c", "nodo_iniziale": {"py/id": 669}, "nodo_finale": {"py/object": "strutture_dati.Nodo", "stati_FA": ["11", "20", "31"], "lista_link": [{"py/object": "strutture_dati.Link", "nome": "L1", "FA_i": "C2", "FA_f": "C1", "buffer": ""}, {"py/object": "strutture_dati.Link", "nome": "L2", "FA_i": "C2", "FA_f": "C3", "buffer": ""}, {"py/object": "strutture_dati.Link", "nome": "L3", "FA_i": "C3", "FA_f": "C1", "buffer": ""}], "nome": "11:20:31|::", "id": 17, "final": true, "indice_oss": 0}, "oss": "\u03b5", "ril": "f3", "chiusura_iniziale": null, "chiusura_finale": null, "nodo_accettazione_raggiunto": null, "etichetta_diagnosi": "\u03b5"}, {"py/object": "strutture_dati.Cammino", "nome": "t1a", "nodo_iniziale": {"py/id": 683}, "nodo_finale": {"py/object": "strutture_dati.Nodo", "stati_FA": ["11", "20", "30"], "lista_link": [{"py/object": "strutture_dati.Link", "nome": "L1", "FA_i": "C2", "FA_f": "C1", "buffer": ""}, {"py/object": "strutture_dati.Link", "nome": "L2", "FA_i": "C2", "FA_f": "C3", "buffer": ""}, {"py/object": "strutture_dati.Link", "nome": "L3", "FA_i": "C3", "FA_f": "C1", "buffer": ""}], "nome": "11:20:30|::", "id": 1, "final": true, "indice_oss": 0}, "oss": "\u03b5", "ril": "\u03b5", "chiusura_iniziale": null, "chiusura_finale": null, "nodo_accettazione_raggiunto": null, "etichetta_diagnosi": "\u03b5"}, {"py/object": "strutture_dati.Cammino", "nome": "t1c", "nodo_iniziale": {"py/id": 683}, "nodo_finale": {"py/object": "strutture_dati.Nodo", "stati_FA": ["11", "20", "30"], "lista_link": [{"py/object": "strutture_dati.Link", "nome": "L1", "FA_i": "C2", "FA_f": "C1", "buffer": "e1"}, {"py/object": "strutture_dati.Link", "nome": "L2", "FA_i": "C2", "FA_f": "C3", "buffer": ""}, {"py/object": "strutture_dati.Link", "nome": "L3", "FA_i": "C3", "FA_f": "C1", "buffer": ""}], "nome": "11:20:30|e1::", "id": 39, "final": false, "indice_oss": 0}, "oss": "\u03b5", "ril": "f1", "chiusura_iniziale": null, "chiusura_finale": null, "nodo_accettazione_raggiunto": null, "etichetta_diagnosi": "\u03b5"}, {"py/object": "strutture_dati.Cammino", "nome": "t3a", "nodo_iniziale": {"py/id": 683}, "nodo_finale": {"py/object": "strutture_dati.Nodo", "stati_FA": ["10", "20", "31"], "lista_link": [{"py/object": "strutture_dati.Link", "nome": "L1", "FA_i": "C2", "FA_f": "C1", "buffer": "e1"}, {"py/object": "strutture_dati.Link", "nome": "L2", "FA_i": "C2", "FA_f": "C3", "buffer": ""}, {"py/object": "strutture_dati.Link", "nome": "L3", "FA_i": "C3", "FA_f": "C1", "buffer": "e2"}], "nome": "10:20:31|e1::e2", "id": 40, "final": false, "indice_oss": 0}, "oss": "\u03b5", "ril": "\u03b5", "chiusura_iniziale": null, "chiusura_finale": null, "nodo_accettazione_raggiunto": null, "etichetta_diagnosi": "\u03b5"}, {"py/object": "strutture_dati.Cammino", "nome": "t1a", "nodo_iniziale": {"py/id": 690}, "nodo_finale": {"py/object": "strutture_dati.Nodo", "stati_FA": ["11", "20", "31"], "lista_link": [{"py/object": "strutture_dati.Link", "nome": "L1", "FA_i": "C2", "FA_f": "C1", "buffer": ""}, {"py/object": "strutture_dati.Link", "nome": "L2", "FA_i": "C2", "FA_f": "C3", "buffer": ""}, {"py/object": "strutture_dati.Link", "nome": "L3", "FA_i": "C3", "FA_f": "C1", "buffer": ""}], "nome": "11:20:31|::", "id": 17, "final": true, "indice_oss": 0}, "oss": "\u03b5", "ril": "\u03b5", "chiusura_iniziale": null, "chiusura_finale": null, "nodo_accettazione_raggiunto": null, "etichetta_diagnosi": "\u03b5"}, {"py/object": "strutture_dati.Cammino", "nome": "t1c", "nodo_iniziale": {"py/id": 725}, "nodo_finale": {"py/object": "strutture_dati.Nodo", "stati_FA": ["11", "21", "31"], "lista_link": [{"py/object": "strutture_dati.Link", "nome": "L1", "FA_i": "C2", "FA_f": "C1", "buffer": ""}, {"py/object": "strutture_dati.Link", "nome": "L2", "FA_i": "C2", "FA_f": "C3", "buffer": ""}, {"py/object": "strutture_dati.Link", "nome": "L3", "FA_i": "C3", "FA_f": "C1", "buffer": "e2"}], "nome": "11:21:31|::e2", "id": 21, "final": false, "indice_oss": 0}, "oss": "\u03b5", "ril": "f1", "chiusura_iniziale": null, "chiusura_finale": null, "nodo_accettazione_raggiunto": null, "etichetta_diagnosi": "\u03b5"}, {"py/object": "strutture_dati.Cammino", "nome": "t2b", "nodo_iniziale": {"py/id": 725}, "nodo_finale": {"py/object": "strutture_dati.Nodo", "stati_FA": ["10", "20", "31"], "lista_link": [{"py/object": "strutture_dati.Link", "nome": "L1", "FA_i": "C2", "FA_f": "C1", "buffer": "e1"}, {"py/object": "strutture_dati.Link", "nome": "L2", "FA_i": "C2", "FA_f": "C3", "buffer": ""}, {"py/object": "strutture_dati.Link", "nome": "L3", "FA_i": "C3", "FA_f": "C1", "buffer": "e2"}], "nome": "10:20:31|e1::e2", "id": 40, "final": false, "indice_oss": 0}, "oss": "o2", "ril": "\u03b5", "chiusura_iniziale": null, "chiusura_finale": null, "nodo_accettazione_raggiunto": null, "etichetta_diagnosi": "\u03b5"}, {"py/object": "strutture_dati.Cammino", "nome": "t3a", "nodo_iniziale": {"py/id": 746}, "nodo_finale": {"py/object": "strutture_dati.Nodo", "stati_FA": ["11", "20", "31"], "lista_link": [{"py/object": "strutture_dati.Link", "nome": "L1", "FA_i": "C2", "FA_f": "C1", "buffer": "e1"}, {"py/object": "strutture_dati.Link", "nome": "L2", "FA_i": "C2", "FA_f": "C3", "buffer": ""}, {"py/object": "strutture_dati.Link", "nome": "L3", "FA_i": "C3", "FA_f": "C1", "buffer": "e2"}], "nome": "11:20:31|e1::e2", "id": 28, "final": false, "indice_oss": 0}, "oss": "\u03b5", "ril": "\u03b5", "chiusura_iniziale": null, "chiusura_finale": null, "nodo_accettazione_raggiunto": null, "etichetta_diagnosi": "\u03b5"}, {"py/object": "strutture_dati.Cammino", "nome": "t1a", "nodo_iniziale": {"py/id": 802}, "nodo_finale": {"py/object": "strutture_dati.Nodo", "stati_FA": ["11", "20", "31"], "lista_link": [{"py/object": "strutture_dati.Link", "nome": "L1", "FA_i": "C2", "FA_f": "C1", "buffer": ""}, {"py/object": "strutture_dati.Link", "nome": "L2", "FA_i": "C2", "FA_f": "C3", "buffer": ""}, {"py/object": "strutture_dati.Link", "nome": "L3", "FA_i": "C3", "FA_f": "C1", "buffer": "e2"}], "nome": "11:20:31|::e2", "id": 5, "final": false, "indice_oss": 0}, "oss": "\u03b5", "ril": "\u03b5", "chiusura_iniziale": null, "chiusura_finale": null, "nodo_accettazione_raggiunto": null, "etichetta_diagnosi": "\u03b5"}, {"py/object": "strutture_dati.Cammino", "nome": "t1c", "nodo_iniziale": {"py/id": 802}, "nodo_finale": {"py/object": "strutture_dati.Nodo", "stati_FA": ["11", "20", "31"], "lista_link": [{"py/object": "strutture_dati.Link", "nome": "L1", "FA_i": "C2", "FA_f": "C1", "buffer": "e1"}, {"py/object": "strutture_dati.Link", "nome": "L2", "FA_i": "C2", "FA_f": "C3", "buffer": ""}, {"py/object": "strutture_dati.Link", "nome": "L3", "FA_i": "C3", "FA_f": "C1", "buffer": "e2"}], "nome": "11:20:31|e1::e2", "id": 28, "final": false, "indice_oss": 0}, "oss": "\u03b5", "ril": "f1", "chiusura_iniziale": null, "chiusura_finale": null, "nodo_accettazione_raggiunto": null, "etichetta_diagnosi": "\u03b5"}], "nome_rete": "Rete 2"}