{"py/object": "strutture_dati.Diagnosticatore", "lista_chiusure": [{"py/object": "strutture_dati.ChiusuraSilenziosa", "nodo_iniziale": {"py/object": "strutture_dati.Nodo", "stati_FA": ["0", "0"], "lista_link": [{"py/object": "strutture_dati.Link", "nome": "L", "FA_i": "S", "FA_f": "B", "buffer": ""}], "nome": "0:0|", "id": 0, "final": false, "indice_oss": 0}, "lista_nodi": [{"py/id": 3}, {"py/object": "strutture_dati.Nodo", "stati_FA": ["0", "0"], "lista_link": [{"py/object": "strutture_dati.Link", "nome": "L", "FA_i": "S", "FA_f": "B", "buffer": "cl"}], "nome": "0:0|cl", "id": 2, "final": false, "indice_oss": 0}], "lista_nodi_uscenti": [{"py/object": "strutture_dati.Nodo", "stati_FA": ["0", "0"], "lista_link": [{"py/object": "strutture_dati.Link", "nome": "L", "FA_i": "S", "FA_f": "B", "buffer": ""}], "nome": "0:0|", "id": 0, "final": true, "indice_oss": 0}, {"py/id": 8}], "lista_cammini": [{"py/object": "strutture_dati.Cammino", "nome": "s3", "nodo_iniziale": {"py/id": 13}, "nodo_finale": {"py/id": 8}, "oss": "\u03b5", "ril": "f1", "chiusura_iniziale": null, "chiusura_finale": null, "nodo_accettazione_raggiunto": null, "etichetta_diagnosi": "\u03b5"}], "id": 0, "final": true, "diagnosi_relativa": "\u03b5"}, {"py/object": "strutture_dati.ChiusuraSilenziosa", "nodo_iniziale": {"py/object": "strutture_dati.Nodo", "stati_FA": ["1", "0"], "lista_link": [{"py/object": "strutture_dati.Link", "nome": "L", "FA_i": "S", "FA_f": "B", "buffer": "op"}], "nome": "1:0|op", "id": 1, "final": false, "indice_oss": 0}, "lista_nodi": [{"py/id": 20}, {"py/object": "strutture_dati.Nodo", "stati_FA": ["1", "0"], "lista_link": [{"py/object": "strutture_dati.Link", "nome": "L", "FA_i": "S", "FA_f": "B", "buffer": ""}], "nome": "1:0|", "id": 4, "final": false, "indice_oss": 0}], "lista_nodi_uscenti": [{"py/object": "strutture_dati.Nodo", "stati_FA": ["1", "0"], "lista_link": [{"py/object": "strutture_dati.Link", "nome": "L", "FA_i": "S", "FA_f": "B", "buffer": "op"}], "nome": "1:0|op", "id": 1, "final": false, "indice_oss": 0}, {"py/id": 25}], "lista_cammini": [{"py/object": "strutture_dati.Cammino", "nome": "b3", "nodo_iniziale": {"py/id": 30}, "nodo_finale": {"py/id": 25}, "oss": "\u03b5", "ril": "f3", "chiusura_iniziale": null, "chiusura_finale": null, "nodo_accettazione_raggiunto": null, "etichetta_diagnosi": "\u03b5"}, {"py/object": "strutture_dati.Cammino", "nome": "s4", "nodo_iniziale": {"py/id": 25}, "nodo_finale": {"py/object": "strutture_dati.Nodo", "stati_FA": ["1", "0"], "lista_link": [{"py/object": "strutture_dati.Link", "nome": "L", "FA_i": "S", "FA_f": "B", "buffer": "op"}], "nome": "1:0|op", "id": 1, "final": false, "indice_oss": 0}, "oss": "\u03b5", "ril": "f2", "chiusura_iniziale": null, "chiusura_finale": null, "nodo_accettazione_raggiunto": null, "etichetta_diagnosi": "\u03b5"}], "id": 1, "final": true, "diagnosi_relativa": "f3(f2f3)*"}, {"py/object": "strutture_dati.ChiusuraSilenziosa", "nodo_iniziale": {"py/object": "strutture_dati.Nodo", "stati_FA": ["1", "1"], "lista_link": [{"py/object": "strutture_dati.Link", "nome": "L", "FA_i": "S", "FA_f": "B", "buffer": ""}], "nome": "1:1|", "id": 3, "final": false, "indice_oss": 0}, "lista_nodi": [{"py/id": 42}, {"py/object": "strutture_dati.Nodo", "stati_FA": ["1", "1"], "lista_link": [{"py/object": "strutture_dati.Link", "nome": "L", "FA_i": "S", "FA_f": "B", "buffer": "op"}], "nome": "1:1|op", "id": 7, "final": false, "indice_oss": 0}], "lista_nodi_uscenti": [{"py/object": "strutture_dati.Nodo", "stati_FA": ["1", "1"], "lista_link": [{"py/object": "strutture_dati.Link", "nome": "L", "FA_i": "S", "FA_f": "B", "buffer": ""}], "nome": "1:1|", "id": 3, "final": true, "indice_oss": 0}, {"py/id": 47}], "lista_cammini": [{"py/object": "strutture_dati.Cammino", "nome": "s4", "nodo_iniziale": {"py/id": 52}, "nodo_finale": {"py/id": 47}, "oss": "\u03b5", "ril": "f2", "chiusura_iniziale": null, "chiusura_finale": null, "nodo_accettazione_raggiunto": null, "etichetta_diagnosi": "\u03b5"}], "id": 2, "final": true, "diagnosi_relativa": "\u03b5"}, {"py/object": "strutture_dati.ChiusuraSilenziosa", "nodo_iniziale": {"py/object": "strutture_dati.Nodo", "stati_FA": ["0", "1"], "lista_link": [{"py/object": "strutture_dati.Link", "nome": "L", "FA_i": "S", "FA_f": "B", "buffer": ""}], "nome": "0:1|", "id": 5, "final": true, "indice_oss": 0}, "lista_nodi": [{"py/id": 59}, {"py/object": "strutture_dati.Nodo", "stati_FA": ["0", "1"], "lista_link": [{"py/object": "strutture_dati.Link", "nome": "L", "FA_i": "S", "FA_f": "B", "buffer": "cl"}], "nome": "0:1|cl", "id": 6, "final": false, "indice_oss": 0}], "lista_nodi_uscenti": [{"py/object": "strutture_dati.Nodo", "stati_FA": ["0", "1"], "lista_link": [{"py/object": "strutture_dati.Link", "nome": "L", "FA_i": "S", "FA_f": "B", "buffer": ""}], "nome": "0:1|", "id": 5, "final": true, "indice_oss": 0}, {"py/object": "strutture_dati.Nodo", "stati_FA": ["0", "1"], "lista_link": [{"py/object": "strutture_dati.Link", "nome": "L", "FA_i": "S", "FA_f": "B", "buffer": "cl"}], "nome": "0:1|cl", "id": 6, "final": false, "indice_oss": 0}], "lista_cammini": [{"py/object": "strutture_dati.Cammino", "nome": "s3", "nodo_iniziale": {"py/id": 69}, "nodo_finale": {"py/id": 64}, "oss": "\u03b5", "ril": "f1", "chiusura_iniziale": null, "chiusura_finale": null, "nodo_accettazione_raggiunto": null, "etichetta_diagnosi": "\u03b5"}, {"py/object": "strutture_dati.Cammino", "nome": "b4", "nodo_iniziale": {"py/id": 73}, "nodo_finale": {"py/object": "strutture_dati.Nodo", "stati_FA": ["0", "1"], "lista_link": [{"py/object": "strutture_dati.Link", "nome": "L", "FA_i": "S", "FA_f": "B", "buffer": ""}], "nome": "0:1|", "id": 5, "final": true, "indice_oss": 0}, "oss": "\u03b5", "ril": "f4", "chiusura_iniziale": null, "chiusura_finale": null, "nodo_accettazione_raggiunto": null, "etichetta_diagnosi": "\u03b5"}], "id": 3, "final": true, "diagnosi_relativa": "(f1f4)*"}, {"py/object": "strutture_dati.ChiusuraSilenziosa", "nodo_iniziale": {"py/object": "strutture_dati.Nodo", "stati_FA": ["0", "1"], "lista_link": [{"py/object": "strutture_dati.Link", "nome": "L", "FA_i": "S", "FA_f": "B", "buffer": "cl"}], "nome": "0:1|cl", "id": 6, "final": false, "indice_oss": 0}, "lista_nodi": [{"py/id": 85}, {"py/object": "strutture_dati.Nodo", "stati_FA": ["0", "1"], "lista_link": [{"py/object": "strutture_dati.Link", "nome": "L", "FA_i": "S", "FA_f": "B", "buffer": ""}], "nome": "0:1|", "id": 5, "final": true, "indice_oss": 0}], "lista_nodi_uscenti": [{"py/object": "strutture_dati.Nodo", "stati_FA": ["0", "1"], "lista_link": [{"py/object": "strutture_dati.Link", "nome": "L", "FA_i": "S", "FA_f": "B", "buffer": "cl"}], "nome": "0:1|cl", "id": 6, "final": false, "indice_oss": 0}, {"py/object": "strutture_dati.Nodo", "stati_FA": ["0", "1"], "lista_link": [{"py/object": "strutture_dati.Link", "nome": "L", "FA_i": "S", "FA_f": "B", "buffer": ""}], "nome": "0:1|", "id": 5, "final": true, "indice_oss": 0}], "lista_cammini": [{"py/object": "strutture_dati.Cammino", "nome": "b4", "nodo_iniziale": {"py/id": 95}, "nodo_finale": {"py/id": 90}, "oss": "\u03b5", "ril": "f4", "chiusura_iniziale": null, "chiusura_finale": null, "nodo_accettazione_raggiunto": null, "etichetta_diagnosi": "\u03b5"}, {"py/object": "strutture_dati.Cammino", "nome": "s3", "nodo_iniziale": {"py/id": 99}, "nodo_finale": {"py/object": "strutture_dati.Nodo", "stati_FA": ["0", "1"], "lista_link": [{"py/object": "strutture_dati.Link", "nome": "L", "FA_i": "S", "FA_f": "B", "buffer": "cl"}], "nome": "0:1|cl", "id": 6, "final": false, "indice_oss": 0}, "oss": "\u03b5", "ril": "f1", "chiusura_iniziale": null, "chiusura_finale": null, "nodo_accettazione_raggiunto": null, "etichetta_diagnosi": "\u03b5"}], "id": 4, "final": true, "diagnosi_relativa": "f4(f1f4)*"}, {"py/object": "strutture_dati.ChiusuraSilenziosa", "nodo_iniziale": {"py/object": "strutture_dati.Nodo", "stati_FA": ["0", "0"], "lista_link": [{"py/object": "strutture_dati.Link", "nome": "L", "FA_i": "S", "FA_f": "B", "buffer": "cl"}], "nome": "0:0|cl", "id": 2, "final": false, "indice_oss": 0}, "lista_nodi": [{"py/id": 111}], "lista_nodi_uscenti": [{"py/object": "strutture_dati.Nodo", "stati_FA": ["0", "0"], "lista_link": [{"py/object": "strutture_dati.Link", "nome": "L", "FA_i": "S", "FA_f": "B", "buffer": "cl"}], "nome": "0:0|cl", "id": 2, "final": false, "indice_oss": 0}], "lista_cammini": [], "id": 5, "final": false, "diagnosi_relativa": "\u03b5"}, {"py/object": "strutture_dati.ChiusuraSilenziosa", "nodo_iniziale": {"py/object": "strutture_dati.Nodo", "stati_FA": ["1", "1"], "lista_link": [{"py/object": "strutture_dati.Link", "nome": "L", "FA_i": "S", "FA_f": "B", "buffer": "op"}], "nome": "1:1|op", "id": 7, "final": false, "indice_oss": 0}, "lista_nodi": [{"py/id": 123}], "lista_nodi_uscenti": [{"py/object": "strutture_dati.Nodo", "stati_FA": ["1", "1"], "lista_link": [{"py/object": "strutture_dati.Link", "nome": "L", "FA_i": "S", "FA_f": "B", "buffer": "op"}], "nome": "1:1|op", "id": 7, "final": false, "indice_oss": 0}], "lista_cammini": [], "id": 6, "final": false, "diagnosi_relativa": "\u03b5"}, {"py/object": "strutture_dati.ChiusuraSilenziosa", "nodo_iniziale": {"py/object": "strutture_dati.Nodo", "stati_FA": ["1", "0"], "lista_link": [{"py/object": "strutture_dati.Link", "nome": "L", "FA_i": "S", "FA_f": "B", "buffer": ""}], "nome": "1:0|", "id": 4, "final": false, "indice_oss": 0}, "lista_nodi": [{"py/id": 135}, {"py/object": "strutture_dati.Nodo", "stati_FA": ["1", "0"], "lista_link": [{"py/object": "strutture_dati.Link", "nome": "L", "FA_i": "S", "FA_f": "B", "buffer": "op"}], "nome": "1:0|op", "id": 1, "final": false, "indice_oss": 0}], "lista_nodi_uscenti": [{"py/object": "strutture_dati.Nodo", "stati_FA": ["1", "0"], "lista_link": [{"py/object": "strutture_dati.Link", "nome": "L", "FA_i": "S", "FA_f": "B", "buffer": ""}], "nome": "1:0|", "id": 4, "final": true, "indice_oss": 0}, {"py/object": "strutture_dati.Nodo", "stati_FA": ["1", "0"], "lista_link": [{"py/object": "strutture_dati.Link", "nome": "L", "FA_i": "S", "FA_f": "B", "buffer": "op"}], "nome": "1:0|op", "id": 1, "final": false, "indice_oss": 0}], "lista_cammini": [{"py/object": "strutture_dati.Cammino", "nome": "s4", "nodo_iniziale": {"py/id": 145}, "nodo_finale": {"py/id": 140}, "oss": "\u03b5", "ril": "f2", "chiusura_iniziale": null, "chiusura_finale": null, "nodo_accettazione_raggiunto": null, "etichetta_diagnosi": "\u03b5"}, {"py/object": "strutture_dati.Cammino", "nome": "b3", "nodo_iniziale": {"py/id": 149}, "nodo_finale": {"py/id": 145}, "oss": "\u03b5", "ril": "f3", "chiusura_iniziale": null, "chiusura_finale": null, "nodo_accettazione_raggiunto": null, "etichetta_diagnosi": "\u03b5"}], "id": 7, "final": true, "diagnosi_relativa": "(f2f3)*"}], "lista_cammini": [{"py/object": "strutture_dati.Cammino", "nome": "s1", "nodo_iniziale": {"py/object": "strutture_dati.Nodo", "stati_FA": ["0", "0"], "lista_link": [{"py/object": "strutture_dati.Link", "nome": "L", "FA_i": "S", "FA_f": "B", "buffer": ""}], "nome": "0:0|", "id": 0, "final": true, "indice_oss": 0}, "nodo_finale": {"py/object": "strutture_dati.Nodo", "stati_FA": ["1", "0"], "lista_link": [{"py/object": "strutture_dati.Link", "nome": "L", "FA_i": "S", "FA_f": "B", "buffer": "op"}], "nome": "1:0|op", "id": 1, "final": false, "indice_oss": 0}, "oss": "act", "ril": "\u03b5", "chiusura_iniziale": {"py/id": 2}, "chiusura_finale": {"py/id": 19}, "nodo_accettazione_raggiunto": null, "etichetta_diagnosi": "\u03b5"}, {"py/object": "strutture_dati.Cammino", "nome": "b1", "nodo_iniziale": {"py/object": "strutture_dati.Nodo", "stati_FA": ["1", "0"], "lista_link": [{"py/object": "strutture_dati.Link", "nome": "L", "FA_i": "S", "FA_f": "B", "buffer": "op"}], "nome": "1:0|op", "id": 1, "final": false, "indice_oss": 0}, "nodo_finale": {"py/object": "strutture_dati.Nodo", "stati_FA": ["1", "1"], "lista_link": [{"py/object": "strutture_dati.Link", "nome": "L", "FA_i": "S", "FA_f": "B", "buffer": ""}], "nome": "1:1|", "id": 3, "final": true, "indice_oss": 0}, "oss": "opn", "ril": "\u03b5", "chiusura_iniziale": {"py/id": 19}, "chiusura_finale": {"py/id": 41}, "nodo_accettazione_raggiunto": null, "etichetta_diagnosi": "(f3f2)*"}, {"py/object": "strutture_dati.Cammino", "nome": "b1", "nodo_iniziale": {"py/object": "strutture_dati.Nodo", "stati_FA": ["1", "0"], "lista_link": [{"py/object": "strutture_dati.Link", "nome": "L", "FA_i": "S", "FA_f": "B", "buffer": "op"}], "nome": "1:0|op", "id": 1, "final": false, "indice_oss": 0}, "nodo_finale": {"py/object": "strutture_dati.Nodo", "stati_FA": ["1", "1"], "lista_link": [{"py/object": "strutture_dati.Link", "nome": "L", "FA_i": "S", "FA_f": "B", "buffer": ""}], "nome": "1:1|", "id": 3, "final": true, "indice_oss": 0}, "oss": "opn", "ril": "\u03b5", "chiusura_iniziale": {"py/id": 134}, "chiusura_finale": {"py/id": 41}, "nodo_accettazione_raggiunto": null, "etichetta_diagnosi": "f2(f3f2)*"}, {"py/object": "strutture_dati.Cammino", "nome": "b5", "nodo_iniziale": {"py/object": "strutture_dati.Nodo", "stati_FA": ["0", "0"], "lista_link": [{"py/object": "strutture_dati.Link", "nome": "L", "FA_i": "S", "FA_f": "B", "buffer": "cl"}], "nome": "0:0|cl", "id": 2, "final": false, "indice_oss": 0}, "nodo_finale": {"py/object": "strutture_dati.Nodo", "stati_FA": ["0", "0"], "lista_link": [{"py/object": "strutture_dati.Link", "nome": "L", "FA_i": "S", "FA_f": "B", "buffer": ""}], "nome": "0:0|", "id": 0, "final": true, "indice_oss": 0}, "oss": "nop", "ril": "\u03b5", "chiusura_iniziale": {"py/id": 2}, "chiusura_finale": {"py/id": 2}, "nodo_accettazione_raggiunto": null, "etichetta_diagnosi": "f1"}, {"py/object": "strutture_dati.Cammino", "nome": "b5", "nodo_iniziale": {"py/object": "strutture_dati.Nodo", "stati_FA": ["0", "0"], "lista_link": [{"py/object": "strutture_dati.Link", "nome": "L", "FA_i": "S", "FA_f": "B", "buffer": "cl"}], "nome": "0:0|cl", "id": 2, "final": false, "indice_oss": 0}, "nodo_finale": {"py/object": "strutture_dati.Nodo", "stati_FA": ["0", "0"], "lista_link": [{"py/object": "strutture_dati.Link", "nome": "L", "FA_i": "S", "FA_f": "B", "buffer": ""}], "nome": "0:0|", "id": 0, "final": true, "indice_oss": 0}, "oss": "nop", "ril": "\u03b5", "chiusura_iniziale": {"py/id": 110}, "chiusura_finale": {"py/id": 2}, "nodo_accettazione_raggiunto": null, "etichetta_diagnosi": "\u03b5"}, {"py/object": "strutture_dati.Cammino", "nome": "b7", "nodo_iniziale": {"py/object": "strutture_dati.Nodo", "stati_FA": ["0", "0"], "lista_link": [{"py/object": "strutture_dati.Link", "nome": "L", "FA_i": "S", "FA_f": "B", "buffer": "cl"}], "nome": "0:0|cl", "id": 2, "final": false, "indice_oss": 0}, "nodo_finale": {"py/object": "strutture_dati.Nodo", "stati_FA": ["0", "1"], "lista_link": [{"py/object": "strutture_dati.Link", "nome": "L", "FA_i": "S", "FA_f": "B", "buffer": ""}], "nome": "0:1|", "id": 5, "final": true, "indice_oss": 0}, "oss": "opn", "ril": "f5", "chiusura_iniziale": {"py/id": 2}, "chiusura_finale": {"py/id": 58}, "nodo_accettazione_raggiunto": null, "etichetta_diagnosi": "f1"}, {"py/object": "strutture_dati.Cammino", "nome": "b7", "nodo_iniziale": {"py/object": "strutture_dati.Nodo", "stati_FA": ["0", "0"], "lista_link": [{"py/object": "strutture_dati.Link", "nome": "L", "FA_i": "S", "FA_f": "B", "buffer": "cl"}], "nome": "0:0|cl", "id": 2, "final": false, "indice_oss": 0}, "nodo_finale": {"py/object": "strutture_dati.Nodo", "stati_FA": ["0", "1"], "lista_link": [{"py/object": "strutture_dati.Link", "nome": "L", "FA_i": "S", "FA_f": "B", "buffer": ""}], "nome": "0:1|", "id": 5, "final": true, "indice_oss": 0}, "oss": "opn", "ril": "f5", "chiusura_iniziale": {"py/id": 110}, "chiusura_finale": {"py/id": 58}, "nodo_accettazione_raggiunto": null, "etichetta_diagnosi": "\u03b5"}, {"py/object": "strutture_dati.Cammino", "nome": "s2", "nodo_iniziale": {"py/object": "strutture_dati.Nodo", "stati_FA": ["1", "1"], "lista_link": [{"py/object": "strutture_dati.Link", "nome": "L", "FA_i": "S", "FA_f": "B", "buffer": ""}], "nome": "1:1|", "id": 3, "final": true, "indice_oss": 0}, "nodo_finale": {"py/object": "strutture_dati.Nodo", "stati_FA": ["0", "1"], "lista_link": [{"py/object": "strutture_dati.Link", "nome": "L", "FA_i": "S", "FA_f": "B", "buffer": "cl"}], "nome": "0:1|cl", "id": 6, "final": false, "indice_oss": 0}, "oss": "sby", "ril": "\u03b5", "chiusura_iniziale": {"py/id": 41}, "chiusura_finale": {"py/id": 84}, "nodo_accettazione_raggiunto": null, "etichetta_diagnosi": "\u03b5"}, {"py/object": "strutture_dati.Cammino", "nome": "s2", "nodo_iniziale": {"py/object": "strutture_dati.Nodo", "stati_FA": ["1", "0"], "lista_link": [{"py/object": "strutture_dati.Link", "nome": "L", "FA_i": "S", "FA_f": "B", "buffer": ""}], "nome": "1:0|", "id": 4, "final": true, "indice_oss": 0}, "nodo_finale": {"py/object": "strutture_dati.Nodo", "stati_FA": ["0", "0"], "lista_link": [{"py/object": "strutture_dati.Link", "nome": "L", "FA_i": "S", "FA_f": "B", "buffer": "cl"}], "nome": "0:0|cl", "id": 2, "final": false, "indice_oss": 0}, "oss": "sby", "ril": "\u03b5", "chiusura_iniziale": {"py/id": 19}, "chiusura_finale": {"py/id": 110}, "nodo_accettazione_raggiunto": null, "etichetta_diagnosi": "f3(f2f3)*"}, {"py/object": "strutture_dati.Cammino", "nome": "s2", "nodo_iniziale": {"py/object": "strutture_dati.Nodo", "stati_FA": ["1", "0"], "lista_link": [{"py/object": "strutture_dati.Link", "nome": "L", "FA_i": "S", "FA_f": "B", "buffer": ""}], "nome": "1:0|", "id": 4, "final": true, "indice_oss": 0}, "nodo_finale": {"py/object": "strutture_dati.Nodo", "stati_FA": ["0", "0"], "lista_link": [{"py/object": "strutture_dati.Link", "nome": "L", "FA_i": "S", "FA_f": "B", "buffer": "cl"}], "nome": "0:0|cl", "id": 2, "final": false, "indice_oss": 0}, "oss": "sby", "ril": "\u03b5", "chiusura_iniziale": {"py/id": 134}, "chiusura_finale": {"py/id": 110}, "nodo_accettazione_raggiunto": null, "etichetta_diagnosi": "(f2f3)*"}, {"py/object": "strutture_dati.Cammino", "nome": "s1", "nodo_iniziale": {"py/object": "strutture_dati.Nodo", "stati_FA": ["0", "1"], "lista_link": [{"py/object": "strutture_dati.Link", "nome": "L", "FA_i": "S", "FA_f": "B", "buffer": ""}], "nome": "0:1|", "id": 5, "final": true, "indice_oss": 0}, "nodo_finale": {"py/object": "strutture_dati.Nodo", "stati_FA": ["1", "1"], "lista_link": [{"py/object": "strutture_dati.Link", "nome": "L", "FA_i": "S", "FA_f": "B", "buffer": "op"}], "nome": "1:1|op", "id": 7, "final": false, "indice_oss": 0}, "oss": "act", "ril": "\u03b5", "chiusura_iniziale": {"py/id": 58}, "chiusura_finale": {"py/id": 122}, "nodo_accettazione_raggiunto": null, "etichetta_diagnosi": "(f1f4)*"}, {"py/object": "strutture_dati.Cammino", "nome": "s1", "nodo_iniziale": {"py/object": "strutture_dati.Nodo", "stati_FA": ["0", "1"], "lista_link": [{"py/object": "strutture_dati.Link", "nome": "L", "FA_i": "S", "FA_f": "B", "buffer": ""}], "nome": "0:1|", "id": 5, "final": true, "indice_oss": 0}, "nodo_finale": {"py/object": "strutture_dati.Nodo", "stati_FA": ["1", "1"], "lista_link": [{"py/object": "strutture_dati.Link", "nome": "L", "FA_i": "S", "FA_f": "B", "buffer": "op"}], "nome": "1:1|op", "id": 7, "final": false, "indice_oss": 0}, "oss": "act", "ril": "\u03b5", "chiusura_iniziale": {"py/id": 84}, "chiusura_finale": {"py/id": 122}, "nodo_accettazione_raggiunto": null, "etichetta_diagnosi": "f4(f1f4)*"}, {"py/object": "strutture_dati.Cammino", "nome": "b2", "nodo_iniziale": {"py/object": "strutture_dati.Nodo", "stati_FA": ["0", "1"], "lista_link": [{"py/object": "strutture_dati.Link", "nome": "L", "FA_i": "S", "FA_f": "B", "buffer": "cl"}], "nome": "0:1|cl", "id": 6, "final": false, "indice_oss": 0}, "nodo_finale": {"py/object": "strutture_dati.Nodo", "stati_FA": ["0", "0"], "lista_link": [{"py/object": "strutture_dati.Link", "nome": "L", "FA_i": "S", "FA_f": "B", "buffer": ""}], "nome": "0:0|", "id": 0, "final": true, "indice_oss": 0}, "oss": "cls", "ril": "\u03b5", "chiusura_iniziale": {"py/id": 58}, "chiusura_finale": {"py/id": 2}, "nodo_accettazione_raggiunto": null, "etichetta_diagnosi": "f1(f4f1)*"}, {"py/object": "strutture_dati.Cammino", "nome": "b2", "nodo_iniziale": {"py/object": "strutture_dati.Nodo", "stati_FA": ["0", "1"], "lista_link": [{"py/object": "strutture_dati.Link", "nome": "L", "FA_i": "S", "FA_f": "B", "buffer": "cl"}], "nome": "0:1|cl", "id": 6, "final": false, "indice_oss": 0}, "nodo_finale": {"py/object": "strutture_dati.Nodo", "stati_FA": ["0", "0"], "lista_link": [{"py/object": "strutture_dati.Link", "nome": "L", "FA_i": "S", "FA_f": "B", "buffer": ""}], "nome": "0:0|", "id": 0, "final": true, "indice_oss": 0}, "oss": "cls", "ril": "\u03b5", "chiusura_iniziale": {"py/id": 84}, "chiusura_finale": {"py/id": 2}, "nodo_accettazione_raggiunto": null, "etichetta_diagnosi": "(f4f1)*"}, {"py/object": "strutture_dati.Cammino", "nome": "b6", "nodo_iniziale": {"py/object": "strutture_dati.Nodo", "stati_FA": ["1", "1"], "lista_link": [{"py/object": "strutture_dati.Link", "nome": "L", "FA_i": "S", "FA_f": "B", "buffer": "op"}], "nome": "1:1|op", "id": 7, "final": false, "indice_oss": 0}, "nodo_finale": {"py/object": "strutture_dati.Nodo", "stati_FA": ["1", "1"], "lista_link": [{"py/object": "strutture_dati.Link", "nome": "L", "FA_i": "S", "FA_f": "B", "buffer": ""}], "nome": "1:1|", "id": 3, "final": true, "indice_oss": 0}, "oss": "nop", "ril": "\u03b5", "chiusura_iniziale": {"py/id": 41}, "chiusura_finale": {"py/id": 41}, "nodo_accettazione_raggiunto": null, "etichetta_diagnosi": "f2"}, {"py/object": "strutture_dati.Cammino", "nome": "b6", "nodo_iniziale": {"py/object": "strutture_dati.Nodo", "stati_FA": ["1", "1"], "lista_link": [{"py/object": "strutture_dati.Link", "nome": "L", "FA_i": "S", "FA_f": "B", "buffer": "op"}], "nome": "1:1|op", "id": 7, "final": false, "indice_oss": 0}, "nodo_finale": {"py/object": "strutture_dati.Nodo", "stati_FA": ["1", "1"], "lista_link": [{"py/object": "strutture_dati.Link", "nome": "L", "FA_i": "S", "FA_f": "B", "buffer": ""}], "nome": "1:1|", "id": 3, "final": true, "indice_oss": 0}, "oss": "nop", "ril": "\u03b5", "chiusura_iniziale": {"py/id": 122}, "chiusura_finale": {"py/id": 41}, "nodo_accettazione_raggiunto": null, "etichetta_diagnosi": "\u03b5"}, {"py/object": "strutture_dati.Cammino", "nome": "b8", "nodo_iniziale": {"py/object": "strutture_dati.Nodo", "stati_FA": ["1", "1"], "lista_link": [{"py/object": "strutture_dati.Link", "nome": "L", "FA_i": "S", "FA_f": "B", "buffer": "op"}], "nome": "1:1|op", "id": 7, "final": false, "indice_oss": 0}, "nodo_finale": {"py/object": "strutture_dati.Nodo", "stati_FA": ["1", "0"], "lista_link": [{"py/object": "strutture_dati.Link", "nome": "L", "FA_i": "S", "FA_f": "B", "buffer": ""}], "nome": "1:0|", "id": 4, "final": true, "indice_oss": 0}, "oss": "cls", "ril": "f6", "chiusura_iniziale": {"py/id": 41}, "chiusura_finale": {"py/id": 134}, "nodo_accettazione_raggiunto": null, "etichetta_diagnosi": "f2"}, {"py/object": "strutture_dati.Cammino", "nome": "b8", "nodo_iniziale": {"py/object": "strutture_dati.Nodo", "stati_FA": ["1", "1"], "lista_link": [{"py/object": "strutture_dati.Link", "nome": "L", "FA_i": "S", "FA_f": "B", "buffer": "op"}], "nome": "1:1|op", "id": 7, "final": false, "indice_oss": 0}, "nodo_finale": {"py/object": "strutture_dati.Nodo", "stati_FA": ["1", "0"], "lista_link": [{"py/object": "strutture_dati.Link", "nome": "L", "FA_i": "S", "FA_f": "B", "buffer": ""}], "nome": "1:0|", "id": 4, "final": true, "indice_oss": 0}, "oss": "cls", "ril": "f6", "chiusura_iniziale": {"py/id": 122}, "chiusura_finale": {"py/id": 134}, "nodo_accettazione_raggiunto": null, "etichetta_diagnosi": "\u03b5"}], "nome_rete": "Rete 3"}