{"py/object": "strutture_dati.Diagnosticatore", "lista_chiusure": [{"py/object": "strutture_dati.ChiusuraSilenziosa", "nodo_iniziale": {"py/object": "strutture_dati.Nodo", "stati_FA": ["S", "0"], "lista_link": [{"py/object": "strutture_dati.Link", "nome": "LAL", "FA_i": "AA", "FA_f": "AL", "buffer": ""}, {"py/object": "strutture_dati.Link", "nome": "LLA", "FA_i": "AL", "FA_f": "AA", "buffer": ""}], "nome": "S:0|:", "id": 0, "final": false, "indice_oss": 0}, "lista_nodi": [{"py/id": 3}], "lista_nodi_uscenti": [{"py/object": "strutture_dati.Nodo", "stati_FA": ["S", "0"], "lista_link": [{"py/object": "strutture_dati.Link", "nome": "LAL", "FA_i": "AA", "FA_f": "AL", "buffer": ""}, {"py/object": "strutture_dati.Link", "nome": "LLA", "FA_i": "AL", "FA_f": "AA", "buffer": ""}], "nome": "S:0|:", "id": 0, "final": true, "indice_oss": 0}], "lista_cammini": [], "id": 0, "final": true, "diagnosi_relativa": "\u03b5"}, {"py/object": "strutture_dati.ChiusuraSilenziosa", "nodo_iniziale": {"py/object": "strutture_dati.Nodo", "stati_FA": ["S", "1"], "lista_link": [{"py/object": "strutture_dati.Link", "nome": "LAL", "FA_i": "AA", "FA_f": "AL", "buffer": ""}, {"py/object": "strutture_dati.Link", "nome": "LLA", "FA_i": "AL", "FA_f": "AA", "buffer": "azione"}], "nome": "S:1|:azione", "id": 1, "final": false, "indice_oss": 0}, "lista_nodi": [{"py/id": 17}, {"py/object": "strutture_dati.Nodo", "stati_FA": ["I", "1"], "lista_link": [{"py/object": "strutture_dati.Link", "nome": "LAL", "FA_i": "AA", "FA_f": "AL", "buffer": "sottraigettone"}, {"py/object": "strutture_dati.Link", "nome": "LLA", "FA_i": "AL", "FA_f": "AA", "buffer": ""}], "nome": "I:1|sottraigettone:", "id": 2, "final": false, "indice_oss": 0}, {"py/object": "strutture_dati.Nodo", "stati_FA": ["S", "0"], "lista_link": [{"py/object": "strutture_dati.Link", "nome": "LAL", "FA_i": "AA", "FA_f": "AL", "buffer": ""}, {"py/object": "strutture_dati.Link", "nome": "LLA", "FA_i": "AL", "FA_f": "AA", "buffer": ""}], "nome": "S:0|:", "id": 0, "final": false, "indice_oss": 0}, {"py/object": "strutture_dati.Nodo", "stati_FA": ["I", "0"], "lista_link": [{"py/object": "strutture_dati.Link", "nome": "LAL", "FA_i": "AA", "FA_f": "AL", "buffer": ""}, {"py/object": "strutture_dati.Link", "nome": "LLA", "FA_i": "AL", "FA_f": "AA", "buffer": ""}], "nome": "I:0|:", "id": 4, "final": false, "indice_oss": 0}], "lista_nodi_uscenti": [{"py/object": "strutture_dati.Nodo", "stati_FA": ["S", "1"], "lista_link": [{"py/object": "strutture_dati.Link", "nome": "LAL", "FA_i": "AA", "FA_f": "AL", "buffer": ""}, {"py/object": "strutture_dati.Link", "nome": "LLA", "FA_i": "AL", "FA_f": "AA", "buffer": "azione"}], "nome": "S:1|:azione", "id": 1, "final": false, "indice_oss": 0}, {"py/object": "strutture_dati.Nodo", "stati_FA": ["S", "0"], "lista_link": [{"py/object": "strutture_dati.Link", "nome": "LAL", "FA_i": "AA", "FA_f": "AL", "buffer": ""}, {"py/object": "strutture_dati.Link", "nome": "LLA", "FA_i": "AL", "FA_f": "AA", "buffer": ""}], "nome": "S:0|:", "id": 0, "final": true, "indice_oss": 0}, {"py/id": 33}], "lista_cammini": [{"py/object": "strutture_dati.Cammino", "nome": "tASI", "nodo_iniziale": {"py/id": 39}, "nodo_finale": {"py/id": 23}, "oss": "\u03b5", "ril": "\u03b5", "chiusura_iniziale": null, "chiusura_finale": null, "nodo_accettazione_raggiunto": null, "etichetta_diagnosi": "\u03b5"}, {"py/object": "strutture_dati.Cammino", "nome": "tL10r", "nodo_iniziale": {"py/id": 39}, "nodo_finale": {"py/id": 28}, "oss": "\u03b5", "ril": "r1", "chiusura_iniziale": null, "chiusura_finale": null, "nodo_accettazione_raggiunto": null, "etichetta_diagnosi": "\u03b5"}, {"py/object": "strutture_dati.Cammino", "nome": "tL10", "nodo_iniziale": {"py/id": 23}, "nodo_finale": {"py/id": 33}, "oss": "\u03b5", "ril": "o2", "chiusura_iniziale": null, "chiusura_finale": null, "nodo_accettazione_raggiunto": null, "etichetta_diagnosi": "\u03b5"}], "id": 1, "final": true, "diagnosi_relativa": "r1|o2"}, {"py/object": "strutture_dati.ChiusuraSilenziosa", "nodo_iniziale": {"py/object": "strutture_dati.Nodo", "stati_FA": ["S", "2"], "lista_link": [{"py/object": "strutture_dati.Link", "nome": "LAL", "FA_i": "AA", "FA_f": "AL", "buffer": ""}, {"py/object": "strutture_dati.Link", "nome": "LLA", "FA_i": "AL", "FA_f": "AA", "buffer": "azione"}], "nome": "S:2|:azione", "id": 3, "final": false, "indice_oss": 0}, "lista_nodi": [{"py/id": 54}, {"py/object": "strutture_dati.Nodo", "stati_FA": ["I", "2"], "lista_link": [{"py/object": "strutture_dati.Link", "nome": "LAL", "FA_i": "AA", "FA_f": "AL", "buffer": "sottraigettone"}, {"py/object": "strutture_dati.Link", "nome": "LLA", "FA_i": "AL", "FA_f": "AA", "buffer": ""}], "nome": "I:2|sottraigettone:", "id": 5, "final": false, "indice_oss": 0}, {"py/object": "strutture_dati.Nodo", "stati_FA": ["S", "0"], "lista_link": [{"py/object": "strutture_dati.Link", "nome": "LAL", "FA_i": "AA", "FA_f": "AL", "buffer": ""}, {"py/object": "strutture_dati.Link", "nome": "LLA", "FA_i": "AL", "FA_f": "AA", "buffer": ""}], "nome": "S:0|:", "id": 0, "final": false, "indice_oss": 0}, {"py/object": "strutture_dati.Nodo", "stati_FA": ["I", "1"], "lista_link": [{"py/object": "strutture_dati.Link", "nome": "LAL", "FA_i": "AA", "FA_f": "AL", "buffer": ""}, {"py/object": "strutture_dati.Link", "nome": "LLA", "FA_i": "AL", "FA_f": "AA", "buffer": "azione"}], "nome": "I:1|:azione", "id": 6, "final": false, "indice_oss": 0}, {"py/object": "strutture_dati.Nodo", "stati_FA": ["R", "1"], "lista_link": [{"py/object": "strutture_dati.Link", "nome": "LAL", "FA_i": "AA", "FA_f": "AL", "buffer": "sottraigettone"}, {"py/object": "strutture_dati.Link", "nome": "LLA", "FA_i": "AL", "FA_f": "AA", "buffer": ""}], "nome": "R:1|sottraigettone:", "id": 7, "final": false, "indice_oss": 0}, {"py/object": "strutture_dati.Nodo", "stati_FA": ["I", "0"], "lista_link": [{"py/object": "strutture_dati.Link", "nome": "LAL", "FA_i": "AA", "FA_f": "AL", "buffer": ""}, {"py/object": "strutture_dati.Link", "nome": "LLA", "FA_i": "AL", "FA_f": "AA", "buffer": ""}], "nome": "I:0|:", "id": 4, "final": false, "indice_oss": 0}, {"py/object": "strutture_dati.Nodo", "stati_FA": ["R", "0"], "lista_link": [{"py/object": "strutture_dati.Link", "nome": "LAL", "FA_i": "AA", "FA_f": "AL", "buffer": ""}, {"py/object": "strutture_dati.Link", "nome": "LLA", "FA_i": "AL", "FA_f": "AA", "buffer": ""}], "nome": "R:0|:", "id": 9, "final": true, "indice_oss": 0}], "lista_nodi_uscenti": [{"py/object": "strutture_dati.Nodo", "stati_FA": ["S", "0"], "lista_link": [{"py/object": "strutture_dati.Link", "nome": "LAL", "FA_i": "AA", "FA_f": "AL", "buffer": ""}, {"py/object": "strutture_dati.Link", "nome": "LLA", "FA_i": "AL", "FA_f": "AA", "buffer": ""}], "nome": "S:0|:", "id": 0, "final": true, "indice_oss": 0}, {"py/object": "strutture_dati.Nodo", "stati_FA": ["I", "1"], "lista_link": [{"py/object": "strutture_dati.Link", "nome": "LAL", "FA_i": "AA", "FA_f": "AL", "buffer": ""}, {"py/object": "strutture_dati.Link", "nome": "LLA", "FA_i": "AL", "FA_f": "AA", "buffer": "azione"}], "nome": "I:1|:azione", "id": 6, "final": false, "indice_oss": 0}, {"py/object": "strutture_dati.Nodo", "stati_FA": ["I", "0"], "lista_link": [{"py/object": "strutture_dati.Link", "nome": "LAL", "FA_i": "AA", "FA_f": "AL", "buffer": ""}, {"py/object": "strutture_dati.Link", "nome": "LLA", "FA_i": "AL", "FA_f": "AA", "buffer": ""}], "nome": "I:0|:", "id": 4, "final": true, "indice_oss": 0}, {"py/id": 85}], "lista_cammini": [{"py/object": "strutture_dati.Cammino", "nome": "tASI", "nodo_iniziale": {"py/object": "strutture_dati.Nodo", "stati_FA": ["S", "2"], "lista_link": [{"py/object": "strutture_dati.Link", "nome": "LAL", "FA_i": "AA", "FA_f": "AL", "buffer": ""}, {"py/object": "strutture_dati.Link", "nome": "LLA", "FA_i": "AL", "FA_f": "AA", "buffer": "azione"}], "nome": "S:2|:azione", "id": 3, "final": false, "indice_oss": 0}, "nodo_finale": {"py/id": 60}, "oss": "\u03b5", "ril": "\u03b5", "chiusura_iniziale": null, "chiusura_finale": null, "nodo_accettazione_raggiunto": null, "etichetta_diagnosi": "\u03b5"}, {"py/object": "strutture_dati.Cammino", "nome": "tL20", "nodo_iniziale": {"py/id": 108}, "nodo_finale": {"py/id": 65}, "oss": "\u03b5", "ril": "r2", "chiusura_iniziale": null, "chiusura_finale": null, "nodo_accettazione_raggiunto": null, "etichetta_diagnosi": "\u03b5"}, {"py/object": "strutture_dati.Cammino", "nome": "tL21", "nodo_iniziale": {"py/id": 60}, "nodo_finale": {"py/id": 70}, "oss": "\u03b5", "ril": "o1", "chiusura_iniziale": null, "chiusura_finale": null, "nodo_accettazione_raggiunto": null, "etichetta_diagnosi": "\u03b5"}, {"py/object": "strutture_dati.Cammino", "nome": "tAIR", "nodo_iniziale": {"py/id": 96}, "nodo_finale": {"py/id": 75}, "oss": "\u03b5", "ril": "\u03b5", "chiusura_iniziale": null, "chiusura_finale": null, "nodo_accettazione_raggiunto": null, "etichetta_diagnosi": "\u03b5"}, {"py/object": "strutture_dati.Cammino", "nome": "tL10r", "nodo_iniziale": {"py/id": 96}, "nodo_finale": {"py/id": 80}, "oss": "\u03b5", "ril": "r1", "chiusura_iniziale": null, "chiusura_finale": null, "nodo_accettazione_raggiunto": null, "etichetta_diagnosi": "\u03b5"}, {"py/object": "strutture_dati.Cammino", "nome": "tL10", "nodo_iniziale": {"py/id": 75}, "nodo_finale": {"py/id": 85}, "oss": "\u03b5", "ril": "o2", "chiusura_iniziale": null, "chiusura_finale": null, "nodo_accettazione_raggiunto": null, "etichetta_diagnosi": "\u03b5"}], "id": 2, "final": true, "diagnosi_relativa": "r2|o1r1|o1o2"}, {"py/object": "strutture_dati.ChiusuraSilenziosa", "nodo_iniziale": {"py/object": "strutture_dati.Nodo", "stati_FA": ["I", "1"], "lista_link": [{"py/object": "strutture_dati.Link", "nome": "LAL", "FA_i": "AA", "FA_f": "AL", "buffer": ""}, {"py/object": "strutture_dati.Link", "nome": "LLA", "FA_i": "AL", "FA_f": "AA", "buffer": "azione"}], "nome": "I:1|:azione", "id": 6, "final": false, "indice_oss": 0}, "lista_nodi": [{"py/id": 119}, {"py/object": "strutture_dati.Nodo", "stati_FA": ["R", "1"], "lista_link": [{"py/object": "strutture_dati.Link", "nome": "LAL", "FA_i": "AA", "FA_f": "AL", "buffer": "sottraigettone"}, {"py/object": "strutture_dati.Link", "nome": "LLA", "FA_i": "AL", "FA_f": "AA", "buffer": ""}], "nome": "R:1|sottraigettone:", "id": 7, "final": false, "indice_oss": 0}, {"py/object": "strutture_dati.Nodo", "stati_FA": ["I", "0"], "lista_link": [{"py/object": "strutture_dati.Link", "nome": "LAL", "FA_i": "AA", "FA_f": "AL", "buffer": ""}, {"py/object": "strutture_dati.Link", "nome": "LLA", "FA_i": "AL", "FA_f": "AA", "buffer": ""}], "nome": "I:0|:", "id": 4, "final": false, "indice_oss": 0}, {"py/object": "strutture_dati.Nodo", "stati_FA": ["R", "0"], "lista_link": [{"py/object": "strutture_dati.Link", "nome": "LAL", "FA_i": "AA", "FA_f": "AL", "buffer": ""}, {"py/object": "strutture_dati.Link", "nome": "LLA", "FA_i": "AL", "FA_f": "AA", "buffer": ""}], "nome": "R:0|:", "id": 9, "final": true, "indice_oss": 0}], "lista_nodi_uscenti": [{"py/object": "strutture_dati.Nodo", "stati_FA": ["I", "1"], "lista_link": [{"py/object": "strutture_dati.Link", "nome": "LAL", "FA_i": "AA", "FA_f": "AL", "buffer": ""}, {"py/object": "strutture_dati.Link", "nome": "LLA", "FA_i": "AL", "FA_f": "AA", "buffer": "azione"}], "nome": "I:1|:azione", "id": 6, "final": false, "indice_oss": 0}, {"py/object": "strutture_dati.Nodo", "stati_FA": ["I", "0"], "lista_link": [{"py/object": "strutture_dati.Link", "nome": "LAL", "FA_i": "AA", "FA_f": "AL", "buffer": ""}, {"py/object": "strutture_dati.Link", "nome": "LLA", "FA_i": "AL", "FA_f": "AA", "buffer": ""}], "nome": "I:0|:", "id": 4, "final": true, "indice_oss": 0}, {"py/id": 135}], "lista_cammini": [{"py/object": "strutture_dati.Cammino", "nome": "tAIR", "nodo_iniziale": {"py/id": 141}, "nodo_finale": {"py/id": 125}, "oss": "\u03b5", "ril": "\u03b5", "chiusura_iniziale": null, "chiusura_finale": null, "nodo_accettazione_raggiunto": null, "etichetta_diagnosi": "\u03b5"}, {"py/object": "strutture_dati.Cammino", "nome": "tL10r", "nodo_iniziale": {"py/id": 141}, "nodo_finale": {"py/id": 130}, "oss": "\u03b5", "ril": "r1", "chiusura_iniziale": null, "chiusura_finale": null, "nodo_accettazione_raggiunto": null, "etichetta_diagnosi": "\u03b5"}, {"py/object": "strutture_dati.Cammino", "nome": "tL10", "nodo_iniziale": {"py/id": 125}, "nodo_finale": {"py/id": 135}, "oss": "\u03b5", "ril": "o2", "chiusura_iniziale": null, "chiusura_finale": null, "nodo_accettazione_raggiunto": null, "etichetta_diagnosi": "\u03b5"}], "id": 3, "final": true, "diagnosi_relativa": "o2|r1"}, {"py/object": "strutture_dati.ChiusuraSilenziosa", "nodo_iniziale": {"py/object": "strutture_dati.Nodo", "stati_FA": ["I", "2"], "lista_link": [{"py/object": "strutture_dati.Link", "nome": "LAL", "FA_i": "AA", "FA_f": "AL", "buffer": ""}, {"py/object": "strutture_dati.Link", "nome": "LLA", "FA_i": "AL", "FA_f": "AA", "buffer": "azione"}], "nome": "I:2|:azione", "id": 8, "final": false, "indice_oss": 0}, "lista_nodi": [{"py/id": 156}, {"py/object": "strutture_dati.Nodo", "stati_FA": ["R", "2"], "lista_link": [{"py/object": "strutture_dati.Link", "nome": "LAL", "FA_i": "AA", "FA_f": "AL", "buffer": "sottraigettone"}, {"py/object": "strutture_dati.Link", "nome": "LLA", "FA_i": "AL", "FA_f": "AA", "buffer": ""}], "nome": "R:2|sottraigettone:", "id": 10, "final": false, "indice_oss": 0}, {"py/object": "strutture_dati.Nodo", "stati_FA": ["I", "0"], "lista_link": [{"py/object": "strutture_dati.Link", "nome": "LAL", "FA_i": "AA", "FA_f": "AL", "buffer": ""}, {"py/object": "strutture_dati.Link", "nome": "LLA", "FA_i": "AL", "FA_f": "AA", "buffer": ""}], "nome": "I:0|:", "id": 4, "final": false, "indice_oss": 0}, {"py/object": "strutture_dati.Nodo", "stati_FA": ["R", "1"], "lista_link": [{"py/object": "strutture_dati.Link", "nome": "LAL", "FA_i": "AA", "FA_f": "AL", "buffer": ""}, {"py/object": "strutture_dati.Link", "nome": "LLA", "FA_i": "AL", "FA_f": "AA", "buffer": "azione"}], "nome": "R:1|:azione", "id": 11, "final": false, "indice_oss": 0}, {"py/object": "strutture_dati.Nodo", "stati_FA": ["R", "0"], "lista_link": [{"py/object": "strutture_dati.Link", "nome": "LAL", "FA_i": "AA", "FA_f": "AL", "buffer": ""}, {"py/object": "strutture_dati.Link", "nome": "LLA", "FA_i": "AL", "FA_f": "AA", "buffer": ""}], "nome": "R:0|:", "id": 9, "final": true, "indice_oss": 0}], "lista_nodi_uscenti": [{"py/object": "strutture_dati.Nodo", "stati_FA": ["I", "0"], "lista_link": [{"py/object": "strutture_dati.Link", "nome": "LAL", "FA_i": "AA", "FA_f": "AL", "buffer": ""}, {"py/object": "strutture_dati.Link", "nome": "LLA", "FA_i": "AL", "FA_f": "AA", "buffer": ""}], "nome": "I:0|:", "id": 4, "final": true, "indice_oss": 0}, {"py/object": "strutture_dati.Nodo", "stati_FA": ["R", "1"], "lista_link": [{"py/object": "strutture_dati.Link", "nome": "LAL", "FA_i": "AA", "FA_f": "AL", "buffer": ""}, {"py/object": "strutture_dati.Link", "nome": "LLA", "FA_i": "AL", "FA_f": "AA", "buffer": "azione"}], "nome": "R:1|:azione", "id": 11, "final": false, "indice_oss": 0}, {"py/object": "strutture_dati.Nodo", "stati_FA": ["R", "0"], "lista_link": [{"py/object": "strutture_dati.Link", "nome": "LAL", "FA_i": "AA", "FA_f": "AL", "buffer": ""}, {"py/object": "strutture_dati.Link", "nome": "LLA", "FA_i": "AL", "FA_f": "AA", "buffer": ""}], "nome": "R:0|:", "id": 9, "final": true, "indice_oss": 0}], "lista_cammini": [{"py/object": "strutture_dati.Cammino", "nome": "tAIR", "nodo_iniziale": {"py/object": "strutture_dati.Nodo", "stati_FA": ["I", "2"], "lista_link": [{"py/object": "strutture_dati.Link", "nome": "LAL", "FA_i": "AA", "FA_f": "AL", "buffer": ""}, {"py/object": "strutture_dati.Link", "nome": "LLA", "FA_i": "AL", "FA_f": "AA", "buffer": "azione"}], "nome": "I:2|:azione", "id": 8, "final": false, "indice_oss": 0}, "nodo_finale": {"py/id": 162}, "oss": "\u03b5", "ril": "\u03b5", "chiusura_iniziale": null, "chiusura_finale": null, "nodo_accettazione_raggiunto": null, "etichetta_diagnosi": "\u03b5"}, {"py/object": "strutture_dati.Cammino", "nome": "tL20", "nodo_iniziale": {"py/id": 200}, "nodo_finale": {"py/id": 167}, "oss": "\u03b5", "ril": "r2", "chiusura_iniziale": null, "chiusura_finale": null, "nodo_accettazione_raggiunto": null, "etichetta_diagnosi": "\u03b5"}, {"py/object": "strutture_dati.Cammino", "nome": "tL21", "nodo_iniziale": {"py/id": 162}, "nodo_finale": {"py/id": 172}, "oss": "\u03b5", "ril": "o1", "chiusura_iniziale": null, "chiusura_finale": null, "nodo_accettazione_raggiunto": null, "etichetta_diagnosi": "\u03b5"}, {"py/object": "strutture_dati.Cammino", "nome": "tL10r", "nodo_iniziale": {"py/id": 188}, "nodo_finale": {"py/id": 177}, "oss": "\u03b5", "ril": "r1", "chiusura_iniziale": null, "chiusura_finale": null, "nodo_accettazione_raggiunto": null, "etichetta_diagnosi": "\u03b5"}], "id": 4, "final": true, "diagnosi_relativa": "o1r1|r2"}, {"py/object": "strutture_dati.ChiusuraSilenziosa", "nodo_iniziale": {"py/object": "strutture_dati.Nodo", "stati_FA": ["R", "1"], "lista_link": [{"py/object": "strutture_dati.Link", "nome": "LAL", "FA_i": "AA", "FA_f": "AL", "buffer": ""}, {"py/object": "strutture_dati.Link", "nome": "LLA", "FA_i": "AL", "FA_f": "AA", "buffer": "azione"}], "nome": "R:1|:azione", "id": 11, "final": false, "indice_oss": 0}, "lista_nodi": [{"py/id": 209}, {"py/object": "strutture_dati.Nodo", "stati_FA": ["R", "0"], "lista_link": [{"py/object": "strutture_dati.Link", "nome": "LAL", "FA_i": "AA", "FA_f": "AL", "buffer": ""}, {"py/object": "strutture_dati.Link", "nome": "LLA", "FA_i": "AL", "FA_f": "AA", "buffer": ""}], "nome": "R:0|:", "id": 9, "final": true, "indice_oss": 0}], "lista_nodi_uscenti": [{"py/object": "strutture_dati.Nodo", "stati_FA": ["R", "1"], "lista_link": [{"py/object": "strutture_dati.Link", "nome": "LAL", "FA_i": "AA", "FA_f": "AL", "buffer": ""}, {"py/object": "strutture_dati.Link", "nome": "LLA", "FA_i": "AL", "FA_f": "AA", "buffer": "azione"}], "nome": "R:1|:azione", "id": 11, "final": false, "indice_oss": 0}, {"py/object": "strutture_dati.Nodo", "stati_FA": ["R", "0"], "lista_link": [{"py/object": "strutture_dati.Link", "nome": "LAL", "FA_i": "AA", "FA_f": "AL", "buffer": ""}, {"py/object": "strutture_dati.Link", "nome": "LLA", "FA_i": "AL", "FA_f": "AA", "buffer": ""}], "nome": "R:0|:", "id": 9, "final": true, "indice_oss": 0}], "lista_cammini": [{"py/object": "strutture_dati.Cammino", "nome": "tL10r", "nodo_iniziale": {"py/id": 221}, "nodo_finale": {"py/id": 215}, "oss": "\u03b5", "ril": "r1", "chiusura_iniziale": null, "chiusura_finale": null, "nodo_accettazione_raggiunto": null, "etichetta_diagnosi": "\u03b5"}], "id": 5, "final": true, "diagnosi_relativa": "r1"}, {"py/object": "strutture_dati.ChiusuraSilenziosa", "nodo_iniziale": {"py/object": "strutture_dati.Nodo", "stati_FA": ["R", "2"], "lista_link": [{"py/object": "strutture_dati.Link", "nome": "LAL", "FA_i": "AA", "FA_f": "AL", "buffer": ""}, {"py/object": "strutture_dati.Link", "nome": "LLA", "FA_i": "AL", "FA_f": "AA", "buffer": "azione"}], "nome": "R:2|:azione", "id": 12, "final": false, "indice_oss": 0}, "lista_nodi": [{"py/id": 234}, {"py/object": "strutture_dati.Nodo", "stati_FA": ["R", "0"], "lista_link": [{"py/object": "strutture_dati.Link", "nome": "LAL", "FA_i": "AA", "FA_f": "AL", "buffer": ""}, {"py/object": "strutture_dati.Link", "nome": "LLA", "FA_i": "AL", "FA_f": "AA", "buffer": ""}], "nome": "R:0|:", "id": 9, "final": true, "indice_oss": 0}], "lista_nodi_uscenti": [{"py/object": "strutture_dati.Nodo", "stati_FA": ["R", "0"], "lista_link": [{"py/object": "strutture_dati.Link", "nome": "LAL", "FA_i": "AA", "FA_f": "AL", "buffer": ""}, {"py/object": "strutture_dati.Link", "nome": "LLA", "FA_i": "AL", "FA_f": "AA", "buffer": ""}], "nome": "R:0|:", "id": 9, "final": true, "indice_oss": 0}], "lista_cammini": [{"py/object": "strutture_dati.Cammino", "nome": "tL20", "nodo_iniziale": {"py/object": "strutture_dati.Nodo", "stati_FA": ["R", "2"], "lista_link": [{"py/object": "strutture_dati.Link", "nome": "LAL", "FA_i": "AA", "FA_f": "AL", "buffer": ""}, {"py/object": "strutture_dati.Link", "nome": "LLA", "FA_i": "AL", "FA_f": "AA", "buffer": "azione"}], "nome": "R:2|:azione", "id": 12, "final": false, "indice_oss": 0}, "nodo_finale": {"py/id": 240}, "oss": "\u03b5", "ril": "r2", "chiusura_iniziale": null, "chiusura_finale": null, "nodo_accettazione_raggiunto": null, "etichetta_diagnosi": "\u03b5"}], "id": 6, "final": true, "diagnosi_relativa": "r2"}], "lista_cammini": [{"py/object": "strutture_dati.Cammino", "nome": "tL01", "nodo_iniziale": {"py/object": "strutture_dati.Nodo", "stati_FA": ["S", "0"], "lista_link": [{"py/object": "strutture_dati.Link", "nome": "LAL", "FA_i": "AA", "FA_f": "AL", "buffer": ""}, {"py/object": "strutture_dati.Link", "nome": "LLA", "FA_i": "AL", "FA_f": "AA", "buffer": ""}], "nome": "S:0|:", "id": 0, "final": true, "indice_oss": 0}, "nodo_finale": {"py/object": "strutture_dati.Nodo", "stati_FA": ["S", "1"], "lista_link": [{"py/object": "strutture_dati.Link", "nome": "LAL", "FA_i": "AA", "FA_f": "AL", "buffer": ""}, {"py/object": "strutture_dati.Link", "nome": "LLA", "FA_i": "AL", "FA_f": "AA", "buffer": "azione"}], "nome": "S:1|:azione", "id": 1, "final": false, "indice_oss": 0}, "oss": "g1", "ril": "\u03b5", "chiusura_iniziale": {"py/id": 2}, "chiusura_finale": {"py/id": 16}, "nodo_accettazione_raggiunto": null, "etichetta_diagnosi": "\u03b5"}, {"py/object": "strutture_dati.Cammino", "nome": "tL01", "nodo_iniziale": {"py/object": "strutture_dati.Nodo", "stati_FA": ["S", "0"], "lista_link": [{"py/object": "strutture_dati.Link", "nome": "LAL", "FA_i": "AA", "FA_f": "AL", "buffer": ""}, {"py/object": "strutture_dati.Link", "nome": "LLA", "FA_i": "AL", "FA_f": "AA", "buffer": ""}], "nome": "S:0|:", "id": 0, "final": true, "indice_oss": 0}, "nodo_finale": {"py/object": "strutture_dati.Nodo", "stati_FA": ["S", "1"], "lista_link": [{"py/object": "strutture_dati.Link", "nome": "LAL", "FA_i": "AA", "FA_f": "AL", "buffer": ""}, {"py/object": "strutture_dati.Link", "nome": "LLA", "FA_i": "AL", "FA_f": "AA", "buffer": "azione"}], "nome": "S:1|:azione", "id": 1, "final": false, "indice_oss": 0}, "oss": "g1", "ril": "\u03b5", "chiusura_iniziale": {"py/id": 16}, "chiusura_finale": {"py/id": 16}, "nodo_accettazione_raggiunto": null, "etichetta_diagnosi": "r1"}, {"py/object": "strutture_dati.Cammino", "nome": "tL01", "nodo_iniziale": {"py/object": "strutture_dati.Nodo", "stati_FA": ["S", "0"], "lista_link": [{"py/object": "strutture_dati.Link", "nome": "LAL", "FA_i": "AA", "FA_f": "AL", "buffer": ""}, {"py/object": "strutture_dati.Link", "nome": "LLA", "FA_i": "AL", "FA_f": "AA", "buffer": ""}], "nome": "S:0|:", "id": 0, "final": true, "indice_oss": 0}, "nodo_finale": {"py/object": "strutture_dati.Nodo", "stati_FA": ["S", "1"], "lista_link": [{"py/object": "strutture_dati.Link", "nome": "LAL", "FA_i": "AA", "FA_f": "AL", "buffer": ""}, {"py/object": "strutture_dati.Link", "nome": "LLA", "FA_i": "AL", "FA_f": "AA", "buffer": "azione"}], "nome": "S:1|:azione", "id": 1, "final": false, "indice_oss": 0}, "oss": "g1", "ril": "\u03b5", "chiusura_iniziale": {"py/id": 53}, "chiusura_finale": {"py/id": 16}, "nodo_accettazione_raggiunto": null, "etichetta_diagnosi": "r2"}, {"py/object": "strutture_dati.Cammino", "nome": "tL12", "nodo_iniziale": {"py/object": "strutture_dati.Nodo", "stati_FA": ["S", "1"], "lista_link": [{"py/object": "strutture_dati.Link", "nome": "LAL", "FA_i": "AA", "FA_f": "AL", "buffer": ""}, {"py/object": "strutture_dati.Link", "nome": "LLA", "FA_i": "AL", "FA_f": "AA", "buffer": "azione"}], "nome": "S:1|:azione", "id": 1, "final": false, "indice_oss": 0}, "nodo_finale": {"py/object": "strutture_dati.Nodo", "stati_FA": ["S", "2"], "lista_link": [{"py/object": "strutture_dati.Link", "nome": "LAL", "FA_i": "AA", "FA_f": "AL", "buffer": ""}, {"py/object": "strutture_dati.Link", "nome": "LLA", "FA_i": "AL", "FA_f": "AA", "buffer": "azione"}], "nome": "S:2|:azione", "id": 3, "final": false, "indice_oss": 0}, "oss": "g2", "ril": "\u03b5", "chiusura_iniziale": {"py/id": 16}, "chiusura_finale": {"py/id": 53}, "nodo_accettazione_raggiunto": null, "etichetta_diagnosi": "\u03b5"}, {"py/object": "strutture_dati.Cammino", "nome": "tL01", "nodo_iniziale": {"py/object": "strutture_dati.Nodo", "stati_FA": ["I", "0"], "lista_link": [{"py/object": "strutture_dati.Link", "nome": "LAL", "FA_i": "AA", "FA_f": "AL", "buffer": ""}, {"py/object": "strutture_dati.Link", "nome": "LLA", "FA_i": "AL", "FA_f": "AA", "buffer": ""}], "nome": "I:0|:", "id": 4, "final": true, "indice_oss": 0}, "nodo_finale": {"py/object": "strutture_dati.Nodo", "stati_FA": ["I", "1"], "lista_link": [{"py/object": "strutture_dati.Link", "nome": "LAL", "FA_i": "AA", "FA_f": "AL", "buffer": ""}, {"py/object": "strutture_dati.Link", "nome": "LLA", "FA_i": "AL", "FA_f": "AA", "buffer": "azione"}], "nome": "I:1|:azione", "id": 6, "final": false, "indice_oss": 0}, "oss": "g1", "ril": "\u03b5", "chiusura_iniziale": {"py/id": 16}, "chiusura_finale": {"py/id": 118}, "nodo_accettazione_raggiunto": null, "etichetta_diagnosi": "o2"}, {"py/object": "strutture_dati.Cammino", "nome": "tL01", "nodo_iniziale": {"py/object": "strutture_dati.Nodo", "stati_FA": ["I", "0"], "lista_link": [{"py/object": "strutture_dati.Link", "nome": "LAL", "FA_i": "AA", "FA_f": "AL", "buffer": ""}, {"py/object": "strutture_dati.Link", "nome": "LLA", "FA_i": "AL", "FA_f": "AA", "buffer": ""}], "nome": "I:0|:", "id": 4, "final": true, "indice_oss": 0}, "nodo_finale": {"py/object": "strutture_dati.Nodo", "stati_FA": ["I", "1"], "lista_link": [{"py/object": "strutture_dati.Link", "nome": "LAL", "FA_i": "AA", "FA_f": "AL", "buffer": ""}, {"py/object": "strutture_dati.Link", "nome": "LLA", "FA_i": "AL", "FA_f": "AA", "buffer": "azione"}], "nome": "I:1|:azione", "id": 6, "final": false, "indice_oss": 0}, "oss": "g1", "ril": "\u03b5", "chiusura_iniziale": {"py/id": 53}, "chiusura_finale": {"py/id": 118}, "nodo_accettazione_raggiunto": null, "etichetta_diagnosi": "o1r1"}, {"py/object": "strutture_dati.Cammino", "nome": "tL01", "nodo_iniziale": {"py/object": "strutture_dati.Nodo", "stati_FA": ["I", "0"], "lista_link": [{"py/object": "strutture_dati.Link", "nome": "LAL", "FA_i": "AA", "FA_f": "AL", "buffer": ""}, {"py/object": "strutture_dati.Link", "nome": "LLA", "FA_i": "AL", "FA_f": "AA", "buffer": ""}], "nome": "I:0|:", "id": 4, "final": true, "indice_oss": 0}, "nodo_finale": {"py/object": "strutture_dati.Nodo", "stati_FA": ["I", "1"], "lista_link": [{"py/object": "strutture_dati.Link", "nome": "LAL", "FA_i": "AA", "FA_f": "AL", "buffer": ""}, {"py/object": "strutture_dati.Link", "nome": "LLA", "FA_i": "AL", "FA_f": "AA", "buffer": "azione"}], "nome": "I:1|:azione", "id": 6, "final": false, "indice_oss": 0}, "oss": "g1", "ril": "\u03b5", "chiusura_iniziale": {"py/id": 118}, "chiusura_finale": {"py/id": 118}, "nodo_accettazione_raggiunto": null, "etichetta_diagnosi": "r1"}, {"py/object": "strutture_dati.Cammino", "nome": "tL01", "nodo_iniziale": {"py/object": "strutture_dati.Nodo", "stati_FA": ["I", "0"], "lista_link": [{"py/object": "strutture_dati.Link", "nome": "LAL", "FA_i": "AA", "FA_f": "AL", "buffer": ""}, {"py/object": "strutture_dati.Link", "nome": "LLA", "FA_i": "AL", "FA_f": "AA", "buffer": ""}], "nome": "I:0|:", "id": 4, "final": true, "indice_oss": 0}, "nodo_finale": {"py/object": "strutture_dati.Nodo", "stati_FA": ["I", "1"], "lista_link": [{"py/object": "strutture_dati.Link", "nome": "LAL", "FA_i": "AA", "FA_f": "AL", "buffer": ""}, {"py/object": "strutture_dati.Link", "nome": "LLA", "FA_i": "AL", "FA_f": "AA", "buffer": "azione"}], "nome": "I:1|:azione", "id": 6, "final": false, "indice_oss": 0}, "oss": "g1", "ril": "\u03b5", "chiusura_iniziale": {"py/id": 155}, "chiusura_finale": {"py/id": 118}, "nodo_accettazione_raggiunto": null, "etichetta_diagnosi": "r2"}, {"py/object": "strutture_dati.Cammino", "nome": "tL12", "nodo_iniziale": {"py/object": "strutture_dati.Nodo", "stati_FA": ["I", "1"], "lista_link": [{"py/object": "strutture_dati.Link", "nome": "LAL", "FA_i": "AA", "FA_f": "AL", "buffer": ""}, {"py/object": "strutture_dati.Link", "nome": "LLA", "FA_i": "AL", "FA_f": "AA", "buffer": "azione"}], "nome": "I:1|:azione", "id": 6, "final": false, "indice_oss": 0}, "nodo_finale": {"py/object": "strutture_dati.Nodo", "stati_FA": ["I", "2"], "lista_link": [{"py/object": "strutture_dati.Link", "nome": "LAL", "FA_i": "AA", "FA_f": "AL", "buffer": ""}, {"py/object": "strutture_dati.Link", "nome": "LLA", "FA_i": "AL", "FA_f": "AA", "buffer": "azione"}], "nome": "I:2|:azione", "id": 8, "final": false, "indice_oss": 0}, "oss": "g2", "ril": "\u03b5", "chiusura_iniziale": {"py/id": 53}, "chiusura_finale": {"py/id": 155}, "nodo_accettazione_raggiunto": null, "etichetta_diagnosi": "o1"}, {"py/object": "strutture_dati.Cammino", "nome": "tL12", "nodo_iniziale": {"py/object": "strutture_dati.Nodo", "stati_FA": ["I", "1"], "lista_link": [{"py/object": "strutture_dati.Link", "nome": "LAL", "FA_i": "AA", "FA_f": "AL", "buffer": ""}, {"py/object": "strutture_dati.Link", "nome": "LLA", "FA_i": "AL", "FA_f": "AA", "buffer": "azione"}], "nome": "I:1|:azione", "id": 6, "final": false, "indice_oss": 0}, "nodo_finale": {"py/object": "strutture_dati.Nodo", "stati_FA": ["I", "2"], "lista_link": [{"py/object": "strutture_dati.Link", "nome": "LAL", "FA_i": "AA", "FA_f": "AL", "buffer": ""}, {"py/object": "strutture_dati.Link", "nome": "LLA", "FA_i": "AL", "FA_f": "AA", "buffer": "azione"}], "nome": "I:2|:azione", "id": 8, "final": false, "indice_oss": 0}, "oss": "g2", "ril": "\u03b5", "chiusura_iniziale": {"py/id": 118}, "chiusura_finale": {"py/id": 155}, "nodo_accettazione_raggiunto": null, "etichetta_diagnosi": "\u03b5"}, {"py/object": "strutture_dati.Cammino", "nome": "tL01", "nodo_iniziale": {"py/object": "strutture_dati.Nodo", "stati_FA": ["R", "0"], "lista_link": [{"py/object": "strutture_dati.Link", "nome": "LAL", "FA_i": "AA", "FA_f": "AL", "buffer": ""}, {"py/object": "strutture_dati.Link", "nome": "LLA", "FA_i": "AL", "FA_f": "AA", "buffer": ""}], "nome": "R:0|:", "id": 9, "final": true, "indice_oss": 0}, "nodo_finale": {"py/object": "strutture_dati.Nodo", "stati_FA": ["R", "1"], "lista_link": [{"py/object": "strutture_dati.Link", "nome": "LAL", "FA_i": "AA", "FA_f": "AL", "buffer": ""}, {"py/object": "strutture_dati.Link", "nome": "LLA", "FA_i": "AL", "FA_f": "AA", "buffer": "azione"}], "nome": "R:1|:azione", "id": 11, "final": false, "indice_oss": 0}, "oss": "g1", "ril": "\u03b5", "chiusura_iniziale": {"py/id": 53}, "chiusura_finale": {"py/id": 208}, "nodo_accettazione_raggiunto": null, "etichetta_diagnosi": "o1o2"}, {"py/object": "strutture_dati.Cammino", "nome": "tL01", "nodo_iniziale": {"py/object": "strutture_dati.Nodo", "stati_FA": ["R", "0"], "lista_link": [{"py/object": "strutture_dati.Link", "nome": "LAL", "FA_i": "AA", "FA_f": "AL", "buffer": ""}, {"py/object": "strutture_dati.Link", "nome": "LLA", "FA_i": "AL", "FA_f": "AA", "buffer": ""}], "nome": "R:0|:", "id": 9, "final": true, "indice_oss": 0}, "nodo_finale": {"py/object": "strutture_dati.Nodo", "stati_FA": ["R", "1"], "lista_link": [{"py/object": "strutture_dati.Link", "nome": "LAL", "FA_i": "AA", "FA_f": "AL", "buffer": ""}, {"py/object": "strutture_dati.Link", "nome": "LLA", "FA_i": "AL", "FA_f": "AA", "buffer": "azione"}], "nome": "R:1|:azione", "id": 11, "final": false, "indice_oss": 0}, "oss": "g1", "ril": "\u03b5", "chiusura_iniziale": {"py/id": 118}, "chiusura_finale": {"py/id": 208}, "nodo_accettazione_raggiunto": null, "etichetta_diagnosi": "o2"}, {"py/object": "strutture_dati.Cammino", "nome": "tL01", "nodo_iniziale": {"py/object": "strutture_dati.Nodo", "stati_FA": ["R", "0"], "lista_link": [{"py/object": "strutture_dati.Link", "nome": "LAL", "FA_i": "AA", "FA_f": "AL", "buffer": ""}, {"py/object": "strutture_dati.Link", "nome": "LLA", "FA_i": "AL", "FA_f": "AA", "buffer": ""}], "nome": "R:0|:", "id": 9, "final": true, "indice_oss": 0}, "nodo_finale": {"py/object": "strutture_dati.Nodo", "stati_FA": ["R", "1"], "lista_link": [{"py/object": "strutture_dati.Link", "nome": "LAL", "FA_i": "AA", "FA_f": "AL", "buffer": ""}, {"py/object": "strutture_dati.Link", "nome": "LLA", "FA_i": "AL", "FA_f": "AA", "buffer": "azione"}], "nome": "R:1|:azione", "id": 11, "final": false, "indice_oss": 0}, "oss": "g1", "ril": "\u03b5", "chiusura_iniziale": {"py/id": 155}, "chiusura_finale": {"py/id": 208}, "nodo_accettazione_raggiunto": null, "etichetta_diagnosi": "o1r1"}, {"py/object": "strutture_dati.Cammino", "nome": "tL01", "nodo_iniziale": {"py/object": "strutture_dati.Nodo", "stati_FA": ["R", "0"], "lista_link": [{"py/object": "strutture_dati.Link", "nome": "LAL", "FA_i": "AA", "FA_f": "AL", "buffer": ""}, {"py/object": "strutture_dati.Link", "nome": "LLA", "FA_i": "AL", "FA_f": "AA", "buffer": ""}], "nome": "R:0|:", "id": 9, "final": true, "indice_oss": 0}, "nodo_finale": {"py/object": "strutture_dati.Nodo", "stati_FA": ["R", "1"], "lista_link": [{"py/object": "strutture_dati.Link", "nome": "LAL", "FA_i": "AA", "FA_f": "AL", "buffer": ""}, {"py/object": "strutture_dati.Link", "nome": "LLA", "FA_i": "AL", "FA_f": "AA", "buffer": "azione"}], "nome": "R:1|:azione", "id": 11, "final": false, "indice_oss": 0}, "oss": "g1", "ril": "\u03b5", "chiusura_iniziale": {"py/id": 208}, "chiusura_finale": {"py/id": 208}, "nodo_accettazione_raggiunto": null, "etichetta_diagnosi": "r1"}, {"py/object": "strutture_dati.Cammino", "nome": "tL01", "nodo_iniziale": {"py/object": "strutture_dati.Nodo", "stati_FA": ["R", "0"], "lista_link": [{"py/object": "strutture_dati.Link", "nome": "LAL", "FA_i": "AA", "FA_f": "AL", "buffer": ""}, {"py/object": "strutture_dati.Link", "nome": "LLA", "FA_i": "AL", "FA_f": "AA", "buffer": ""}], "nome": "R:0|:", "id": 9, "final": true, "indice_oss": 0}, "nodo_finale": {"py/object": "strutture_dati.Nodo", "stati_FA": ["R", "1"], "lista_link": [{"py/object": "strutture_dati.Link", "nome": "LAL", "FA_i": "AA", "FA_f": "AL", "buffer": ""}, {"py/object": "strutture_dati.Link", "nome": "LLA", "FA_i": "AL", "FA_f": "AA", "buffer": "azione"}], "nome": "R:1|:azione", "id": 11, "final": false, "indice_oss": 0}, "oss": "g1", "ril": "\u03b5", "chiusura_iniziale": {"py/id": 233}, "chiusura_finale": {"py/id": 208}, "nodo_accettazione_raggiunto": null, "etichetta_diagnosi": "r2"}, {"py/object": "strutture_dati.Cammino", "nome": "tL12", "nodo_iniziale": {"py/object": "strutture_dati.Nodo", "stati_FA": ["R", "1"], "lista_link": [{"py/object": "strutture_dati.Link", "nome": "LAL", "FA_i": "AA", "FA_f": "AL", "buffer": ""}, {"py/object": "strutture_dati.Link", "nome": "LLA", "FA_i": "AL", "FA_f": "AA", "buffer": "azione"}], "nome": "R:1|:azione", "id": 11, "final": false, "indice_oss": 0}, "nodo_finale": {"py/object": "strutture_dati.Nodo", "stati_FA": ["R", "2"], "lista_link": [{"py/object": "strutture_dati.Link", "nome": "LAL", "FA_i": "AA", "FA_f": "AL", "buffer": ""}, {"py/object": "strutture_dati.Link", "nome": "LLA", "FA_i": "AL", "FA_f": "AA", "buffer": "azione"}], "nome": "R:2|:azione", "id": 12, "final": false, "indice_oss": 0}, "oss": "g2", "ril": "\u03b5", "chiusura_iniziale": {"py/id": 155}, "chiusura_finale": {"py/id": 233}, "nodo_accettazione_raggiunto": null, "etichetta_diagnosi": "o1"}, {"py/object": "strutture_dati.Cammino", "nome": "tL12", "nodo_iniziale": {"py/object": "strutture_dati.Nodo", "stati_FA": ["R", "1"], "lista_link": [{"py/object": "strutture_dati.Link", "nome": "LAL", "FA_i": "AA", "FA_f": "AL", "buffer": ""}, {"py/object": "strutture_dati.Link", "nome": "LLA", "FA_i": "AL", "FA_f": "AA", "buffer": "azione"}], "nome": "R:1|:azione", "id": 11, "final": false, "indice_oss": 0}, "nodo_finale": {"py/object": "strutture_dati.Nodo", "stati_FA": ["R", "2"], "lista_link": [{"py/object": "strutture_dati.Link", "nome": "LAL", "FA_i": "AA", "FA_f": "AL", "buffer": ""}, {"py/object": "strutture_dati.Link", "nome": "LLA", "FA_i": "AL", "FA_f": "AA", "buffer": "azione"}], "nome": "R:2|:azione", "id": 12, "final": false, "indice_oss": 0}, "oss": "g2", "ril": "\u03b5", "chiusura_iniziale": {"py/id": 208}, "chiusura_finale": {"py/id": 233}, "nodo_accettazione_raggiunto": null, "etichetta_diagnosi": "\u03b5"}], "nome_rete": "Caso di studio - Autolavaggio"}