{"py/object": "strutture_dati.Diagnosticatore", "lista_chiusure": [{"py/object": "strutture_dati.ChiusuraSilenziosa", "nodo_iniziale": {"py/object": "strutture_dati.Nodo", "stati_FA": ["20", "30"], "lista_link": [{"py/object": "strutture_dati.Link", "nome": "L2", "FA_i": "C3", "FA_f": "C2", "buffer": ""}, {"py/object": "strutture_dati.Link", "nome": "L3", "FA_i": "C2", "FA_f": "C3", "buffer": ""}], "nome": "20:30|:", "id": 0, "final": false, "indice_oss": 0}, "lista_nodi": [{"py/id": 3}], "lista_nodi_uscenti": [{"py/object": "strutture_dati.Nodo", "stati_FA": ["20", "30"], "lista_link": [{"py/object": "strutture_dati.Link", "nome": "L2", "FA_i": "C3", "FA_f": "C2", "buffer": ""}, {"py/object": "strutture_dati.Link", "nome": "L3", "FA_i": "C2", "FA_f": "C3", "buffer": ""}], "nome": "20:30|:", "id": 0, "final": true, "indice_oss": 0}], "lista_cammini": [], "id": 0, "final": true, "diagnosi_relativa": "\u03b5"}, {"py/object": "strutture_dati.ChiusuraSilenziosa", "nodo_iniziale": {"py/object": "strutture_dati.Nodo", "stati_FA": ["20", "31"], "lista_link": [{"py/object": "strutture_dati.Link", "nome": "L2", "FA_i": "C3", "FA_f": "C2", "buffer": "e2"}, {"py/object": "strutture_dati.Link", "nome": "L3", "FA_i": "C2", "FA_f": "C3", "buffer": ""}], "nome": "20:31|e2:", "id": 1, "final": false, "indice_oss": 0}, "lista_nodi": [{"py/id": 17}], "lista_nodi_uscenti": [{"py/object": "strutture_dati.Nodo", "stati_FA": ["20", "31"], "lista_link": [{"py/object": "strutture_dati.Link", "nome": "L2", "FA_i": "C3", "FA_f": "C2", "buffer": "e2"}, {"py/object": "strutture_dati.Link", "nome": "L3", "FA_i": "C2", "FA_f": "C3", "buffer": ""}], "nome": "20:31|e2:", "id": 1, "final": false, "indice_oss": 0}], "lista_cammini": [], "id": 1, "final": false, "diagnosi_relativa": "\u03b5"}, {"py/object": "strutture_dati.ChiusuraSilenziosa", "nodo_iniziale": {"py/object": "strutture_dati.Nodo", "stati_FA": ["21", "31"], "lista_link": [{"py/object": "strutture_dati.Link", "nome": "L2", "FA_i": "C3", "FA_f": "C2", "buffer": ""}, {"py/object": "strutture_dati.Link", "nome": "L3", "FA_i": "C2", "FA_f": "C3", "buffer": "e3"}], "nome": "21:31|:e3", "id": 2, "final": false, "indice_oss": 0}, "lista_nodi": [{"py/id": 31}, {"py/object": "strutture_dati.Nodo", "stati_FA": ["21", "30"], "lista_link": [{"py/object": "strutture_dati.Link", "nome": "L2", "FA_i": "C3", "FA_f": "C2", "buffer": ""}, {"py/object": "strutture_dati.Link", "nome": "L3", "FA_i": "C2", "FA_f": "C3", "buffer": ""}], "nome": "21:30|:", "id": 3, "final": false, "indice_oss": 0}, {"py/object": "strutture_dati.Nodo", "stati_FA": ["21", "31"], "lista_link": [{"py/object": "strutture_dati.Link", "nome": "L2", "FA_i": "C3", "FA_f": "C2", "buffer": ""}, {"py/object": "strutture_dati.Link", "nome": "L3", "FA_i": "C2", "FA_f": "C3", "buffer": ""}], "nome": "21:31|:", "id": 4, "final": false, "indice_oss": 0}, {"py/object": "strutture_dati.Nodo", "stati_FA": ["20", "30"], "lista_link": [{"py/object": "strutture_dati.Link", "nome": "L2", "FA_i": "C3", "FA_f": "C2", "buffer": ""}, {"py/object": "strutture_dati.Link", "nome": "L3", "FA_i": "C2", "FA_f": "C3", "buffer": "e3"}], "nome": "20:30|:e3", "id": 5, "final": false, "indice_oss": 0}, {"py/object": "strutture_dati.Nodo", "stati_FA": ["20", "31"], "lista_link": [{"py/object": "strutture_dati.Link", "nome": "L2", "FA_i": "C3", "FA_f": "C2", "buffer": ""}, {"py/object": "strutture_dati.Link", "nome": "L3", "FA_i": "C2", "FA_f": "C3", "buffer": "e3"}], "nome": "20:31|:e3", "id": 7, "final": false, "indice_oss": 0}, {"py/object": "strutture_dati.Nodo", "stati_FA": ["20", "30"], "lista_link": [{"py/object": "strutture_dati.Link", "nome": "L2", "FA_i": "C3", "FA_f": "C2", "buffer": ""}, {"py/object": "strutture_dati.Link", "nome": "L3", "FA_i": "C2", "FA_f": "C3", "buffer": ""}], "nome": "20:30|:", "id": 0, "final": false, "indice_oss": 0}, {"py/object": "strutture_dati.Nodo", "stati_FA": ["20", "31"], "lista_link": [{"py/object": "strutture_dati.Link", "nome": "L2", "FA_i": "C3", "FA_f": "C2", "buffer": ""}, {"py/object": "strutture_dati.Link", "nome": "L3", "FA_i": "C2", "FA_f": "C3", "buffer": ""}], "nome": "20:31|:", "id": 9, "final": true, "indice_oss": 0}], "lista_nodi_uscenti": [{"py/id": 37}, {"py/id": 47}, {"py/object": "strutture_dati.Nodo", "stati_FA": ["20", "30"], "lista_link": [{"py/object": "strutture_dati.Link", "nome": "L2", "FA_i": "C3", "FA_f": "C2", "buffer": ""}, {"py/object": "strutture_dati.Link", "nome": "L3", "FA_i": "C2", "FA_f": "C3", "buffer": ""}], "nome": "20:30|:", "id": 0, "final": true, "indice_oss": 0}], "lista_cammini": [{"py/object": "strutture_dati.Cammino", "nome": "t3b", "nodo_iniziale": {"py/object": "strutture_dati.Nodo", "stati_FA": ["21", "31"], "lista_link": [{"py/object": "strutture_dati.Link", "nome": "L2", "FA_i": "C3", "FA_f": "C2", "buffer": ""}, {"py/object": "strutture_dati.Link", "nome": "L3", "FA_i": "C2", "FA_f": "C3", "buffer": "e3"}], "nome": "21:31|:e3", "id": 2, "final": false, "indice_oss": 0}, "nodo_finale": {"py/id": 37}, "oss": "\u03b5", "ril": "\u03b5", "chiusura_iniziale": null, "chiusura_finale": null, "nodo_accettazione_raggiunto": null, "etichetta_diagnosi": "\u03b5"}, {"py/object": "strutture_dati.Cammino", "nome": "t3c", "nodo_iniziale": {"py/id": 75}, "nodo_finale": {"py/id": 42}, "oss": "\u03b5", "ril": "f", "chiusura_iniziale": null, "chiusura_finale": null, "nodo_accettazione_raggiunto": null, "etichetta_diagnosi": "\u03b5"}, {"py/object": "strutture_dati.Cammino", "nome": "t2b", "nodo_iniziale": {"py/id": 37}, "nodo_finale": {"py/id": 47}, "oss": "\u03b5", "ril": "r", "chiusura_iniziale": null, "chiusura_finale": null, "nodo_accettazione_raggiunto": null, "etichetta_diagnosi": "\u03b5"}, {"py/object": "strutture_dati.Cammino", "nome": "t2b", "nodo_iniziale": {"py/id": 42}, "nodo_finale": {"py/id": 52}, "oss": "\u03b5", "ril": "r", "chiusura_iniziale": null, "chiusura_finale": null, "nodo_accettazione_raggiunto": null, "etichetta_diagnosi": "\u03b5"}, {"py/object": "strutture_dati.Cammino", "nome": "t3b", "nodo_iniziale": {"py/id": 52}, "nodo_finale": {"py/id": 57}, "oss": "\u03b5", "ril": "\u03b5", "chiusura_iniziale": null, "chiusura_finale": null, "nodo_accettazione_raggiunto": null, "etichetta_diagnosi": "\u03b5"}, {"py/object": "strutture_dati.Cammino", "nome": "t3c", "nodo_iniziale": {"py/id": 52}, "nodo_finale": {"py/id": 62}, "oss": "\u03b5", "ril": "f", "chiusura_iniziale": null, "chiusura_finale": null, "nodo_accettazione_raggiunto": null, "etichetta_diagnosi": "\u03b5"}], "id": 2, "final": true, "diagnosi_relativa": "fr|frf|f|\u03b5"}, {"py/object": "strutture_dati.ChiusuraSilenziosa", "nodo_iniziale": {"py/object": "strutture_dati.Nodo", "stati_FA": ["21", "31"], "lista_link": [{"py/object": "strutture_dati.Link", "nome": "L2", "FA_i": "C3", "FA_f": "C2", "buffer": "e2"}, {"py/object": "strutture_dati.Link", "nome": "L3", "FA_i": "C2", "FA_f": "C3", "buffer": ""}], "nome": "21:31|e2:", "id": 6, "final": false, "indice_oss": 0}, "lista_nodi": [{"py/id": 86}, {"py/object": "strutture_dati.Nodo", "stati_FA": ["20", "31"], "lista_link": [{"py/object": "strutture_dati.Link", "nome": "L2", "FA_i": "C3", "FA_f": "C2", "buffer": "e2"}, {"py/object": "strutture_dati.Link", "nome": "L3", "FA_i": "C2", "FA_f": "C3", "buffer": "e3"}], "nome": "20:31|e2:e3", "id": 8, "final": false, "indice_oss": 0}, {"py/object": "strutture_dati.Nodo", "stati_FA": ["20", "30"], "lista_link": [{"py/object": "strutture_dati.Link", "nome": "L2", "FA_i": "C3", "FA_f": "C2", "buffer": "e2"}, {"py/object": "strutture_dati.Link", "nome": "L3", "FA_i": "C2", "FA_f": "C3", "buffer": ""}], "nome": "20:30|e2:", "id": 10, "final": false, "indice_oss": 0}, {"py/object": "strutture_dati.Nodo", "stati_FA": ["20", "31"], "lista_link": [{"py/object": "strutture_dati.Link", "nome": "L2", "FA_i": "C3", "FA_f": "C2", "buffer": "e2"}, {"py/object": "strutture_dati.Link", "nome": "L3", "FA_i": "C2", "FA_f": "C3", "buffer": ""}], "nome": "20:31|e2:", "id": 1, "final": false, "indice_oss": 0}], "lista_nodi_uscenti": [{"py/id": 97}, {"py/object": "strutture_dati.Nodo", "stati_FA": ["20", "31"], "lista_link": [{"py/object": "strutture_dati.Link", "nome": "L2", "FA_i": "C3", "FA_f": "C2", "buffer": "e2"}, {"py/object": "strutture_dati.Link", "nome": "L3", "FA_i": "C2", "FA_f": "C3", "buffer": ""}], "nome": "20:31|e2:", "id": 1, "final": false, "indice_oss": 0}], "lista_cammini": [{"py/object": "strutture_dati.Cammino", "nome": "t2b", "nodo_iniziale": {"py/object": "strutture_dati.Nodo", "stati_FA": ["21", "31"], "lista_link": [{"py/object": "strutture_dati.Link", "nome": "L2", "FA_i": "C3", "FA_f": "C2", "buffer": "e2"}, {"py/object": "strutture_dati.Link", "nome": "L3", "FA_i": "C2", "FA_f": "C3", "buffer": ""}], "nome": "21:31|e2:", "id": 6, "final": false, "indice_oss": 0}, "nodo_finale": {"py/id": 92}, "oss": "\u03b5", "ril": "r", "chiusura_iniziale": null, "chiusura_finale": null, "nodo_accettazione_raggiunto": null, "etichetta_diagnosi": "\u03b5"}, {"py/object": "strutture_dati.Cammino", "nome": "t3b", "nodo_iniziale": {"py/object": "strutture_dati.Nodo", "stati_FA": ["20", "31"], "lista_link": [{"py/object": "strutture_dati.Link", "nome": "L2", "FA_i": "C3", "FA_f": "C2", "buffer": "e2"}, {"py/object": "strutture_dati.Link", "nome": "L3", "FA_i": "C2", "FA_f": "C3", "buffer": "e3"}], "nome": "20:31|e2:e3", "id": 8, "final": false, "indice_oss": 0}, "nodo_finale": {"py/id": 97}, "oss": "\u03b5", "ril": "\u03b5", "chiusura_iniziale": null, "chiusura_finale": null, "nodo_accettazione_raggiunto": null, "etichetta_diagnosi": "\u03b5"}, {"py/object": "strutture_dati.Cammino", "nome": "t3c", "nodo_iniziale": {"py/id": 121}, "nodo_finale": {"py/id": 102}, "oss": "\u03b5", "ril": "f", "chiusura_iniziale": null, "chiusura_finale": null, "nodo_accettazione_raggiunto": null, "etichetta_diagnosi": "\u03b5"}], "id": 3, "final": false, "diagnosi_relativa": "\u03b5"}, {"py/object": "strutture_dati.ChiusuraSilenziosa", "nodo_iniziale": {"py/object": "strutture_dati.Nodo", "stati_FA": ["20", "31"], "lista_link": [{"py/object": "strutture_dati.Link", "nome": "L2", "FA_i": "C3", "FA_f": "C2", "buffer": "e2"}, {"py/object": "strutture_dati.Link", "nome": "L3", "FA_i": "C2", "FA_f": "C3", "buffer": "e3"}], "nome": "20:31|e2:e3", "id": 8, "final": false, "indice_oss": 0}, "lista_nodi": [{"py/id": 128}, {"py/object": "strutture_dati.Nodo", "stati_FA": ["20", "30"], "lista_link": [{"py/object": "strutture_dati.Link", "nome": "L2", "FA_i": "C3", "FA_f": "C2", "buffer": "e2"}, {"py/object": "strutture_dati.Link", "nome": "L3", "FA_i": "C2", "FA_f": "C3", "buffer": ""}], "nome": "20:30|e2:", "id": 10, "final": false, "indice_oss": 0}, {"py/object": "strutture_dati.Nodo", "stati_FA": ["20", "31"], "lista_link": [{"py/object": "strutture_dati.Link", "nome": "L2", "FA_i": "C3", "FA_f": "C2", "buffer": "e2"}, {"py/object": "strutture_dati.Link", "nome": "L3", "FA_i": "C2", "FA_f": "C3", "buffer": ""}], "nome": "20:31|e2:", "id": 1, "final": false, "indice_oss": 0}], "lista_nodi_uscenti": [{"py/id": 134}, {"py/object": "strutture_dati.Nodo", "stati_FA": ["20", "31"], "lista_link": [{"py/object": "strutture_dati.Link", "nome": "L2", "FA_i": "C3", "FA_f": "C2", "buffer": "e2"}, {"py/object": "strutture_dati.Link", "nome": "L3", "FA_i": "C2", "FA_f": "C3", "buffer": ""}], "nome": "20:31|e2:", "id": 1, "final": false, "indice_oss": 0}], "lista_cammini": [{"py/object": "strutture_dati.Cammino", "nome": "t3b", "nodo_iniziale": {"py/object": "strutture_dati.Nodo", "stati_FA": ["20", "31"], "lista_link": [{"py/object": "strutture_dati.Link", "nome": "L2", "FA_i": "C3", "FA_f": "C2", "buffer": "e2"}, {"py/object": "strutture_dati.Link", "nome": "L3", "FA_i": "C2", "FA_f": "C3", "buffer": "e3"}], "nome": "20:31|e2:e3", "id": 8, "final": false, "indice_oss": 0}, "nodo_finale": {"py/id": 134}, "oss": "\u03b5", "ril": "\u03b5", "chiusura_iniziale": null, "chiusura_finale": null, "nodo_accettazione_raggiunto": null, "etichetta_diagnosi": "\u03b5"}, {"py/object": "strutture_dati.Cammino", "nome": "t3c", "nodo_iniziale": {"py/id": 152}, "nodo_finale": {"py/id": 139}, "oss": "\u03b5", "ril": "f", "chiusura_iniziale": null, "chiusura_finale": null, "nodo_accettazione_raggiunto": null, "etichetta_diagnosi": "\u03b5"}], "id": 4, "final": false, "diagnosi_relativa": "\u03b5"}, {"py/object": "strutture_dati.ChiusuraSilenziosa", "nodo_iniziale": {"py/object": "strutture_dati.Nodo", "stati_FA": ["21", "30"], "lista_link": [{"py/object": "strutture_dati.Link", "nome": "L2", "FA_i": "C3", "FA_f": "C2", "buffer": ""}, {"py/object": "strutture_dati.Link", "nome": "L3", "FA_i": "C2", "FA_f": "C3", "buffer": "e3"}], "nome": "21:30|:e3", "id": 11, "final": false, "indice_oss": 0}, "lista_nodi": [{"py/id": 159}], "lista_nodi_uscenti": [{"py/object": "strutture_dati.Nodo", "stati_FA": ["21", "30"], "lista_link": [{"py/object": "strutture_dati.Link", "nome": "L2", "FA_i": "C3", "FA_f": "C2", "buffer": ""}, {"py/object": "strutture_dati.Link", "nome": "L3", "FA_i": "C2", "FA_f": "C3", "buffer": "e3"}], "nome": "21:30|:e3", "id": 11, "final": false, "indice_oss": 0}], "lista_cammini": [], "id": 5, "final": false, "diagnosi_relativa": "\u03b5"}, {"py/object": "strutture_dati.ChiusuraSilenziosa", "nodo_iniziale": {"py/object": "strutture_dati.Nodo", "stati_FA": ["21", "31"], "lista_link": [{"py/object": "strutture_dati.Link", "nome": "L2", "FA_i": "C3", "FA_f": "C2", "buffer": "e2"}, {"py/object": "strutture_dati.Link", "nome": "L3", "FA_i": "C2", "FA_f": "C3", "buffer": "e3"}], "nome": "21:31|e2:e3", "id": 12, "final": false, "indice_oss": 0}, "lista_nodi": [{"py/id": 173}, {"py/object": "strutture_dati.Nodo", "stati_FA": ["21", "31"], "lista_link": [{"py/object": "strutture_dati.Link", "nome": "L2", "FA_i": "C3", "FA_f": "C2", "buffer": "e2"}, {"py/object": "strutture_dati.Link", "nome": "L3", "FA_i": "C2", "FA_f": "C3", "buffer": ""}], "nome": "21:31|e2:", "id": 6, "final": false, "indice_oss": 0}, {"py/object": "strutture_dati.Nodo", "stati_FA": ["20", "31"], "lista_link": [{"py/object": "strutture_dati.Link", "nome": "L2", "FA_i": "C3", "FA_f": "C2", "buffer": "e2"}, {"py/object": "strutture_dati.Link", "nome": "L3", "FA_i": "C2", "FA_f": "C3", "buffer": "e3"}], "nome": "20:31|e2:e3", "id": 8, "final": false, "indice_oss": 0}, {"py/object": "strutture_dati.Nodo", "stati_FA": ["20", "30"], "lista_link": [{"py/object": "strutture_dati.Link", "nome": "L2", "FA_i": "C3", "FA_f": "C2", "buffer": "e2"}, {"py/object": "strutture_dati.Link", "nome": "L3", "FA_i": "C2", "FA_f": "C3", "buffer": ""}], "nome": "20:30|e2:", "id": 10, "final": false, "indice_oss": 0}, {"py/object": "strutture_dati.Nodo", "stati_FA": ["20", "31"], "lista_link": [{"py/object": "strutture_dati.Link", "nome": "L2", "FA_i": "C3", "FA_f": "C2", "buffer": "e2"}, {"py/object": "strutture_dati.Link", "nome": "L3", "FA_i": "C2", "FA_f": "C3", "buffer": ""}], "nome": "20:31|e2:", "id": 1, "final": false, "indice_oss": 0}], "lista_nodi_uscenti": [{"py/id": 189}, {"py/object": "strutture_dati.Nodo", "stati_FA": ["20", "31"], "lista_link": [{"py/object": "strutture_dati.Link", "nome": "L2", "FA_i": "C3", "FA_f": "C2", "buffer": "e2"}, {"py/object": "strutture_dati.Link", "nome": "L3", "FA_i": "C2", "FA_f": "C3", "buffer": ""}], "nome": "20:31|e2:", "id": 1, "final": false, "indice_oss": 0}], "lista_cammini": [{"py/object": "strutture_dati.Cammino", "nome": "t3c", "nodo_iniziale": {"py/object": "strutture_dati.Nodo", "stati_FA": ["21", "31"], "lista_link": [{"py/object": "strutture_dati.Link", "nome": "L2", "FA_i": "C3", "FA_f": "C2", "buffer": "e2"}, {"py/object": "strutture_dati.Link", "nome": "L3", "FA_i": "C2", "FA_f": "C3", "buffer": "e3"}], "nome": "21:31|e2:e3", "id": 12, "final": false, "indice_oss": 0}, "nodo_finale": {"py/id": 179}, "oss": "\u03b5", "ril": "f", "chiusura_iniziale": null, "chiusura_finale": null, "nodo_accettazione_raggiunto": null, "etichetta_diagnosi": "\u03b5"}, {"py/object": "strutture_dati.Cammino", "nome": "t2b", "nodo_iniziale": {"py/object": "strutture_dati.Nodo", "stati_FA": ["21", "31"], "lista_link": [{"py/object": "strutture_dati.Link", "nome": "L2", "FA_i": "C3", "FA_f": "C2", "buffer": "e2"}, {"py/object": "strutture_dati.Link", "nome": "L3", "FA_i": "C2", "FA_f": "C3", "buffer": ""}], "nome": "21:31|e2:", "id": 6, "final": false, "indice_oss": 0}, "nodo_finale": {"py/id": 184}, "oss": "\u03b5", "ril": "r", "chiusura_iniziale": null, "chiusura_finale": null, "nodo_accettazione_raggiunto": null, "etichetta_diagnosi": "\u03b5"}, {"py/object": "strutture_dati.Cammino", "nome": "t3b", "nodo_iniziale": {"py/object": "strutture_dati.Nodo", "stati_FA": ["20", "31"], "lista_link": [{"py/object": "strutture_dati.Link", "nome": "L2", "FA_i": "C3", "FA_f": "C2", "buffer": "e2"}, {"py/object": "strutture_dati.Link", "nome": "L3", "FA_i": "C2", "FA_f": "C3", "buffer": "e3"}], "nome": "20:31|e2:e3", "id": 8, "final": false, "indice_oss": 0}, "nodo_finale": {"py/id": 189}, "oss": "\u03b5", "ril": "\u03b5", "chiusura_iniziale": null, "chiusura_finale": null, "nodo_accettazione_raggiunto": null, "etichetta_diagnosi": "\u03b5"}, {"py/object": "strutture_dati.Cammino", "nome": "t3c", "nodo_iniziale": {"py/id": 219}, "nodo_finale": {"py/id": 194}, "oss": "\u03b5", "ril": "f", "chiusura_iniziale": null, "chiusura_finale": null, "nodo_accettazione_raggiunto": null, "etichetta_diagnosi": "\u03b5"}], "id": 6, "final": false, "diagnosi_relativa": "\u03b5"}], "lista_cammini": [{"py/object": "strutture_dati.Cammino", "nome": "t3a", "nodo_iniziale": {"py/object": "strutture_dati.Nodo", "stati_FA": ["20", "30"], "lista_link": [{"py/object": "strutture_dati.Link", "nome": "L2", "FA_i": "C3", "FA_f": "C2", "buffer": ""}, {"py/object": "strutture_dati.Link", "nome": "L3", "FA_i": "C2", "FA_f": "C3", "buffer": ""}], "nome": "20:30|:", "id": 0, "final": true, "indice_oss": 0}, "nodo_finale": {"py/object": "strutture_dati.Nodo", "stati_FA": ["20", "31"], "lista_link": [{"py/object": "strutture_dati.Link", "nome": "L2", "FA_i": "C3", "FA_f": "C2", "buffer": "e2"}, {"py/object": "strutture_dati.Link", "nome": "L3", "FA_i": "C2", "FA_f": "C3", "buffer": ""}], "nome": "20:31|e2:", "id": 1, "final": false, "indice_oss": 0}, "oss": "o3", "ril": "\u03b5", "chiusura_iniziale": {"py/id": 2}, "chiusura_finale": {"py/id": 16}, "nodo_accettazione_raggiunto": null, "etichetta_diagnosi": "\u03b5"}, {"py/object": "strutture_dati.Cammino", "nome": "t3a", "nodo_iniziale": {"py/object": "strutture_dati.Nodo", "stati_FA": ["20", "30"], "lista_link": [{"py/object": "strutture_dati.Link", "nome": "L2", "FA_i": "C3", "FA_f": "C2", "buffer": ""}, {"py/object": "strutture_dati.Link", "nome": "L3", "FA_i": "C2", "FA_f": "C3", "buffer": ""}], "nome": "20:30|:", "id": 0, "final": true, "indice_oss": 0}, "nodo_finale": {"py/object": "strutture_dati.Nodo", "stati_FA": ["20", "31"], "lista_link": [{"py/object": "strutture_dati.Link", "nome": "L2", "FA_i": "C3", "FA_f": "C2", "buffer": "e2"}, {"py/object": "strutture_dati.Link", "nome": "L3", "FA_i": "C2", "FA_f": "C3", "buffer": ""}], "nome": "20:31|e2:", "id": 1, "final": false, "indice_oss": 0}, "oss": "o3", "ril": "\u03b5", "chiusura_iniziale": {"py/id": 30}, "chiusura_finale": {"py/id": 16}, "nodo_accettazione_raggiunto": null, "etichetta_diagnosi": "fr"}, {"py/object": "strutture_dati.Cammino", "nome": "t2a", "nodo_iniziale": {"py/object": "strutture_dati.Nodo", "stati_FA": ["20", "31"], "lista_link": [{"py/object": "strutture_dati.Link", "nome": "L2", "FA_i": "C3", "FA_f": "C2", "buffer": "e2"}, {"py/object": "strutture_dati.Link", "nome": "L3", "FA_i": "C2", "FA_f": "C3", "buffer": ""}], "nome": "20:31|e2:", "id": 1, "final": false, "indice_oss": 0}, "nodo_finale": {"py/object": "strutture_dati.Nodo", "stati_FA": ["21", "31"], "lista_link": [{"py/object": "strutture_dati.Link", "nome": "L2", "FA_i": "C3", "FA_f": "C2", "buffer": ""}, {"py/object": "strutture_dati.Link", "nome": "L3", "FA_i": "C2", "FA_f": "C3", "buffer": "e3"}], "nome": "21:31|:e3", "id": 2, "final": false, "indice_oss": 0}, "oss": "o2", "ril": "\u03b5", "chiusura_iniziale": {"py/id": 16}, "chiusura_finale": {"py/id": 30}, "nodo_accettazione_raggiunto": null, "etichetta_diagnosi": "\u03b5"}, {"py/object": "strutture_dati.Cammino", "nome": "t2a", "nodo_iniziale": {"py/object": "strutture_dati.Nodo", "stati_FA": ["20", "31"], "lista_link": [{"py/object": "strutture_dati.Link", "nome": "L2", "FA_i": "C3", "FA_f": "C2", "buffer": "e2"}, {"py/object": "strutture_dati.Link", "nome": "L3", "FA_i": "C2", "FA_f": "C3", "buffer": ""}], "nome": "20:31|e2:", "id": 1, "final": false, "indice_oss": 0}, "nodo_finale": {"py/object": "strutture_dati.Nodo", "stati_FA": ["21", "31"], "lista_link": [{"py/object": "strutture_dati.Link", "nome": "L2", "FA_i": "C3", "FA_f": "C2", "buffer": ""}, {"py/object": "strutture_dati.Link", "nome": "L3", "FA_i": "C2", "FA_f": "C3", "buffer": "e3"}], "nome": "21:31|:e3", "id": 2, "final": false, "indice_oss": 0}, "oss": "o2", "ril": "\u03b5", "chiusura_iniziale": {"py/id": 85}, "chiusura_finale": {"py/id": 30}, "nodo_accettazione_raggiunto": null, "etichetta_diagnosi": "rf"}, {"py/object": "strutture_dati.Cammino", "nome": "t2a", "nodo_iniziale": {"py/object": "strutture_dati.Nodo", "stati_FA": ["20", "31"], "lista_link": [{"py/object": "strutture_dati.Link", "nome": "L2", "FA_i": "C3", "FA_f": "C2", "buffer": "e2"}, {"py/object": "strutture_dati.Link", "nome": "L3", "FA_i": "C2", "FA_f": "C3", "buffer": ""}], "nome": "20:31|e2:", "id": 1, "final": false, "indice_oss": 0}, "nodo_finale": {"py/object": "strutture_dati.Nodo", "stati_FA": ["21", "31"], "lista_link": [{"py/object": "strutture_dati.Link", "nome": "L2", "FA_i": "C3", "FA_f": "C2", "buffer": ""}, {"py/object": "strutture_dati.Link", "nome": "L3", "FA_i": "C2", "FA_f": "C3", "buffer": "e3"}], "nome": "21:31|:e3", "id": 2, "final": false, "indice_oss": 0}, "oss": "o2", "ril": "\u03b5", "chiusura_iniziale": {"py/id": 127}, "chiusura_finale": {"py/id": 30}, "nodo_accettazione_raggiunto": null, "etichetta_diagnosi": "f"}, {"py/object": "strutture_dati.Cammino", "nome": "t2a", "nodo_iniziale": {"py/object": "strutture_dati.Nodo", "stati_FA": ["20", "31"], "lista_link": [{"py/object": "strutture_dati.Link", "nome": "L2", "FA_i": "C3", "FA_f": "C2", "buffer": "e2"}, {"py/object": "strutture_dati.Link", "nome": "L3", "FA_i": "C2", "FA_f": "C3", "buffer": ""}], "nome": "20:31|e2:", "id": 1, "final": false, "indice_oss": 0}, "nodo_finale": {"py/object": "strutture_dati.Nodo", "stati_FA": ["21", "31"], "lista_link": [{"py/object": "strutture_dati.Link", "nome": "L2", "FA_i": "C3", "FA_f": "C2", "buffer": ""}, {"py/object": "strutture_dati.Link", "nome": "L3", "FA_i": "C2", "FA_f": "C3", "buffer": "e3"}], "nome": "21:31|:e3", "id": 2, "final": false, "indice_oss": 0}, "oss": "o2", "ril": "\u03b5", "chiusura_iniziale": {"py/id": 172}, "chiusura_finale": {"py/id": 30}, "nodo_accettazione_raggiunto": null, "etichetta_diagnosi": "frf"}, {"py/object": "strutture_dati.Cammino", "nome": "t3a", "nodo_iniziale": {"py/object": "strutture_dati.Nodo", "stati_FA": ["21", "30"], "lista_link": [{"py/object": "strutture_dati.Link", "nome": "L2", "FA_i": "C3", "FA_f": "C2", "buffer": ""}, {"py/object": "strutture_dati.Link", "nome": "L3", "FA_i": "C2", "FA_f": "C3", "buffer": ""}], "nome": "21:30|:", "id": 3, "final": true, "indice_oss": 0}, "nodo_finale": {"py/object": "strutture_dati.Nodo", "stati_FA": ["21", "31"], "lista_link": [{"py/object": "strutture_dati.Link", "nome": "L2", "FA_i": "C3", "FA_f": "C2", "buffer": "e2"}, {"py/object": "strutture_dati.Link", "nome": "L3", "FA_i": "C2", "FA_f": "C3", "buffer": ""}], "nome": "21:31|e2:", "id": 6, "final": false, "indice_oss": 0}, "oss": "o3", "ril": "\u03b5", "chiusura_iniziale": {"py/id": 30}, "chiusura_finale": {"py/id": 85}, "nodo_accettazione_raggiunto": null, "etichetta_diagnosi": "\u03b5"}, {"py/object": "strutture_dati.Cammino", "nome": "t3a", "nodo_iniziale": {"py/object": "strutture_dati.Nodo", "stati_FA": ["20", "30"], "lista_link": [{"py/object": "strutture_dati.Link", "nome": "L2", "FA_i": "C3", "FA_f": "C2", "buffer": ""}, {"py/object": "strutture_dati.Link", "nome": "L3", "FA_i": "C2", "FA_f": "C3", "buffer": "e3"}], "nome": "20:30|:e3", "id": 5, "final": false, "indice_oss": 0}, "nodo_finale": {"py/object": "strutture_dati.Nodo", "stati_FA": ["20", "31"], "lista_link": [{"py/object": "strutture_dati.Link", "nome": "L2", "FA_i": "C3", "FA_f": "C2", "buffer": "e2"}, {"py/object": "strutture_dati.Link", "nome": "L3", "FA_i": "C2", "FA_f": "C3", "buffer": "e3"}], "nome": "20:31|e2:e3", "id": 8, "final": false, "indice_oss": 0}, "oss": "o3", "ril": "\u03b5", "chiusura_iniziale": {"py/id": 30}, "chiusura_finale": {"py/id": 127}, "nodo_accettazione_raggiunto": null, "etichetta_diagnosi": "r"}, {"py/object": "strutture_dati.Cammino", "nome": "t2a", "nodo_iniziale": {"py/object": "strutture_dati.Nodo", "stati_FA": ["20", "30"], "lista_link": [{"py/object": "strutture_dati.Link", "nome": "L2", "FA_i": "C3", "FA_f": "C2", "buffer": "e2"}, {"py/object": "strutture_dati.Link", "nome": "L3", "FA_i": "C2", "FA_f": "C3", "buffer": ""}], "nome": "20:30|e2:", "id": 10, "final": false, "indice_oss": 0}, "nodo_finale": {"py/object": "strutture_dati.Nodo", "stati_FA": ["21", "30"], "lista_link": [{"py/object": "strutture_dati.Link", "nome": "L2", "FA_i": "C3", "FA_f": "C2", "buffer": ""}, {"py/object": "strutture_dati.Link", "nome": "L3", "FA_i": "C2", "FA_f": "C3", "buffer": "e3"}], "nome": "21:30|:e3", "id": 11, "final": false, "indice_oss": 0}, "oss": "o2", "ril": "\u03b5", "chiusura_iniziale": {"py/id": 85}, "chiusura_finale": {"py/id": 158}, "nodo_accettazione_raggiunto": null, "etichetta_diagnosi": "r"}, {"py/object": "strutture_dati.Cammino", "nome": "t2a", "nodo_iniziale": {"py/object": "strutture_dati.Nodo", "stati_FA": ["20", "30"], "lista_link": [{"py/object": "strutture_dati.Link", "nome": "L2", "FA_i": "C3", "FA_f": "C2", "buffer": "e2"}, {"py/object": "strutture_dati.Link", "nome": "L3", "FA_i": "C2", "FA_f": "C3", "buffer": ""}], "nome": "20:30|e2:", "id": 10, "final": false, "indice_oss": 0}, "nodo_finale": {"py/object": "strutture_dati.Nodo", "stati_FA": ["21", "30"], "lista_link": [{"py/object": "strutture_dati.Link", "nome": "L2", "FA_i": "C3", "FA_f": "C2", "buffer": ""}, {"py/object": "strutture_dati.Link", "nome": "L3", "FA_i": "C2", "FA_f": "C3", "buffer": "e3"}], "nome": "21:30|:e3", "id": 11, "final": false, "indice_oss": 0}, "oss": "o2", "ril": "\u03b5", "chiusura_iniziale": {"py/id": 127}, "chiusura_finale": {"py/id": 158}, "nodo_accettazione_raggiunto": null, "etichetta_diagnosi": "\u03b5"}, {"py/object": "strutture_dati.Cammino", "nome": "t2a", "nodo_iniziale": {"py/object": "strutture_dati.Nodo", "stati_FA": ["20", "30"], "lista_link": [{"py/object": "strutture_dati.Link", "nome": "L2", "FA_i": "C3", "FA_f": "C2", "buffer": "e2"}, {"py/object": "strutture_dati.Link", "nome": "L3", "FA_i": "C2", "FA_f": "C3", "buffer": ""}], "nome": "20:30|e2:", "id": 10, "final": false, "indice_oss": 0}, "nodo_finale": {"py/object": "strutture_dati.Nodo", "stati_FA": ["21", "30"], "lista_link": [{"py/object": "strutture_dati.Link", "nome": "L2", "FA_i": "C3", "FA_f": "C2", "buffer": ""}, {"py/object": "strutture_dati.Link", "nome": "L3", "FA_i": "C2", "FA_f": "C3", "buffer": "e3"}], "nome": "21:30|:e3", "id": 11, "final": false, "indice_oss": 0}, "oss": "o2", "ril": "\u03b5", "chiusura_iniziale": {"py/id": 172}, "chiusura_finale": {"py/id": 158}, "nodo_accettazione_raggiunto": null, "etichetta_diagnosi": "fr"}, {"py/object": "strutture_dati.Cammino", "nome": "t3a", "nodo_iniziale": {"py/object": "strutture_dati.Nodo", "stati_FA": ["21", "30"], "lista_link": [{"py/object": "strutture_dati.Link", "nome": "L2", "FA_i": "C3", "FA_f": "C2", "buffer": ""}, {"py/object": "strutture_dati.Link", "nome": "L3", "FA_i": "C2", "FA_f": "C3", "buffer": "e3"}], "nome": "21:30|:e3", "id": 11, "final": false, "indice_oss": 0}, "nodo_finale": {"py/object": "strutture_dati.Nodo", "stati_FA": ["21", "31"], "lista_link": [{"py/object": "strutture_dati.Link", "nome": "L2", "FA_i": "C3", "FA_f": "C2", "buffer": "e2"}, {"py/object": "strutture_dati.Link", "nome": "L3", "FA_i": "C2", "FA_f": "C3", "buffer": "e3"}], "nome": "21:31|e2:e3", "id": 12, "final": false, "indice_oss": 0}, "oss": "o3", "ril": "\u03b5", "chiusura_iniziale": {"py/id": 158}, "chiusura_finale": {"py/id": 172}, "nodo_accettazione_raggiunto": null, "etichetta_diagnosi": "\u03b5"}], "nome_rete": "Rete1"}