{"py/object": "strutture_dati.SpazioComportamentaleOss", "nodo_iniziale": {"py/object": "strutture_dati.Nodo", "stati_FA": ["S", "0"], "lista_link": [{"py/object": "strutture_dati.Link", "nome": "LAL", "FA_i": "AA", "FA_f": "AL", "buffer": ""}, {"py/object": "strutture_dati.Link", "nome": "LLA", "FA_i": "AL", "FA_f": "AA", "buffer": ""}], "nome": "S:0|:", "id": 1, "final": false, "indice_oss": 0}, "lista_nodi": [{"py/object": "strutture_dati.Nodo", "stati_FA": ["S", "0"], "lista_link": [{"py/object": "strutture_dati.Link", "nome": "LAL", "FA_i": "AA", "FA_f": "AL", "buffer": ""}, {"py/object": "strutture_dati.Link", "nome": "LLA", "FA_i": "AL", "FA_f": "AA", "buffer": ""}], "nome": "S:0|:", "id": 1, "final": false, "indice_oss": 0}, {"py/object": "strutture_dati.Nodo", "stati_FA": ["S", "1"], "lista_link": [{"py/object": "strutture_dati.Link", "nome": "LAL", "FA_i": "AA", "FA_f": "AL", "buffer": ""}, {"py/object": "strutture_dati.Link", "nome": "LLA", "FA_i": "AL", "FA_f": "AA", "buffer": "azione"}], "nome": "S:1|:azione", "id": 2, "final": false, "indice_oss": 1}, {"py/object": "strutture_dati.Nodo", "stati_FA": ["S", "2"], "lista_link": [{"py/object": "strutture_dati.Link", "nome": "LAL", "FA_i": "AA", "FA_f": "AL", "buffer": ""}, {"py/object": "strutture_dati.Link", "nome": "LLA", "FA_i": "AL", "FA_f": "AA", "buffer": "azione"}], "nome": "S:2|:azione", "id": 3, "final": false, "indice_oss": 2}, {"py/object": "strutture_dati.Nodo", "stati_FA": ["I", "2"], "lista_link": [{"py/object": "strutture_dati.Link", "nome": "LAL", "FA_i": "AA", "FA_f": "AL", "buffer": "sottraigettone"}, {"py/object": "strutture_dati.Link", "nome": "LLA", "FA_i": "AL", "FA_f": "AA", "buffer": ""}], "nome": "I:2|sottraigettone:", "id": 4, "final": false, "indice_oss": 2}, {"py/object": "strutture_dati.Nodo", "stati_FA": ["S", "0"], "lista_link": [{"py/object": "strutture_dati.Link", "nome": "LAL", "FA_i": "AA", "FA_f": "AL", "buffer": ""}, {"py/object": "strutture_dati.Link", "nome": "LLA", "FA_i": "AL", "FA_f": "AA", "buffer": ""}], "nome": "S:0|:", "id": 5, "final": true, "indice_oss": 2}, {"py/object": "strutture_dati.Nodo", "stati_FA": ["I", "1"], "lista_link": [{"py/object": "strutture_dati.Link", "nome": "LAL", "FA_i": "AA", "FA_f": "AL", "buffer": ""}, {"py/object": "strutture_dati.Link", "nome": "LLA", "FA_i": "AL", "FA_f": "AA", "buffer": "azione"}], "nome": "I:1|:azione", "id": 6, "final": false, "indice_oss": 2}, {"py/object": "strutture_dati.Nodo", "stati_FA": ["R", "1"], "lista_link": [{"py/object": "strutture_dati.Link", "nome": "LAL", "FA_i": "AA", "FA_f": "AL", "buffer": "sottraigettone"}, {"py/object": "strutture_dati.Link", "nome": "LLA", "FA_i": "AL", "FA_f": "AA", "buffer": ""}], "nome": "R:1|sottraigettone:", "id": 7, "final": false, "indice_oss": 2}, {"py/object": "strutture_dati.Nodo", "stati_FA": ["I", "0"], "lista_link": [{"py/object": "strutture_dati.Link", "nome": "LAL", "FA_i": "AA", "FA_f": "AL", "buffer": ""}, {"py/object": "strutture_dati.Link", "nome": "LLA", "FA_i": "AL", "FA_f": "AA", "buffer": ""}], "nome": "I:0|:", "id": 8, "final": true, "indice_oss": 2}, {"py/object": "strutture_dati.Nodo", "stati_FA": ["R", "0"], "lista_link": [{"py/object": "strutture_dati.Link", "nome": "LAL", "FA_i": "AA", "FA_f": "AL", "buffer": ""}, {"py/object": "strutture_dati.Link", "nome": "LLA", "FA_i": "AL", "FA_f": "AA", "buffer": ""}], "nome": "R:0|:", "id": 9, "final": true, "indice_oss": 2}], "lista_cammini": [{"py/object": "strutture_dati.Cammino", "nome": "tL01", "nodo_iniziale": {"py/id": 1}, "nodo_finale": {"py/object": "strutture_dati.Nodo", "stati_FA": ["S", "1"], "lista_link": [{"py/object": "strutture_dati.Link", "nome": "LAL", "FA_i": "AA", "FA_f": "AL", "buffer": ""}, {"py/object": "strutture_dati.Link", "nome": "LLA", "FA_i": "AL", "FA_f": "AA", "buffer": "azione"}], "nome": "S:1|:azione", "id": 2, "final": false, "indice_oss": 1}, "oss": "g1", "ril": "\u03b5", "chiusura_iniziale": null, "chiusura_finale": null, "nodo_accettazione_raggiunto": null, "etichetta_diagnosi": "\u03b5"}, {"py/object": "strutture_dati.Cammino", "nome": "tL12", "nodo_iniziale": {"py/id": 54}, "nodo_finale": {"py/object": "strutture_dati.Nodo", "stati_FA": ["S", "2"], "lista_link": [{"py/object": "strutture_dati.Link", "nome": "LAL", "FA_i": "AA", "FA_f": "AL", "buffer": ""}, {"py/object": "strutture_dati.Link", "nome": "LLA", "FA_i": "AL", "FA_f": "AA", "buffer": "azione"}], "nome": "S:2|:azione", "id": 3, "final": false, "indice_oss": 2}, "oss": "g2", "ril": "\u03b5", "chiusura_iniziale": null, "chiusura_finale": null, "nodo_accettazione_raggiunto": null, "etichetta_diagnosi": "\u03b5"}, {"py/object": "strutture_dati.Cammino", "nome": "tASI", "nodo_iniziale": {"py/id": 60}, "nodo_finale": {"py/object": "strutture_dati.Nodo", "stati_FA": ["I", "2"], "lista_link": [{"py/object": "strutture_dati.Link", "nome": "LAL", "FA_i": "AA", "FA_f": "AL", "buffer": "sottraigettone"}, {"py/object": "strutture_dati.Link", "nome": "LLA", "FA_i": "AL", "FA_f": "AA", "buffer": ""}], "nome": "I:2|sottraigettone:", "id": 4, "final": false, "indice_oss": 2}, "oss": "\u03b5", "ril": "\u03b5", "chiusura_iniziale": null, "chiusura_finale": null, "nodo_accettazione_raggiunto": null, "etichetta_diagnosi": "\u03b5"}, {"py/object": "strutture_dati.Cammino", "nome": "tL20", "nodo_iniziale": {"py/id": 60}, "nodo_finale": {"py/object": "strutture_dati.Nodo", "stati_FA": ["S", "0"], "lista_link": [{"py/object": "strutture_dati.Link", "nome": "LAL", "FA_i": "AA", "FA_f": "AL", "buffer": ""}, {"py/object": "strutture_dati.Link", "nome": "LLA", "FA_i": "AL", "FA_f": "AA", "buffer": ""}], "nome": "S:0|:", "id": 5, "final": true, "indice_oss": 2}, "oss": "\u03b5", "ril": "r2", "chiusura_iniziale": null, "chiusura_finale": null, "nodo_accettazione_raggiunto": null, "etichetta_diagnosi": "\u03b5"}, {"py/object": "strutture_dati.Cammino", "nome": "tL21", "nodo_iniziale": {"py/id": 66}, "nodo_finale": {"py/object": "strutture_dati.Nodo", "stati_FA": ["I", "1"], "lista_link": [{"py/object": "strutture_dati.Link", "nome": "LAL", "FA_i": "AA", "FA_f": "AL", "buffer": ""}, {"py/object": "strutture_dati.Link", "nome": "LLA", "FA_i": "AL", "FA_f": "AA", "buffer": "azione"}], "nome": "I:1|:azione", "id": 6, "final": false, "indice_oss": 2}, "oss": "\u03b5", "ril": "o1", "chiusura_iniziale": null, "chiusura_finale": null, "nodo_accettazione_raggiunto": null, "etichetta_diagnosi": "\u03b5"}, {"py/object": "strutture_dati.Cammino", "nome": "tAIR", "nodo_iniziale": {"py/id": 78}, "nodo_finale": {"py/object": "strutture_dati.Nodo", "stati_FA": ["R", "1"], "lista_link": [{"py/object": "strutture_dati.Link", "nome": "LAL", "FA_i": "AA", "FA_f": "AL", "buffer": "sottraigettone"}, {"py/object": "strutture_dati.Link", "nome": "LLA", "FA_i": "AL", "FA_f": "AA", "buffer": ""}], "nome": "R:1|sottraigettone:", "id": 7, "final": false, "indice_oss": 2}, "oss": "\u03b5", "ril": "\u03b5", "chiusura_iniziale": null, "chiusura_finale": null, "nodo_accettazione_raggiunto": null, "etichetta_diagnosi": "\u03b5"}, {"py/object": "strutture_dati.Cammino", "nome": "tL10r", "nodo_iniziale": {"py/id": 78}, "nodo_finale": {"py/object": "strutture_dati.Nodo", "stati_FA": ["I", "0"], "lista_link": [{"py/object": "strutture_dati.Link", "nome": "LAL", "FA_i": "AA", "FA_f": "AL", "buffer": ""}, {"py/object": "strutture_dati.Link", "nome": "LLA", "FA_i": "AL", "FA_f": "AA", "buffer": ""}], "nome": "I:0|:", "id": 8, "final": true, "indice_oss": 2}, "oss": "\u03b5", "ril": "r1", "chiusura_iniziale": null, "chiusura_finale": null, "nodo_accettazione_raggiunto": null, "etichetta_diagnosi": "\u03b5"}, {"py/object": "strutture_dati.Cammino", "nome": "tL10", "nodo_iniziale": {"py/id": 84}, "nodo_finale": {"py/object": "strutture_dati.Nodo", "stati_FA": ["R", "0"], "lista_link": [{"py/object": "strutture_dati.Link", "nome": "LAL", "FA_i": "AA", "FA_f": "AL", "buffer": ""}, {"py/object": "strutture_dati.Link", "nome": "LLA", "FA_i": "AL", "FA_f": "AA", "buffer": ""}], "nome": "R:0|:", "id": 9, "final": true, "indice_oss": 2}, "oss": "\u03b5", "ril": "o2", "chiusura_iniziale": null, "chiusura_finale": null, "nodo_accettazione_raggiunto": null, "etichetta_diagnosi": "\u03b5"}], "nome_rete": "Caso di studio - Autolavaggio", "osservazione": "g1g2"}