{"py/object": "strutture_dati.SpazioComportamentaleOss", "nodo_iniziale": {"py/object": "strutture_dati.Nodo", "stati_FA": ["10", "20", "30"], "lista_link": [{"py/object": "strutture_dati.Link", "nome": "L1", "FA_i": "C2", "FA_f": "C1", "buffer": ""}, {"py/object": "strutture_dati.Link", "nome": "L2", "FA_i": "C2", "FA_f": "C3", "buffer": ""}, {"py/object": "strutture_dati.Link", "nome": "L3", "FA_i": "C3", "FA_f": "C1", "buffer": ""}], "nome": "10:20:30|::", "id": 1, "final": false, "indice_oss": 0}, "lista_nodi": [{"py/object": "strutture_dati.Nodo", "stati_FA": ["10", "20", "30"], "lista_link": [{"py/object": "strutture_dati.Link", "nome": "L1", "FA_i": "C2", "FA_f": "C1", "buffer": ""}, {"py/object": "strutture_dati.Link", "nome": "L2", "FA_i": "C2", "FA_f": "C3", "buffer": ""}, {"py/object": "strutture_dati.Link", "nome": "L3", "FA_i": "C3", "FA_f": "C1", "buffer": ""}], "nome": "10:20:30|::", "id": 1, "final": false, "indice_oss": 0}, {"py/object": "strutture_dati.Nodo", "stati_FA": ["11", "20", "30"], "lista_link": [{"py/object": "strutture_dati.Link", "nome": "L1", "FA_i": "C2", "FA_f": "C1", "buffer": ""}, {"py/object": "strutture_dati.Link", "nome": "L2", "FA_i": "C2", "FA_f": "C3", "buffer": ""}, {"py/object": "strutture_dati.Link", "nome": "L3", "FA_i": "C3", "FA_f": "C1", "buffer": ""}], "nome": "11:20:30|::", "id": 2, "final": false, "indice_oss": 0}, {"py/object": "strutture_dati.Nodo", "stati_FA": ["10", "21", "30"], "lista_link": [{"py/object": "strutture_dati.Link", "nome": "L1", "FA_i": "C2", "FA_f": "C1", "buffer": "e1"}, {"py/object": "strutture_dati.Link", "nome": "L2", "FA_i": "C2", "FA_f": "C3", "buffer": "e3"}, {"py/object": "strutture_dati.Link", "nome": "L3", "FA_i": "C3", "FA_f": "C1", "buffer": ""}], "nome": "10:21:30|e1:e3:", "id": 3, "final": false, "indice_oss": 1}, {"py/object": "strutture_dati.Nodo", "stati_FA": ["10", "20", "31"], "lista_link": [{"py/object": "strutture_dati.Link", "nome": "L1", "FA_i": "C2", "FA_f": "C1", "buffer": ""}, {"py/object": "strutture_dati.Link", "nome": "L2", "FA_i": "C2", "FA_f": "C3", "buffer": ""}, {"py/object": "strutture_dati.Link", "nome": "L3", "FA_i": "C3", "FA_f": "C1", "buffer": "e2"}], "nome": "10:20:31|::e2", "id": 4, "final": false, "indice_oss": 0}, {"py/object": "strutture_dati.Nodo", "stati_FA": ["11", "21", "30"], "lista_link": [{"py/object": "strutture_dati.Link", "nome": "L1", "FA_i": "C2", "FA_f": "C1", "buffer": "e1"}, {"py/object": "strutture_dati.Link", "nome": "L2", "FA_i": "C2", "FA_f": "C3", "buffer": "e3"}, {"py/object": "strutture_dati.Link", "nome": "L3", "FA_i": "C3", "FA_f": "C1", "buffer": ""}], "nome": "11:21:30|e1:e3:", "id": 5, "final": false, "indice_oss": 1}, {"py/object": "strutture_dati.Nodo", "stati_FA": ["11", "20", "31"], "lista_link": [{"py/object": "strutture_dati.Link", "nome": "L1", "FA_i": "C2", "FA_f": "C1", "buffer": ""}, {"py/object": "strutture_dati.Link", "nome": "L2", "FA_i": "C2", "FA_f": "C3", "buffer": ""}, {"py/object": "strutture_dati.Link", "nome": "L3", "FA_i": "C3", "FA_f": "C1", "buffer": "e2"}], "nome": "11:20:31|::e2", "id": 6, "final": false, "indice_oss": 0}, {"py/object": "strutture_dati.Nodo", "stati_FA": ["11", "21", "30"], "lista_link": [{"py/object": "strutture_dati.Link", "nome": "L1", "FA_i": "C2", "FA_f": "C1", "buffer": ""}, {"py/object": "strutture_dati.Link", "nome": "L2", "FA_i": "C2", "FA_f": "C3", "buffer": "e3"}, {"py/object": "strutture_dati.Link", "nome": "L3", "FA_i": "C3", "FA_f": "C1", "buffer": ""}], "nome": "11:21:30|:e3:", "id": 7, "final": false, "indice_oss": 1}, {"py/object": "strutture_dati.Nodo", "stati_FA": ["10", "21", "31"], "lista_link": [{"py/object": "strutture_dati.Link", "nome": "L1", "FA_i": "C2", "FA_f": "C1", "buffer": "e1"}, {"py/object": "strutture_dati.Link", "nome": "L2", "FA_i": "C2", "FA_f": "C3", "buffer": "e3"}, {"py/object": "strutture_dati.Link", "nome": "L3", "FA_i": "C3", "FA_f": "C1", "buffer": "e2"}], "nome": "10:21:31|e1:e3:e2", "id": 8, "final": false, "indice_oss": 1}, {"py/object": "strutture_dati.Nodo", "stati_FA": ["11", "21", "31"], "lista_link": [{"py/object": "strutture_dati.Link", "nome": "L1", "FA_i": "C2", "FA_f": "C1", "buffer": "e1"}, {"py/object": "strutture_dati.Link", "nome": "L2", "FA_i": "C2", "FA_f": "C3", "buffer": "e3"}, {"py/object": "strutture_dati.Link", "nome": "L3", "FA_i": "C3", "FA_f": "C1", "buffer": "e2"}], "nome": "11:21:31|e1:e3:e2", "id": 9, "final": false, "indice_oss": 1}, {"py/object": "strutture_dati.Nodo", "stati_FA": ["10", "20", "31"], "lista_link": [{"py/object": "strutture_dati.Link", "nome": "L1", "FA_i": "C2", "FA_f": "C1", "buffer": ""}, {"py/object": "strutture_dati.Link", "nome": "L2", "FA_i": "C2", "FA_f": "C3", "buffer": ""}, {"py/object": "strutture_dati.Link", "nome": "L3", "FA_i": "C3", "FA_f": "C1", "buffer": ""}], "nome": "10:20:31|::", "id": 10, "final": false, "indice_oss": 0}, {"py/object": "strutture_dati.Nodo", "stati_FA": ["11", "21", "31"], "lista_link": [{"py/object": "strutture_dati.Link", "nome": "L1", "FA_i": "C2", "FA_f": "C1", "buffer": ""}, {"py/object": "strutture_dati.Link", "nome": "L2", "FA_i": "C2", "FA_f": "C3", "buffer": "e3"}, {"py/object": "strutture_dati.Link", "nome": "L3", "FA_i": "C3", "FA_f": "C1", "buffer": "e2"}], "nome": "11:21:31|:e3:e2", "id": 11, "final": false, "indice_oss": 1}, {"py/object": "strutture_dati.Nodo", "stati_FA": ["10", "21", "30"], "lista_link": [{"py/object": "strutture_dati.Link", "nome": "L1", "FA_i": "C2", "FA_f": "C1", "buffer": "e1"}, {"py/object": "strutture_dati.Link", "nome": "L2", "FA_i": "C2", "FA_f": "C3", "buffer": ""}, {"py/object": "strutture_dati.Link", "nome": "L3", "FA_i": "C3", "FA_f": "C1", "buffer": "e2"}], "nome": "10:21:30|e1::e2", "id": 12, "final": false, "indice_oss": 1}, {"py/object": "strutture_dati.Nodo", "stati_FA": ["10", "21", "31"], "lista_link": [{"py/object": "strutture_dati.Link", "nome": "L1", "FA_i": "C2", "FA_f": "C1", "buffer": "e1"}, {"py/object": "strutture_dati.Link", "nome": "L2", "FA_i": "C2", "FA_f": "C3", "buffer": ""}, {"py/object": "strutture_dati.Link", "nome": "L3", "FA_i": "C3", "FA_f": "C1", "buffer": "e2"}], "nome": "10:21:31|e1::e2", "id": 13, "final": false, "indice_oss": 1}, {"py/object": "strutture_dati.Nodo", "stati_FA": ["10", "21", "31"], "lista_link": [{"py/object": "strutture_dati.Link", "nome": "L1", "FA_i": "C2", "FA_f": "C1", "buffer": "e1"}, {"py/object": "strutture_dati.Link", "nome": "L2", "FA_i": "C2", "FA_f": "C3", "buffer": "e3"}, {"py/object": "strutture_dati.Link", "nome": "L3", "FA_i": "C3", "FA_f": "C1", "buffer": ""}], "nome": "10:21:31|e1:e3:", "id": 14, "final": false, "indice_oss": 1}, {"py/object": "strutture_dati.Nodo", "stati_FA": ["11", "21", "30"], "lista_link": [{"py/object": "strutture_dati.Link", "nome": "L1", "FA_i": "C2", "FA_f": "C1", "buffer": "e1"}, {"py/object": "strutture_dati.Link", "nome": "L2", "FA_i": "C2", "FA_f": "C3", "buffer": ""}, {"py/object": "strutture_dati.Link", "nome": "L3", "FA_i": "C3", "FA_f": "C1", "buffer": "e2"}], "nome": "11:21:30|e1::e2", "id": 15, "final": false, "indice_oss": 1}, {"py/object": "strutture_dati.Nodo", "stati_FA": ["11", "21", "31"], "lista_link": [{"py/object": "strutture_dati.Link", "nome": "L1", "FA_i": "C2", "FA_f": "C1", "buffer": "e1"}, {"py/object": "strutture_dati.Link", "nome": "L2", "FA_i": "C2", "FA_f": "C3", "buffer": ""}, {"py/object": "strutture_dati.Link", "nome": "L3", "FA_i": "C3", "FA_f": "C1", "buffer": "e2"}], "nome": "11:21:31|e1::e2", "id": 16, "final": false, "indice_oss": 1}, {"py/object": "strutture_dati.Nodo", "stati_FA": ["11", "20", "31"], "lista_link": [{"py/object": "strutture_dati.Link", "nome": "L1", "FA_i": "C2", "FA_f": "C1", "buffer": ""}, {"py/object": "strutture_dati.Link", "nome": "L2", "FA_i": "C2", "FA_f": "C3", "buffer": ""}, {"py/object": "strutture_dati.Link", "nome": "L3", "FA_i": "C3", "FA_f": "C1", "buffer": ""}], "nome": "11:20:31|::", "id": 17, "final": false, "indice_oss": 0}, {"py/object": "strutture_dati.Nodo", "stati_FA": ["10", "21", "31"], "lista_link": [{"py/object": "strutture_dati.Link", "nome": "L1", "FA_i": "C2", "FA_f": "C1", "buffer": ""}, {"py/object": "strutture_dati.Link", "nome": "L2", "FA_i": "C2", "FA_f": "C3", "buffer": "e3"}, {"py/object": "strutture_dati.Link", "nome": "L3", "FA_i": "C3", "FA_f": "C1", "buffer": ""}], "nome": "10:21:31|:e3:", "id": 18, "final": false, "indice_oss": 1}, {"py/object": "strutture_dati.Nodo", "stati_FA": ["11", "21", "30"], "lista_link": [{"py/object": "strutture_dati.Link", "nome": "L1", "FA_i": "C2", "FA_f": "C1", "buffer": ""}, {"py/object": "strutture_dati.Link", "nome": "L2", "FA_i": "C2", "FA_f": "C3", "buffer": ""}, {"py/object": "strutture_dati.Link", "nome": "L3", "FA_i": "C3", "FA_f": "C1", "buffer": "e2"}], "nome": "11:21:30|::e2", "id": 19, "final": false, "indice_oss": 1}, {"py/object": "strutture_dati.Nodo", "stati_FA": ["11", "21", "31"], "lista_link": [{"py/object": "strutture_dati.Link", "nome": "L1", "FA_i": "C2", "FA_f": "C1", "buffer": ""}, {"py/object": "strutture_dati.Link", "nome": "L2", "FA_i": "C2", "FA_f": "C3", "buffer": ""}, {"py/object": "strutture_dati.Link", "nome": "L3", "FA_i": "C3", "FA_f": "C1", "buffer": "e2"}], "nome": "11:21:31|::e2", "id": 20, "final": false, "indice_oss": 1}, {"py/object": "strutture_dati.Nodo", "stati_FA": ["11", "21", "31"], "lista_link": [{"py/object": "strutture_dati.Link", "nome": "L1", "FA_i": "C2", "FA_f": "C1", "buffer": ""}, {"py/object": "strutture_dati.Link", "nome": "L2", "FA_i": "C2", "FA_f": "C3", "buffer": "e3"}, {"py/object": "strutture_dati.Link", "nome": "L3", "FA_i": "C3", "FA_f": "C1", "buffer": ""}], "nome": "11:21:31|:e3:", "id": 21, "final": false, "indice_oss": 1}, {"py/object": "strutture_dati.Nodo", "stati_FA": ["11", "21", "31"], "lista_link": [{"py/object": "strutture_dati.Link", "nome": "L1", "FA_i": "C2", "FA_f": "C1", "buffer": "e1"}, {"py/object": "strutture_dati.Link", "nome": "L2", "FA_i": "C2", "FA_f": "C3", "buffer": "e3"}, {"py/object": "strutture_dati.Link", "nome": "L3", "FA_i": "C3", "FA_f": "C1", "buffer": ""}], "nome": "11:21:31|e1:e3:", "id": 22, "final": false, "indice_oss": 1}, {"py/object": "strutture_dati.Nodo", "stati_FA": ["10", "21", "30"], "lista_link": [{"py/object": "strutture_dati.Link", "nome": "L1", "FA_i": "C2", "FA_f": "C1", "buffer": "e1"}, {"py/object": "strutture_dati.Link", "nome": "L2", "FA_i": "C2", "FA_f": "C3", "buffer": ""}, {"py/object": "strutture_dati.Link", "nome": "L3", "FA_i": "C3", "FA_f": "C1", "buffer": ""}], "nome": "10:21:30|e1::", "id": 23, "final": false, "indice_oss": 1}, {"py/object": "strutture_dati.Nodo", "stati_FA": ["10", "21", "31"], "lista_link": [{"py/object": "strutture_dati.Link", "nome": "L1", "FA_i": "C2", "FA_f": "C1", "buffer": "e1"}, {"py/object": "strutture_dati.Link", "nome": "L2", "FA_i": "C2", "FA_f": "C3", "buffer": ""}, {"py/object": "strutture_dati.Link", "nome": "L3", "FA_i": "C3", "FA_f": "C1", "buffer": ""}], "nome": "10:21:31|e1::", "id": 24, "final": false, "indice_oss": 1}, {"py/object": "strutture_dati.Nodo", "stati_FA": ["10", "21", "30"], "lista_link": [{"py/object": "strutture_dati.Link", "nome": "L1", "FA_i": "C2", "FA_f": "C1", "buffer": ""}, {"py/object": "strutture_dati.Link", "nome": "L2", "FA_i": "C2", "FA_f": "C3", "buffer": ""}, {"py/object": "strutture_dati.Link", "nome": "L3", "FA_i": "C3", "FA_f": "C1", "buffer": ""}], "nome": "10:21:30|::", "id": 25, "final": true, "indice_oss": 1}, {"py/object": "strutture_dati.Nodo", "stati_FA": ["10", "21", "31"], "lista_link": [{"py/object": "strutture_dati.Link", "nome": "L1", "FA_i": "C2", "FA_f": "C1", "buffer": ""}, {"py/object": "strutture_dati.Link", "nome": "L2", "FA_i": "C2", "FA_f": "C3", "buffer": ""}, {"py/object": "strutture_dati.Link", "nome": "L3", "FA_i": "C3", "FA_f": "C1", "buffer": ""}], "nome": "10:21:31|::", "id": 26, "final": true, "indice_oss": 1}, {"py/object": "strutture_dati.Nodo", "stati_FA": ["11", "21", "30"], "lista_link": [{"py/object": "strutture_dati.Link", "nome": "L1", "FA_i": "C2", "FA_f": "C1", "buffer": ""}, {"py/object": "strutture_dati.Link", "nome": "L2", "FA_i": "C2", "FA_f": "C3", "buffer": ""}, {"py/object": "strutture_dati.Link", "nome": "L3", "FA_i": "C3", "FA_f": "C1", "buffer": ""}], "nome": "11:21:30|::", "id": 27, "final": true, "indice_oss": 1}, {"py/object": "strutture_dati.Nodo", "stati_FA": ["11", "21", "31"], "lista_link": [{"py/object": "strutture_dati.Link", "nome": "L1", "FA_i": "C2", "FA_f": "C1", "buffer": ""}, {"py/object": "strutture_dati.Link", "nome": "L2", "FA_i": "C2", "FA_f": "C3", "buffer": ""}, {"py/object": "strutture_dati.Link", "nome": "L3", "FA_i": "C3", "FA_f": "C1", "buffer": ""}], "nome": "11:21:31|::", "id": 28, "final": true, "indice_oss": 1}, {"py/object": "strutture_dati.Nodo", "stati_FA": ["11", "21", "30"], "lista_link": [{"py/object": "strutture_dati.Link", "nome": "L1", "FA_i": "C2", "FA_f": "C1", "buffer": "e1"}, {"py/object": "strutture_dati.Link", "nome": "L2", "FA_i": "C2", "FA_f": "C3", "buffer": ""}, {"py/object": "strutture_dati.Link", "nome": "L3", "FA_i": "C3", "FA_f": "C1", "buffer": ""}], "nome": "11:21:30|e1::", "id": 29, "final": false, "indice_oss": 1}, {"py/object": "strutture_dati.Nodo", "stati_FA": ["10", "21", "31"], "lista_link": [{"py/object": "strutture_dati.Link", "nome": "L1", "FA_i": "C2", "FA_f": "C1", "buffer": ""}, {"py/object": "strutture_dati.Link", "nome": "L2", "FA_i": "C2", "FA_f": "C3", "buffer": ""}, {"py/object": "strutture_dati.Link", "nome": "L3", "FA_i": "C3", "FA_f": "C1", "buffer": "e2"}], "nome": "10:21:31|::e2", "id": 30, "final": false, "indice_oss": 1}], "lista_cammini": [{"py/object": "strutture_dati.Cammino", "nome": "t1c", "nodo_iniziale": {"py/id": 1}, "nodo_finale": {"py/object": "strutture_dati.Nodo", "stati_FA": ["11", "20", "30"], "lista_link": [{"py/object": "strutture_dati.Link", "nome": "L1", "FA_i": "C2", "FA_f": "C1", "buffer": ""}, {"py/object": "strutture_dati.Link", "nome": "L2", "FA_i": "C2", "FA_f": "C3", "buffer": ""}, {"py/object": "strutture_dati.Link", "nome": "L3", "FA_i": "C3", "FA_f": "C1", "buffer": ""}], "nome": "11:20:30|::", "id": 2, "final": false, "indice_oss": 0}, "oss": "\u03b5", "ril": "f1", "chiusura_iniziale": null, "chiusura_finale": null, "nodo_accettazione_raggiunto": null, "etichetta_diagnosi": "\u03b5"}, {"py/object": "strutture_dati.Cammino", "nome": "t2a", "nodo_iniziale": {"py/id": 1}, "nodo_finale": {"py/object": "strutture_dati.Nodo", "stati_FA": ["10", "21", "30"], "lista_link": [{"py/object": "strutture_dati.Link", "nome": "L1", "FA_i": "C2", "FA_f": "C1", "buffer": "e1"}, {"py/object": "strutture_dati.Link", "nome": "L2", "FA_i": "C2", "FA_f": "C3", "buffer": "e3"}, {"py/object": "strutture_dati.Link", "nome": "L3", "FA_i": "C3", "FA_f": "C1", "buffer": ""}], "nome": "10:21:30|e1:e3:", "id": 3, "final": false, "indice_oss": 1}, "oss": "o1", "ril": "\u03b5", "chiusura_iniziale": null, "chiusura_finale": null, "nodo_accettazione_raggiunto": null, "etichetta_diagnosi": "\u03b5"}, {"py/object": "strutture_dati.Cammino", "nome": "t3a", "nodo_iniziale": {"py/id": 1}, "nodo_finale": {"py/object": "strutture_dati.Nodo", "stati_FA": ["10", "20", "31"], "lista_link": [{"py/object": "strutture_dati.Link", "nome": "L1", "FA_i": "C2", "FA_f": "C1", "buffer": ""}, {"py/object": "strutture_dati.Link", "nome": "L2", "FA_i": "C2", "FA_f": "C3", "buffer": ""}, {"py/object": "strutture_dati.Link", "nome": "L3", "FA_i": "C3", "FA_f": "C1", "buffer": "e2"}], "nome": "10:20:31|::e2", "id": 4, "final": false, "indice_oss": 0}, "oss": "\u03b5", "ril": "\u03b5", "chiusura_iniziale": null, "chiusura_finale": null, "nodo_accettazione_raggiunto": null, "etichetta_diagnosi": "\u03b5"}, {"py/object": "strutture_dati.Cammino", "nome": "t2a", "nodo_iniziale": {"py/id": 190}, "nodo_finale": {"py/object": "strutture_dati.Nodo", "stati_FA": ["11", "21", "30"], "lista_link": [{"py/object": "strutture_dati.Link", "nome": "L1", "FA_i": "C2", "FA_f": "C1", "buffer": "e1"}, {"py/object": "strutture_dati.Link", "nome": "L2", "FA_i": "C2", "FA_f": "C3", "buffer": "e3"}, {"py/object": "strutture_dati.Link", "nome": "L3", "FA_i": "C3", "FA_f": "C1", "buffer": ""}], "nome": "11:21:30|e1:e3:", "id": 5, "final": false, "indice_oss": 1}, "oss": "o1", "ril": "\u03b5", "chiusura_iniziale": null, "chiusura_finale": null, "nodo_accettazione_raggiunto": null, "etichetta_diagnosi": "\u03b5"}, {"py/object": "strutture_dati.Cammino", "nome": "t3a", "nodo_iniziale": {"py/id": 190}, "nodo_finale": {"py/object": "strutture_dati.Nodo", "stati_FA": ["11", "20", "31"], "lista_link": [{"py/object": "strutture_dati.Link", "nome": "L1", "FA_i": "C2", "FA_f": "C1", "buffer": ""}, {"py/object": "strutture_dati.Link", "nome": "L2", "FA_i": "C2", "FA_f": "C3", "buffer": ""}, {"py/object": "strutture_dati.Link", "nome": "L3", "FA_i": "C3", "FA_f": "C1", "buffer": "e2"}], "nome": "11:20:31|::e2", "id": 6, "final": false, "indice_oss": 0}, "oss": "\u03b5", "ril": "\u03b5", "chiusura_iniziale": null, "chiusura_finale": null, "nodo_accettazione_raggiunto": null, "etichetta_diagnosi": "\u03b5"}, {"py/object": "strutture_dati.Cammino", "nome": "t1a", "nodo_iniziale": {"py/id": 197}, "nodo_finale": {"py/object": "strutture_dati.Nodo", "stati_FA": ["11", "21", "30"], "lista_link": [{"py/object": "strutture_dati.Link", "nome": "L1", "FA_i": "C2", "FA_f": "C1", "buffer": ""}, {"py/object": "strutture_dati.Link", "nome": "L2", "FA_i": "C2", "FA_f": "C3", "buffer": "e3"}, {"py/object": "strutture_dati.Link", "nome": "L3", "FA_i": "C3", "FA_f": "C1", "buffer": ""}], "nome": "11:21:30|:e3:", "id": 7, "final": false, "indice_oss": 1}, "oss": "\u03b5", "ril": "\u03b5", "chiusura_iniziale": null, "chiusura_finale": null, "nodo_accettazione_raggiunto": null, "etichetta_diagnosi": "\u03b5"}, {"py/object": "strutture_dati.Cammino", "nome": "t1c", "nodo_iniziale": {"py/id": 197}, "nodo_finale": {"py/object": "strutture_dati.Nodo", "stati_FA": ["11", "21", "30"], "lista_link": [{"py/object": "strutture_dati.Link", "nome": "L1", "FA_i": "C2", "FA_f": "C1", "buffer": "e1"}, {"py/object": "strutture_dati.Link", "nome": "L2", "FA_i": "C2", "FA_f": "C3", "buffer": "e3"}, {"py/object": "strutture_dati.Link", "nome": "L3", "FA_i": "C3", "FA_f": "C1", "buffer": ""}], "nome": "11:21:30|e1:e3:", "id": 5, "final": false, "indice_oss": 1}, "oss": "\u03b5", "ril": "f1", "chiusura_iniziale": null, "chiusura_finale": null, "nodo_accettazione_raggiunto": null, "etichetta_diagnosi": "\u03b5"}, {"py/object": "strutture_dati.Cammino", "nome": "t3a", "nodo_iniziale": {"py/id": 197}, "nodo_finale": {"py/object": "strutture_dati.Nodo", "stati_FA": ["10", "21", "31"], "lista_link": [{"py/object": "strutture_dati.Link", "nome": "L1", "FA_i": "C2", "FA_f": "C1", "buffer": "e1"}, {"py/object": "strutture_dati.Link", "nome": "L2", "FA_i": "C2", "FA_f": "C3", "buffer": "e3"}, {"py/object": "strutture_dati.Link", "nome": "L3", "FA_i": "C3", "FA_f": "C1", "buffer": "e2"}], "nome": "10:21:31|e1:e3:e2", "id": 8, "final": false, "indice_oss": 1}, "oss": "\u03b5", "ril": "\u03b5", "chiusura_iniziale": null, "chiusura_finale": null, "nodo_accettazione_raggiunto": null, "etichetta_diagnosi": "\u03b5"}, {"py/object": "strutture_dati.Cammino", "nome": "t1c", "nodo_iniziale": {"py/id": 204}, "nodo_finale": {"py/object": "strutture_dati.Nodo", "stati_FA": ["11", "20", "31"], "lista_link": [{"py/object": "strutture_dati.Link", "nome": "L1", "FA_i": "C2", "FA_f": "C1", "buffer": ""}, {"py/object": "strutture_dati.Link", "nome": "L2", "FA_i": "C2", "FA_f": "C3", "buffer": ""}, {"py/object": "strutture_dati.Link", "nome": "L3", "FA_i": "C3", "FA_f": "C1", "buffer": "e2"}], "nome": "11:20:31|::e2", "id": 6, "final": false, "indice_oss": 0}, "oss": "\u03b5", "ril": "f1", "chiusura_iniziale": null, "chiusura_finale": null, "nodo_accettazione_raggiunto": null, "etichetta_diagnosi": "\u03b5"}, {"py/object": "strutture_dati.Cammino", "nome": "t2a", "nodo_iniziale": {"py/id": 204}, "nodo_finale": {"py/object": "strutture_dati.Nodo", "stati_FA": ["10", "21", "31"], "lista_link": [{"py/object": "strutture_dati.Link", "nome": "L1", "FA_i": "C2", "FA_f": "C1", "buffer": "e1"}, {"py/object": "strutture_dati.Link", "nome": "L2", "FA_i": "C2", "FA_f": "C3", "buffer": "e3"}, {"py/object": "strutture_dati.Link", "nome": "L3", "FA_i": "C3", "FA_f": "C1", "buffer": "e2"}], "nome": "10:21:31|e1:e3:e2", "id": 8, "final": false, "indice_oss": 1}, "oss": "o1", "ril": "\u03b5", "chiusura_iniziale": null, "chiusura_finale": null, "nodo_accettazione_raggiunto": null, "etichetta_diagnosi": "\u03b5"}, {"py/object": "strutture_dati.Cammino", "nome": "t3a", "nodo_iniziale": {"py/id": 211}, "nodo_finale": {"py/object": "strutture_dati.Nodo", "stati_FA": ["11", "21", "31"], "lista_link": [{"py/object": "strutture_dati.Link", "nome": "L1", "FA_i": "C2", "FA_f": "C1", "buffer": "e1"}, {"py/object": "strutture_dati.Link", "nome": "L2", "FA_i": "C2", "FA_f": "C3", "buffer": "e3"}, {"py/object": "strutture_dati.Link", "nome": "L3", "FA_i": "C3", "FA_f": "C1", "buffer": "e2"}], "nome": "11:21:31|e1:e3:e2", "id": 9, "final": false, "indice_oss": 1}, "oss": "\u03b5", "ril": "\u03b5", "chiusura_iniziale": null, "chiusura_finale": null, "nodo_accettazione_raggiunto": null, "etichetta_diagnosi": "\u03b5"}, {"py/object": "strutture_dati.Cammino", "nome": "t1b", "nodo_iniziale": {"py/id": 218}, "nodo_finale": {"py/object": "strutture_dati.Nodo", "stati_FA": ["10", "20", "31"], "lista_link": [{"py/object": "strutture_dati.Link", "nome": "L1", "FA_i": "C2", "FA_f": "C1", "buffer": ""}, {"py/object": "strutture_dati.Link", "nome": "L2", "FA_i": "C2", "FA_f": "C3", "buffer": ""}, {"py/object": "strutture_dati.Link", "nome": "L3", "FA_i": "C3", "FA_f": "C1", "buffer": ""}], "nome": "10:20:31|::", "id": 10, "final": false, "indice_oss": 0}, "oss": "\u03b5", "ril": "\u03b5", "chiusura_iniziale": null, "chiusura_finale": null, "nodo_accettazione_raggiunto": null, "etichetta_diagnosi": "\u03b5"}, {"py/object": "strutture_dati.Cammino", "nome": "t2a", "nodo_iniziale": {"py/id": 218}, "nodo_finale": {"py/object": "strutture_dati.Nodo", "stati_FA": ["11", "21", "31"], "lista_link": [{"py/object": "strutture_dati.Link", "nome": "L1", "FA_i": "C2", "FA_f": "C1", "buffer": "e1"}, {"py/object": "strutture_dati.Link", "nome": "L2", "FA_i": "C2", "FA_f": "C3", "buffer": "e3"}, {"py/object": "strutture_dati.Link", "nome": "L3", "FA_i": "C3", "FA_f": "C1", "buffer": "e2"}], "nome": "11:21:31|e1:e3:e2", "id": 9, "final": false, "indice_oss": 1}, "oss": "o1", "ril": "\u03b5", "chiusura_iniziale": null, "chiusura_finale": null, "nodo_accettazione_raggiunto": null, "etichetta_diagnosi": "\u03b5"}, {"py/object": "strutture_dati.Cammino", "nome": "t3a", "nodo_iniziale": {"py/id": 225}, "nodo_finale": {"py/object": "strutture_dati.Nodo", "stati_FA": ["11", "21", "31"], "lista_link": [{"py/object": "strutture_dati.Link", "nome": "L1", "FA_i": "C2", "FA_f": "C1", "buffer": ""}, {"py/object": "strutture_dati.Link", "nome": "L2", "FA_i": "C2", "FA_f": "C3", "buffer": "e3"}, {"py/object": "strutture_dati.Link", "nome": "L3", "FA_i": "C3", "FA_f": "C1", "buffer": "e2"}], "nome": "11:21:31|:e3:e2", "id": 11, "final": false, "indice_oss": 1}, "oss": "\u03b5", "ril": "\u03b5", "chiusura_iniziale": null, "chiusura_finale": null, "nodo_accettazione_raggiunto": null, "etichetta_diagnosi": "\u03b5"}, {"py/object": "strutture_dati.Cammino", "nome": "t1a", "nodo_iniziale": {"py/id": 239}, "nodo_finale": {"py/object": "strutture_dati.Nodo", "stati_FA": ["11", "21", "31"], "lista_link": [{"py/object": "strutture_dati.Link", "nome": "L1", "FA_i": "C2", "FA_f": "C1", "buffer": ""}, {"py/object": "strutture_dati.Link", "nome": "L2", "FA_i": "C2", "FA_f": "C3", "buffer": "e3"}, {"py/object": "strutture_dati.Link", "nome": "L3", "FA_i": "C3", "FA_f": "C1", "buffer": "e2"}], "nome": "11:21:31|:e3:e2", "id": 11, "final": false, "indice_oss": 1}, "oss": "\u03b5", "ril": "\u03b5", "chiusura_iniziale": null, "chiusura_finale": null, "nodo_accettazione_raggiunto": null, "etichetta_diagnosi": "\u03b5"}, {"py/object": "strutture_dati.Cammino", "nome": "t1c", "nodo_iniziale": {"py/id": 239}, "nodo_finale": {"py/object": "strutture_dati.Nodo", "stati_FA": ["11", "21", "31"], "lista_link": [{"py/object": "strutture_dati.Link", "nome": "L1", "FA_i": "C2", "FA_f": "C1", "buffer": "e1"}, {"py/object": "strutture_dati.Link", "nome": "L2", "FA_i": "C2", "FA_f": "C3", "buffer": "e3"}, {"py/object": "strutture_dati.Link", "nome": "L3", "FA_i": "C3", "FA_f": "C1", "buffer": "e2"}], "nome": "11:21:31|e1:e3:e2", "id": 9, "final": false, "indice_oss": 1}, "oss": "\u03b5", "ril": "f1", "chiusura_iniziale": null, "chiusura_finale": null, "nodo_accettazione_raggiunto": null, "etichetta_diagnosi": "\u03b5"}, {"py/object": "strutture_dati.Cammino", "nome": "t3b", "nodo_iniziale": {"py/id": 239}, "nodo_finale": {"py/object": "strutture_dati.Nodo", "stati_FA": ["10", "21", "30"], "lista_link": [{"py/object": "strutture_dati.Link", "nome": "L1", "FA_i": "C2", "FA_f": "C1", "buffer": "e1"}, {"py/object": "strutture_dati.Link", "nome": "L2", "FA_i": "C2", "FA_f": "C3", "buffer": ""}, {"py/object": "strutture_dati.Link", "nome": "L3", "FA_i": "C3", "FA_f": "C1", "buffer": "e2"}], "nome": "10:21:30|e1::e2", "id": 12, "final": false, "indice_oss": 1}, "oss": "\u03b5", "ril": "\u03b5", "chiusura_iniziale": null, "chiusura_finale": null, "nodo_accettazione_raggiunto": null, "etichetta_diagnosi": "\u03b5"}, {"py/object": "strutture_dati.Cammino", "nome": "t3c", "nodo_iniziale": {"py/id": 239}, "nodo_finale": {"py/object": "strutture_dati.Nodo", "stati_FA": ["10", "21", "31"], "lista_link": [{"py/object": "strutture_dati.Link", "nome": "L1", "FA_i": "C2", "FA_f": "C1", "buffer": "e1"}, {"py/object": "strutture_dati.Link", "nome": "L2", "FA_i": "C2", "FA_f": "C3", "buffer": ""}, {"py/object": "strutture_dati.Link", "nome": "L3", "FA_i": "C3", "FA_f": "C1", "buffer": "e2"}], "nome": "10:21:31|e1::e2", "id": 13, "final": false, "indice_oss": 1}, "oss": "\u03b5", "ril": "f3", "chiusura_iniziale": null, "chiusura_finale": null, "nodo_accettazione_raggiunto": null, "etichetta_diagnosi": "\u03b5"}, {"py/object": "strutture_dati.Cammino", "nome": "t1b", "nodo_iniziale": {"py/id": 260}, "nodo_finale": {"py/object": "strutture_dati.Nodo", "stati_FA": ["10", "21", "31"], "lista_link": [{"py/object": "strutture_dati.Link", "nome": "L1", "FA_i": "C2", "FA_f": "C1", "buffer": "e1"}, {"py/object": "strutture_dati.Link", "nome": "L2", "FA_i": "C2", "FA_f": "C3", "buffer": "e3"}, {"py/object": "strutture_dati.Link", "nome": "L3", "FA_i": "C3", "FA_f": "C1", "buffer": ""}], "nome": "10:21:31|e1:e3:", "id": 14, "final": false, "indice_oss": 1}, "oss": "\u03b5", "ril": "\u03b5", "chiusura_iniziale": null, "chiusura_finale": null, "nodo_accettazione_raggiunto": null, "etichetta_diagnosi": "\u03b5"}, {"py/object": "strutture_dati.Cammino", "nome": "t3b", "nodo_iniziale": {"py/id": 260}, "nodo_finale": {"py/object": "strutture_dati.Nodo", "stati_FA": ["11", "21", "30"], "lista_link": [{"py/object": "strutture_dati.Link", "nome": "L1", "FA_i": "C2", "FA_f": "C1", "buffer": "e1"}, {"py/object": "strutture_dati.Link", "nome": "L2", "FA_i": "C2", "FA_f": "C3", "buffer": ""}, {"py/object": "strutture_dati.Link", "nome": "L3", "FA_i": "C3", "FA_f": "C1", "buffer": "e2"}], "nome": "11:21:30|e1::e2", "id": 15, "final": false, "indice_oss": 1}, "oss": "\u03b5", "ril": "\u03b5", "chiusura_iniziale": null, "chiusura_finale": null, "nodo_accettazione_raggiunto": null, "etichetta_diagnosi": "\u03b5"}, {"py/object": "strutture_dati.Cammino", "nome": "t3c", "nodo_iniziale": {"py/id": 260}, "nodo_finale": {"py/object": "strutture_dati.Nodo", "stati_FA": ["11", "21", "31"], "lista_link": [{"py/object": "strutture_dati.Link", "nome": "L1", "FA_i": "C2", "FA_f": "C1", "buffer": "e1"}, {"py/object": "strutture_dati.Link", "nome": "L2", "FA_i": "C2", "FA_f": "C3", "buffer": ""}, {"py/object": "strutture_dati.Link", "nome": "L3", "FA_i": "C3", "FA_f": "C1", "buffer": "e2"}], "nome": "11:21:31|e1::e2", "id": 16, "final": false, "indice_oss": 1}, "oss": "\u03b5", "ril": "f3", "chiusura_iniziale": null, "chiusura_finale": null, "nodo_accettazione_raggiunto": null, "etichetta_diagnosi": "\u03b5"}, {"py/object": "strutture_dati.Cammino", "nome": "t1c", "nodo_iniziale": {"py/id": 267}, "nodo_finale": {"py/object": "strutture_dati.Nodo", "stati_FA": ["11", "20", "31"], "lista_link": [{"py/object": "strutture_dati.Link", "nome": "L1", "FA_i": "C2", "FA_f": "C1", "buffer": ""}, {"py/object": "strutture_dati.Link", "nome": "L2", "FA_i": "C2", "FA_f": "C3", "buffer": ""}, {"py/object": "strutture_dati.Link", "nome": "L3", "FA_i": "C3", "FA_f": "C1", "buffer": ""}], "nome": "11:20:31|::", "id": 17, "final": false, "indice_oss": 0}, "oss": "\u03b5", "ril": "f1", "chiusura_iniziale": null, "chiusura_finale": null, "nodo_accettazione_raggiunto": null, "etichetta_diagnosi": "\u03b5"}, {"py/object": "strutture_dati.Cammino", "nome": "t2a", "nodo_iniziale": {"py/id": 267}, "nodo_finale": {"py/object": "strutture_dati.Nodo", "stati_FA": ["10", "21", "31"], "lista_link": [{"py/object": "strutture_dati.Link", "nome": "L1", "FA_i": "C2", "FA_f": "C1", "buffer": "e1"}, {"py/object": "strutture_dati.Link", "nome": "L2", "FA_i": "C2", "FA_f": "C3", "buffer": "e3"}, {"py/object": "strutture_dati.Link", "nome": "L3", "FA_i": "C3", "FA_f": "C1", "buffer": ""}], "nome": "10:21:31|e1:e3:", "id": 14, "final": false, "indice_oss": 1}, "oss": "o1", "ril": "\u03b5", "chiusura_iniziale": null, "chiusura_finale": null, "nodo_accettazione_raggiunto": null, "etichetta_diagnosi": "\u03b5"}, {"py/object": "strutture_dati.Cammino", "nome": "t1b", "nodo_iniziale": {"py/id": 281}, "nodo_finale": {"py/object": "strutture_dati.Nodo", "stati_FA": ["10", "21", "31"], "lista_link": [{"py/object": "strutture_dati.Link", "nome": "L1", "FA_i": "C2", "FA_f": "C1", "buffer": ""}, {"py/object": "strutture_dati.Link", "nome": "L2", "FA_i": "C2", "FA_f": "C3", "buffer": "e3"}, {"py/object": "strutture_dati.Link", "nome": "L3", "FA_i": "C3", "FA_f": "C1", "buffer": ""}], "nome": "10:21:31|:e3:", "id": 18, "final": false, "indice_oss": 1}, "oss": "\u03b5", "ril": "\u03b5", "chiusura_iniziale": null, "chiusura_finale": null, "nodo_accettazione_raggiunto": null, "etichetta_diagnosi": "\u03b5"}, {"py/object": "strutture_dati.Cammino", "nome": "t3b", "nodo_iniziale": {"py/id": 281}, "nodo_finale": {"py/object": "strutture_dati.Nodo", "stati_FA": ["11", "21", "30"], "lista_link": [{"py/object": "strutture_dati.Link", "nome": "L1", "FA_i": "C2", "FA_f": "C1", "buffer": ""}, {"py/object": "strutture_dati.Link", "nome": "L2", "FA_i": "C2", "FA_f": "C3", "buffer": ""}, {"py/object": "strutture_dati.Link", "nome": "L3", "FA_i": "C3", "FA_f": "C1", "buffer": "e2"}], "nome": "11:21:30|::e2", "id": 19, "final": false, "indice_oss": 1}, "oss": "\u03b5", "ril": "\u03b5", "chiusura_iniziale": null, "chiusura_finale": null, "nodo_accettazione_raggiunto": null, "etichetta_diagnosi": "\u03b5"}, {"py/object": "strutture_dati.Cammino", "nome": "t3c", "nodo_iniziale": {"py/id": 281}, "nodo_finale": {"py/object": "strutture_dati.Nodo", "stati_FA": ["11", "21", "31"], "lista_link": [{"py/object": "strutture_dati.Link", "nome": "L1", "FA_i": "C2", "FA_f": "C1", "buffer": ""}, {"py/object": "strutture_dati.Link", "nome": "L2", "FA_i": "C2", "FA_f": "C3", "buffer": ""}, {"py/object": "strutture_dati.Link", "nome": "L3", "FA_i": "C3", "FA_f": "C1", "buffer": "e2"}], "nome": "11:21:31|::e2", "id": 20, "final": false, "indice_oss": 1}, "oss": "\u03b5", "ril": "f3", "chiusura_iniziale": null, "chiusura_finale": null, "nodo_accettazione_raggiunto": null, "etichetta_diagnosi": "\u03b5"}, {"py/object": "strutture_dati.Cammino", "nome": "t1a", "nodo_iniziale": {"py/id": 302}, "nodo_finale": {"py/object": "strutture_dati.Nodo", "stati_FA": ["11", "21", "30"], "lista_link": [{"py/object": "strutture_dati.Link", "nome": "L1", "FA_i": "C2", "FA_f": "C1", "buffer": ""}, {"py/object": "strutture_dati.Link", "nome": "L2", "FA_i": "C2", "FA_f": "C3", "buffer": ""}, {"py/object": "strutture_dati.Link", "nome": "L3", "FA_i": "C3", "FA_f": "C1", "buffer": "e2"}], "nome": "11:21:30|::e2", "id": 19, "final": false, "indice_oss": 1}, "oss": "\u03b5", "ril": "\u03b5", "chiusura_iniziale": null, "chiusura_finale": null, "nodo_accettazione_raggiunto": null, "etichetta_diagnosi": "\u03b5"}, {"py/object": "strutture_dati.Cammino", "nome": "t1c", "nodo_iniziale": {"py/id": 302}, "nodo_finale": {"py/object": "strutture_dati.Nodo", "stati_FA": ["11", "21", "30"], "lista_link": [{"py/object": "strutture_dati.Link", "nome": "L1", "FA_i": "C2", "FA_f": "C1", "buffer": "e1"}, {"py/object": "strutture_dati.Link", "nome": "L2", "FA_i": "C2", "FA_f": "C3", "buffer": ""}, {"py/object": "strutture_dati.Link", "nome": "L3", "FA_i": "C3", "FA_f": "C1", "buffer": "e2"}], "nome": "11:21:30|e1::e2", "id": 15, "final": false, "indice_oss": 1}, "oss": "\u03b5", "ril": "f1", "chiusura_iniziale": null, "chiusura_finale": null, "nodo_accettazione_raggiunto": null, "etichetta_diagnosi": "\u03b5"}, {"py/object": "strutture_dati.Cammino", "nome": "t1a", "nodo_iniziale": {"py/id": 309}, "nodo_finale": {"py/object": "strutture_dati.Nodo", "stati_FA": ["11", "21", "31"], "lista_link": [{"py/object": "strutture_dati.Link", "nome": "L1", "FA_i": "C2", "FA_f": "C1", "buffer": ""}, {"py/object": "strutture_dati.Link", "nome": "L2", "FA_i": "C2", "FA_f": "C3", "buffer": ""}, {"py/object": "strutture_dati.Link", "nome": "L3", "FA_i": "C3", "FA_f": "C1", "buffer": "e2"}], "nome": "11:21:31|::e2", "id": 20, "final": false, "indice_oss": 1}, "oss": "\u03b5", "ril": "\u03b5", "chiusura_iniziale": null, "chiusura_finale": null, "nodo_accettazione_raggiunto": null, "etichetta_diagnosi": "\u03b5"}, {"py/object": "strutture_dati.Cammino", "nome": "t1c", "nodo_iniziale": {"py/id": 309}, "nodo_finale": {"py/object": "strutture_dati.Nodo", "stati_FA": ["11", "21", "31"], "lista_link": [{"py/object": "strutture_dati.Link", "nome": "L1", "FA_i": "C2", "FA_f": "C1", "buffer": "e1"}, {"py/object": "strutture_dati.Link", "nome": "L2", "FA_i": "C2", "FA_f": "C3", "buffer": ""}, {"py/object": "strutture_dati.Link", "nome": "L3", "FA_i": "C3", "FA_f": "C1", "buffer": "e2"}], "nome": "11:21:31|e1::e2", "id": 16, "final": false, "indice_oss": 1}, "oss": "\u03b5", "ril": "f1", "chiusura_iniziale": null, "chiusura_finale": null, "nodo_accettazione_raggiunto": null, "etichetta_diagnosi": "\u03b5"}, {"py/object": "strutture_dati.Cammino", "nome": "t1a", "nodo_iniziale": {"py/id": 316}, "nodo_finale": {"py/object": "strutture_dati.Nodo", "stati_FA": ["11", "21", "31"], "lista_link": [{"py/object": "strutture_dati.Link", "nome": "L1", "FA_i": "C2", "FA_f": "C1", "buffer": ""}, {"py/object": "strutture_dati.Link", "nome": "L2", "FA_i": "C2", "FA_f": "C3", "buffer": "e3"}, {"py/object": "strutture_dati.Link", "nome": "L3", "FA_i": "C3", "FA_f": "C1", "buffer": ""}], "nome": "11:21:31|:e3:", "id": 21, "final": false, "indice_oss": 1}, "oss": "\u03b5", "ril": "\u03b5", "chiusura_iniziale": null, "chiusura_finale": null, "nodo_accettazione_raggiunto": null, "etichetta_diagnosi": "\u03b5"}, {"py/object": "strutture_dati.Cammino", "nome": "t1c", "nodo_iniziale": {"py/id": 316}, "nodo_finale": {"py/object": "strutture_dati.Nodo", "stati_FA": ["11", "21", "31"], "lista_link": [{"py/object": "strutture_dati.Link", "nome": "L1", "FA_i": "C2", "FA_f": "C1", "buffer": "e1"}, {"py/object": "strutture_dati.Link", "nome": "L2", "FA_i": "C2", "FA_f": "C3", "buffer": "e3"}, {"py/object": "strutture_dati.Link", "nome": "L3", "FA_i": "C3", "FA_f": "C1", "buffer": ""}], "nome": "11:21:31|e1:e3:", "id": 22, "final": false, "indice_oss": 1}, "oss": "\u03b5", "ril": "f1", "chiusura_iniziale": null, "chiusura_finale": null, "nodo_accettazione_raggiunto": null, "etichetta_diagnosi": "\u03b5"}, {"py/object": "strutture_dati.Cammino", "nome": "t3b", "nodo_iniziale": {"py/id": 316}, "nodo_finale": {"py/object": "strutture_dati.Nodo", "stati_FA": ["10", "21", "30"], "lista_link": [{"py/object": "strutture_dati.Link", "nome": "L1", "FA_i": "C2", "FA_f": "C1", "buffer": "e1"}, {"py/object": "strutture_dati.Link", "nome": "L2", "FA_i": "C2", "FA_f": "C3", "buffer": ""}, {"py/object": "strutture_dati.Link", "nome": "L3", "FA_i": "C3", "FA_f": "C1", "buffer": ""}], "nome": "10:21:30|e1::", "id": 23, "final": false, "indice_oss": 1}, "oss": "\u03b5", "ril": "\u03b5", "chiusura_iniziale": null, "chiusura_finale": null, "nodo_accettazione_raggiunto": null, "etichetta_diagnosi": "\u03b5"}, {"py/object": "strutture_dati.Cammino", "nome": "t3c", "nodo_iniziale": {"py/id": 316}, "nodo_finale": {"py/object": "strutture_dati.Nodo", "stati_FA": ["10", "21", "31"], "lista_link": [{"py/object": "strutture_dati.Link", "nome": "L1", "FA_i": "C2", "FA_f": "C1", "buffer": "e1"}, {"py/object": "strutture_dati.Link", "nome": "L2", "FA_i": "C2", "FA_f": "C3", "buffer": ""}, {"py/object": "strutture_dati.Link", "nome": "L3", "FA_i": "C3", "FA_f": "C1", "buffer": ""}], "nome": "10:21:31|e1::", "id": 24, "final": false, "indice_oss": 1}, "oss": "\u03b5", "ril": "f3", "chiusura_iniziale": null, "chiusura_finale": null, "nodo_accettazione_raggiunto": null, "etichetta_diagnosi": "\u03b5"}, {"py/object": "strutture_dati.Cammino", "nome": "t1b", "nodo_iniziale": {"py/id": 323}, "nodo_finale": {"py/object": "strutture_dati.Nodo", "stati_FA": ["10", "21", "30"], "lista_link": [{"py/object": "strutture_dati.Link", "nome": "L1", "FA_i": "C2", "FA_f": "C1", "buffer": "e1"}, {"py/object": "strutture_dati.Link", "nome": "L2", "FA_i": "C2", "FA_f": "C3", "buffer": ""}, {"py/object": "strutture_dati.Link", "nome": "L3", "FA_i": "C3", "FA_f": "C1", "buffer": ""}], "nome": "10:21:30|e1::", "id": 23, "final": false, "indice_oss": 1}, "oss": "\u03b5", "ril": "\u03b5", "chiusura_iniziale": null, "chiusura_finale": null, "nodo_accettazione_raggiunto": null, "etichetta_diagnosi": "\u03b5"}, {"py/object": "strutture_dati.Cammino", "nome": "t1b", "nodo_iniziale": {"py/id": 330}, "nodo_finale": {"py/object": "strutture_dati.Nodo", "stati_FA": ["10", "21", "31"], "lista_link": [{"py/object": "strutture_dati.Link", "nome": "L1", "FA_i": "C2", "FA_f": "C1", "buffer": "e1"}, {"py/object": "strutture_dati.Link", "nome": "L2", "FA_i": "C2", "FA_f": "C3", "buffer": ""}, {"py/object": "strutture_dati.Link", "nome": "L3", "FA_i": "C3", "FA_f": "C1", "buffer": ""}], "nome": "10:21:31|e1::", "id": 24, "final": false, "indice_oss": 1}, "oss": "\u03b5", "ril": "\u03b5", "chiusura_iniziale": null, "chiusura_finale": null, "nodo_accettazione_raggiunto": null, "etichetta_diagnosi": "\u03b5"}, {"py/object": "strutture_dati.Cammino", "nome": "t2a", "nodo_iniziale": {"py/id": 337}, "nodo_finale": {"py/object": "strutture_dati.Nodo", "stati_FA": ["11", "21", "31"], "lista_link": [{"py/object": "strutture_dati.Link", "nome": "L1", "FA_i": "C2", "FA_f": "C1", "buffer": "e1"}, {"py/object": "strutture_dati.Link", "nome": "L2", "FA_i": "C2", "FA_f": "C3", "buffer": "e3"}, {"py/object": "strutture_dati.Link", "nome": "L3", "FA_i": "C3", "FA_f": "C1", "buffer": ""}], "nome": "11:21:31|e1:e3:", "id": 22, "final": false, "indice_oss": 1}, "oss": "o1", "ril": "\u03b5", "chiusura_iniziale": null, "chiusura_finale": null, "nodo_accettazione_raggiunto": null, "etichetta_diagnosi": "\u03b5"}, {"py/object": "strutture_dati.Cammino", "nome": "t1c", "nodo_iniziale": {"py/id": 351}, "nodo_finale": {"py/object": "strutture_dati.Nodo", "stati_FA": ["11", "21", "31"], "lista_link": [{"py/object": "strutture_dati.Link", "nome": "L1", "FA_i": "C2", "FA_f": "C1", "buffer": ""}, {"py/object": "strutture_dati.Link", "nome": "L2", "FA_i": "C2", "FA_f": "C3", "buffer": "e3"}, {"py/object": "strutture_dati.Link", "nome": "L3", "FA_i": "C3", "FA_f": "C1", "buffer": ""}], "nome": "11:21:31|:e3:", "id": 21, "final": false, "indice_oss": 1}, "oss": "\u03b5", "ril": "f1", "chiusura_iniziale": null, "chiusura_finale": null, "nodo_accettazione_raggiunto": null, "etichetta_diagnosi": "\u03b5"}, {"py/object": "strutture_dati.Cammino", "nome": "t3b", "nodo_iniziale": {"py/id": 351}, "nodo_finale": {"py/object": "strutture_dati.Nodo", "stati_FA": ["10", "21", "30"], "lista_link": [{"py/object": "strutture_dati.Link", "nome": "L1", "FA_i": "C2", "FA_f": "C1", "buffer": ""}, {"py/object": "strutture_dati.Link", "nome": "L2", "FA_i": "C2", "FA_f": "C3", "buffer": ""}, {"py/object": "strutture_dati.Link", "nome": "L3", "FA_i": "C3", "FA_f": "C1", "buffer": ""}], "nome": "10:21:30|::", "id": 25, "final": true, "indice_oss": 1}, "oss": "\u03b5", "ril": "\u03b5", "chiusura_iniziale": null, "chiusura_finale": null, "nodo_accettazione_raggiunto": null, "etichetta_diagnosi": "\u03b5"}, {"py/object": "strutture_dati.Cammino", "nome": "t3c", "nodo_iniziale": {"py/id": 351}, "nodo_finale": {"py/object": "strutture_dati.Nodo", "stati_FA": ["10", "21", "31"], "lista_link": [{"py/object": "strutture_dati.Link", "nome": "L1", "FA_i": "C2", "FA_f": "C1", "buffer": ""}, {"py/object": "strutture_dati.Link", "nome": "L2", "FA_i": "C2", "FA_f": "C3", "buffer": ""}, {"py/object": "strutture_dati.Link", "nome": "L3", "FA_i": "C3", "FA_f": "C1", "buffer": ""}], "nome": "10:21:31|::", "id": 26, "final": true, "indice_oss": 1}, "oss": "\u03b5", "ril": "f3", "chiusura_iniziale": null, "chiusura_finale": null, "nodo_accettazione_raggiunto": null, "etichetta_diagnosi": "\u03b5"}, {"py/object": "strutture_dati.Cammino", "nome": "t1b", "nodo_iniziale": {"py/id": 358}, "nodo_finale": {"py/object": "strutture_dati.Nodo", "stati_FA": ["10", "21", "30"], "lista_link": [{"py/object": "strutture_dati.Link", "nome": "L1", "FA_i": "C2", "FA_f": "C1", "buffer": ""}, {"py/object": "strutture_dati.Link", "nome": "L2", "FA_i": "C2", "FA_f": "C3", "buffer": ""}, {"py/object": "strutture_dati.Link", "nome": "L3", "FA_i": "C3", "FA_f": "C1", "buffer": ""}], "nome": "10:21:30|::", "id": 25, "final": true, "indice_oss": 1}, "oss": "\u03b5", "ril": "\u03b5", "chiusura_iniziale": null, "chiusura_finale": null, "nodo_accettazione_raggiunto": null, "etichetta_diagnosi": "\u03b5"}, {"py/object": "strutture_dati.Cammino", "nome": "t1b", "nodo_iniziale": {"py/id": 365}, "nodo_finale": {"py/object": "strutture_dati.Nodo", "stati_FA": ["10", "21", "31"], "lista_link": [{"py/object": "strutture_dati.Link", "nome": "L1", "FA_i": "C2", "FA_f": "C1", "buffer": ""}, {"py/object": "strutture_dati.Link", "nome": "L2", "FA_i": "C2", "FA_f": "C3", "buffer": ""}, {"py/object": "strutture_dati.Link", "nome": "L3", "FA_i": "C3", "FA_f": "C1", "buffer": ""}], "nome": "10:21:31|::", "id": 26, "final": true, "indice_oss": 1}, "oss": "\u03b5", "ril": "\u03b5", "chiusura_iniziale": null, "chiusura_finale": null, "nodo_accettazione_raggiunto": null, "etichetta_diagnosi": "\u03b5"}, {"py/object": "strutture_dati.Cammino", "nome": "t3b", "nodo_iniziale": {"py/id": 400}, "nodo_finale": {"py/object": "strutture_dati.Nodo", "stati_FA": ["11", "21", "30"], "lista_link": [{"py/object": "strutture_dati.Link", "nome": "L1", "FA_i": "C2", "FA_f": "C1", "buffer": ""}, {"py/object": "strutture_dati.Link", "nome": "L2", "FA_i": "C2", "FA_f": "C3", "buffer": ""}, {"py/object": "strutture_dati.Link", "nome": "L3", "FA_i": "C3", "FA_f": "C1", "buffer": ""}], "nome": "11:21:30|::", "id": 27, "final": true, "indice_oss": 1}, "oss": "\u03b5", "ril": "\u03b5", "chiusura_iniziale": null, "chiusura_finale": null, "nodo_accettazione_raggiunto": null, "etichetta_diagnosi": "\u03b5"}, {"py/object": "strutture_dati.Cammino", "nome": "t3c", "nodo_iniziale": {"py/id": 400}, "nodo_finale": {"py/object": "strutture_dati.Nodo", "stati_FA": ["11", "21", "31"], "lista_link": [{"py/object": "strutture_dati.Link", "nome": "L1", "FA_i": "C2", "FA_f": "C1", "buffer": ""}, {"py/object": "strutture_dati.Link", "nome": "L2", "FA_i": "C2", "FA_f": "C3", "buffer": ""}, {"py/object": "strutture_dati.Link", "nome": "L3", "FA_i": "C3", "FA_f": "C1", "buffer": ""}], "nome": "11:21:31|::", "id": 28, "final": true, "indice_oss": 1}, "oss": "\u03b5", "ril": "f3", "chiusura_iniziale": null, "chiusura_finale": null, "nodo_accettazione_raggiunto": null, "etichetta_diagnosi": "\u03b5"}, {"py/object": "strutture_dati.Cammino", "nome": "t3b", "nodo_iniziale": {"py/id": 407}, "nodo_finale": {"py/object": "strutture_dati.Nodo", "stati_FA": ["11", "21", "30"], "lista_link": [{"py/object": "strutture_dati.Link", "nome": "L1", "FA_i": "C2", "FA_f": "C1", "buffer": "e1"}, {"py/object": "strutture_dati.Link", "nome": "L2", "FA_i": "C2", "FA_f": "C3", "buffer": ""}, {"py/object": "strutture_dati.Link", "nome": "L3", "FA_i": "C3", "FA_f": "C1", "buffer": ""}], "nome": "11:21:30|e1::", "id": 29, "final": false, "indice_oss": 1}, "oss": "\u03b5", "ril": "\u03b5", "chiusura_iniziale": null, "chiusura_finale": null, "nodo_accettazione_raggiunto": null, "etichetta_diagnosi": "\u03b5"}, {"py/object": "strutture_dati.Cammino", "nome": "t1a", "nodo_iniziale": {"py/id": 414}, "nodo_finale": {"py/object": "strutture_dati.Nodo", "stati_FA": ["11", "21", "30"], "lista_link": [{"py/object": "strutture_dati.Link", "nome": "L1", "FA_i": "C2", "FA_f": "C1", "buffer": ""}, {"py/object": "strutture_dati.Link", "nome": "L2", "FA_i": "C2", "FA_f": "C3", "buffer": ""}, {"py/object": "strutture_dati.Link", "nome": "L3", "FA_i": "C3", "FA_f": "C1", "buffer": ""}], "nome": "11:21:30|::", "id": 27, "final": true, "indice_oss": 1}, "oss": "\u03b5", "ril": "\u03b5", "chiusura_iniziale": null, "chiusura_finale": null, "nodo_accettazione_raggiunto": null, "etichetta_diagnosi": "\u03b5"}, {"py/object": "strutture_dati.Cammino", "nome": "t1c", "nodo_iniziale": {"py/id": 414}, "nodo_finale": {"py/object": "strutture_dati.Nodo", "stati_FA": ["11", "21", "30"], "lista_link": [{"py/object": "strutture_dati.Link", "nome": "L1", "FA_i": "C2", "FA_f": "C1", "buffer": "e1"}, {"py/object": "strutture_dati.Link", "nome": "L2", "FA_i": "C2", "FA_f": "C3", "buffer": ""}, {"py/object": "strutture_dati.Link", "nome": "L3", "FA_i": "C3", "FA_f": "C1", "buffer": ""}], "nome": "11:21:30|e1::", "id": 29, "final": false, "indice_oss": 1}, "oss": "\u03b5", "ril": "f1", "chiusura_iniziale": null, "chiusura_finale": null, "nodo_accettazione_raggiunto": null, "etichetta_diagnosi": "\u03b5"}, {"py/object": "strutture_dati.Cammino", "nome": "t3a", "nodo_iniziale": {"py/id": 414}, "nodo_finale": {"py/object": "strutture_dati.Nodo", "stati_FA": ["10", "21", "31"], "lista_link": [{"py/object": "strutture_dati.Link", "nome": "L1", "FA_i": "C2", "FA_f": "C1", "buffer": "e1"}, {"py/object": "strutture_dati.Link", "nome": "L2", "FA_i": "C2", "FA_f": "C3", "buffer": ""}, {"py/object": "strutture_dati.Link", "nome": "L3", "FA_i": "C3", "FA_f": "C1", "buffer": "e2"}], "nome": "10:21:31|e1::e2", "id": 13, "final": false, "indice_oss": 1}, "oss": "\u03b5", "ril": "\u03b5", "chiusura_iniziale": null, "chiusura_finale": null, "nodo_accettazione_raggiunto": null, "etichetta_diagnosi": "\u03b5"}, {"py/object": "strutture_dati.Cammino", "nome": "t1a", "nodo_iniziale": {"py/id": 421}, "nodo_finale": {"py/object": "strutture_dati.Nodo", "stati_FA": ["11", "21", "31"], "lista_link": [{"py/object": "strutture_dati.Link", "nome": "L1", "FA_i": "C2", "FA_f": "C1", "buffer": ""}, {"py/object": "strutture_dati.Link", "nome": "L2", "FA_i": "C2", "FA_f": "C3", "buffer": ""}, {"py/object": "strutture_dati.Link", "nome": "L3", "FA_i": "C3", "FA_f": "C1", "buffer": ""}], "nome": "11:21:31|::", "id": 28, "final": true, "indice_oss": 1}, "oss": "\u03b5", "ril": "\u03b5", "chiusura_iniziale": null, "chiusura_finale": null, "nodo_accettazione_raggiunto": null, "etichetta_diagnosi": "\u03b5"}, {"py/object": "strutture_dati.Cammino", "nome": "t1c", "nodo_iniziale": {"py/id": 456}, "nodo_finale": {"py/object": "strutture_dati.Nodo", "stati_FA": ["11", "21", "30"], "lista_link": [{"py/object": "strutture_dati.Link", "nome": "L1", "FA_i": "C2", "FA_f": "C1", "buffer": ""}, {"py/object": "strutture_dati.Link", "nome": "L2", "FA_i": "C2", "FA_f": "C3", "buffer": ""}, {"py/object": "strutture_dati.Link", "nome": "L3", "FA_i": "C3", "FA_f": "C1", "buffer": ""}], "nome": "11:21:30|::", "id": 27, "final": true, "indice_oss": 1}, "oss": "\u03b5", "ril": "f1", "chiusura_iniziale": null, "chiusura_finale": null, "nodo_accettazione_raggiunto": null, "etichetta_diagnosi": "\u03b5"}, {"py/object": "strutture_dati.Cammino", "nome": "t3a", "nodo_iniziale": {"py/id": 456}, "nodo_finale": {"py/object": "strutture_dati.Nodo", "stati_FA": ["10", "21", "31"], "lista_link": [{"py/object": "strutture_dati.Link", "nome": "L1", "FA_i": "C2", "FA_f": "C1", "buffer": ""}, {"py/object": "strutture_dati.Link", "nome": "L2", "FA_i": "C2", "FA_f": "C3", "buffer": ""}, {"py/object": "strutture_dati.Link", "nome": "L3", "FA_i": "C3", "FA_f": "C1", "buffer": "e2"}], "nome": "10:21:31|::e2", "id": 30, "final": false, "indice_oss": 1}, "oss": "\u03b5", "ril": "\u03b5", "chiusura_iniziale": null, "chiusura_finale": null, "nodo_accettazione_raggiunto": null, "etichetta_diagnosi": "\u03b5"}, {"py/object": "strutture_dati.Cammino", "nome": "t1c", "nodo_iniziale": {"py/id": 463}, "nodo_finale": {"py/object": "strutture_dati.Nodo", "stati_FA": ["11", "21", "31"], "lista_link": [{"py/object": "strutture_dati.Link", "nome": "L1", "FA_i": "C2", "FA_f": "C1", "buffer": ""}, {"py/object": "strutture_dati.Link", "nome": "L2", "FA_i": "C2", "FA_f": "C3", "buffer": ""}, {"py/object": "strutture_dati.Link", "nome": "L3", "FA_i": "C3", "FA_f": "C1", "buffer": ""}], "nome": "11:21:31|::", "id": 28, "final": true, "indice_oss": 1}, "oss": "\u03b5", "ril": "f1", "chiusura_iniziale": null, "chiusura_finale": null, "nodo_accettazione_raggiunto": null, "etichetta_diagnosi": "\u03b5"}, {"py/object": "strutture_dati.Cammino", "nome": "t3a", "nodo_iniziale": {"py/id": 484}, "nodo_finale": {"py/object": "strutture_dati.Nodo", "stati_FA": ["11", "21", "31"], "lista_link": [{"py/object": "strutture_dati.Link", "nome": "L1", "FA_i": "C2", "FA_f": "C1", "buffer": ""}, {"py/object": "strutture_dati.Link", "nome": "L2", "FA_i": "C2", "FA_f": "C3", "buffer": ""}, {"py/object": "strutture_dati.Link", "nome": "L3", "FA_i": "C3", "FA_f": "C1", "buffer": "e2"}], "nome": "11:21:31|::e2", "id": 20, "final": false, "indice_oss": 1}, "oss": "\u03b5", "ril": "\u03b5", "chiusura_iniziale": null, "chiusura_finale": null, "nodo_accettazione_raggiunto": null, "etichetta_diagnosi": "\u03b5"}, {"py/object": "strutture_dati.Cammino", "nome": "t3a", "nodo_iniziale": {"py/id": 498}, "nodo_finale": {"py/object": "strutture_dati.Nodo", "stati_FA": ["11", "21", "31"], "lista_link": [{"py/object": "strutture_dati.Link", "nome": "L1", "FA_i": "C2", "FA_f": "C1", "buffer": "e1"}, {"py/object": "strutture_dati.Link", "nome": "L2", "FA_i": "C2", "FA_f": "C3", "buffer": ""}, {"py/object": "strutture_dati.Link", "nome": "L3", "FA_i": "C3", "FA_f": "C1", "buffer": "e2"}], "nome": "11:21:31|e1::e2", "id": 16, "final": false, "indice_oss": 1}, "oss": "\u03b5", "ril": "\u03b5", "chiusura_iniziale": null, "chiusura_finale": null, "nodo_accettazione_raggiunto": null, "etichetta_diagnosi": "\u03b5"}, {"py/object": "strutture_dati.Cammino", "nome": "t1c", "nodo_iniziale": {"py/id": 540}, "nodo_finale": {"py/object": "strutture_dati.Nodo", "stati_FA": ["11", "21", "31"], "lista_link": [{"py/object": "strutture_dati.Link", "nome": "L1", "FA_i": "C2", "FA_f": "C1", "buffer": ""}, {"py/object": "strutture_dati.Link", "nome": "L2", "FA_i": "C2", "FA_f": "C3", "buffer": ""}, {"py/object": "strutture_dati.Link", "nome": "L3", "FA_i": "C3", "FA_f": "C1", "buffer": "e2"}], "nome": "11:21:31|::e2", "id": 20, "final": false, "indice_oss": 1}, "oss": "\u03b5", "ril": "f1", "chiusura_iniziale": null, "chiusura_finale": null, "nodo_accettazione_raggiunto": null, "etichetta_diagnosi": "\u03b5"}], "nome_rete": "Rete 2", "osservazione": "o1"}