{"py/object": "strutture_dati.SpazioComportamentaleOss", "nodo_iniziale": {"py/object": "strutture_dati.Nodo", "stati_FA": ["10", "20", "30"], "lista_link": [{"py/object": "strutture_dati.Link", "nome": "L1", "FA_i": "C2", "FA_f": "C1", "buffer": ""}, {"py/object": "strutture_dati.Link", "nome": "L2", "FA_i": "C2", "FA_f": "C3", "buffer": ""}, {"py/object": "strutture_dati.Link", "nome": "L3", "FA_i": "C3", "FA_f": "C1", "buffer": ""}], "nome": "10:20:30|::", "id": 1, "final": false, "indice_oss": 0}, "lista_nodi": [{"py/object": "strutture_dati.Nodo", "stati_FA": ["10", "20", "30"], "lista_link": [{"py/object": "strutture_dati.Link", "nome": "L1", "FA_i": "C2", "FA_f": "C1", "buffer": ""}, {"py/object": "strutture_dati.Link", "nome": "L2", "FA_i": "C2", "FA_f": "C3", "buffer": ""}, {"py/object": "strutture_dati.Link", "nome": "L3", "FA_i": "C3", "FA_f": "C1", "buffer": ""}], "nome": "10:20:30|::", "id": 1, "final": false, "indice_oss": 0}, {"py/object": "strutture_dati.Nodo", "stati_FA": ["11", "20", "30"], "lista_link": [{"py/object": "strutture_dati.Link", "nome": "L1", "FA_i": "C2", "FA_f": "C1", "buffer": ""}, {"py/object": "strutture_dati.Link", "nome": "L2", "FA_i": "C2", "FA_f": "C3", "buffer": ""}, {"py/object": "strutture_dati.Link", "nome": "L3", "FA_i": "C3", "FA_f": "C1", "buffer": ""}], "nome": "11:20:30|::", "id": 2, "final": false, "indice_oss": 0}, {"py/object": "strutture_dati.Nodo", "stati_FA": ["10", "21", "30"], "lista_link": [{"py/object": "strutture_dati.Link", "nome": "L1", "FA_i": "C2", "FA_f": "C1", "buffer": "e1"}, {"py/object": "strutture_dati.Link", "nome": "L2", "FA_i": "C2", "FA_f": "C3", "buffer": "e3"}, {"py/object": "strutture_dati.Link", "nome": "L3", "FA_i": "C3", "FA_f": "C1", "buffer": ""}], "nome": "10:21:30|e1:e3:", "id": 3, "final": false, "indice_oss": 1}, {"py/object": "strutture_dati.Nodo", "stati_FA": ["10", "20", "31"], "lista_link": [{"py/object": "strutture_dati.Link", "nome": "L1", "FA_i": "C2", "FA_f": "C1", "buffer": ""}, {"py/object": "strutture_dati.Link", "nome": "L2", "FA_i": "C2", "FA_f": "C3", "buffer": ""}, {"py/object": "strutture_dati.Link", "nome": "L3", "FA_i": "C3", "FA_f": "C1", "buffer": "e2"}], "nome": "10:20:31|::e2", "id": 4, "final": false, "indice_oss": 0}, {"py/object": "strutture_dati.Nodo", "stati_FA": ["11", "21", "30"], "lista_link": [{"py/object": "strutture_dati.Link", "nome": "L1", "FA_i": "C2", "FA_f": "C1", "buffer": "e1"}, {"py/object": "strutture_dati.Link", "nome": "L2", "FA_i": "C2", "FA_f": "C3", "buffer": "e3"}, {"py/object": "strutture_dati.Link", "nome": "L3", "FA_i": "C3", "FA_f": "C1", "buffer": ""}], "nome": "11:21:30|e1:e3:", "id": 5, "final": false, "indice_oss": 1}, {"py/object": "strutture_dati.Nodo", "stati_FA": ["11", "20", "31"], "lista_link": [{"py/object": "strutture_dati.Link", "nome": "L1", "FA_i": "C2", "FA_f": "C1", "buffer": ""}, {"py/object": "strutture_dati.Link", "nome": "L2", "FA_i": "C2", "FA_f": "C3", "buffer": ""}, {"py/object": "strutture_dati.Link", "nome": "L3", "FA_i": "C3", "FA_f": "C1", "buffer": "e2"}], "nome": "11:20:31|::e2", "id": 6, "final": false, "indice_oss": 0}, {"py/object": "strutture_dati.Nodo", "stati_FA": ["11", "21", "30"], "lista_link": [{"py/object": "strutture_dati.Link", "nome": "L1", "FA_i": "C2", "FA_f": "C1", "buffer": ""}, {"py/object": "strutture_dati.Link", "nome": "L2", "FA_i": "C2", "FA_f": "C3", "buffer": "e3"}, {"py/object": "strutture_dati.Link", "nome": "L3", "FA_i": "C3", "FA_f": "C1", "buffer": ""}], "nome": "11:21:30|:e3:", "id": 7, "final": false, "indice_oss": 1}, {"py/object": "strutture_dati.Nodo", "stati_FA": ["10", "21", "31"], "lista_link": [{"py/object": "strutture_dati.Link", "nome": "L1", "FA_i": "C2", "FA_f": "C1", "buffer": "e1"}, {"py/object": "strutture_dati.Link", "nome": "L2", "FA_i": "C2", "FA_f": "C3", "buffer": "e3"}, {"py/object": "strutture_dati.Link", "nome": "L3", "FA_i": "C3", "FA_f": "C1", "buffer": "e2"}], "nome": "10:21:31|e1:e3:e2", "id": 8, "final": false, "indice_oss": 1}, {"py/object": "strutture_dati.Nodo", "stati_FA": ["11", "21", "31"], "lista_link": [{"py/object": "strutture_dati.Link", "nome": "L1", "FA_i": "C2", "FA_f": "C1", "buffer": "e1"}, {"py/object": "strutture_dati.Link", "nome": "L2", "FA_i": "C2", "FA_f": "C3", "buffer": "e3"}, {"py/object": "strutture_dati.Link", "nome": "L3", "FA_i": "C3", "FA_f": "C1", "buffer": "e2"}], "nome": "11:21:31|e1:e3:e2", "id": 9, "final": false, "indice_oss": 1}, {"py/object": "strutture_dati.Nodo", "stati_FA": ["10", "20", "31"], "lista_link": [{"py/object": "strutture_dati.Link", "nome": "L1", "FA_i": "C2", "FA_f": "C1", "buffer": ""}, {"py/object": "strutture_dati.Link", "nome": "L2", "FA_i": "C2", "FA_f": "C3", "buffer": ""}, {"py/object": "strutture_dati.Link", "nome": "L3", "FA_i": "C3", "FA_f": "C1", "buffer": ""}], "nome": "10:20:31|::", "id": 10, "final": false, "indice_oss": 0}, {"py/object": "strutture_dati.Nodo", "stati_FA": ["11", "20", "30"], "lista_link": [{"py/object": "strutture_dati.Link", "nome": "L1", "FA_i": "C2", "FA_f": "C1", "buffer": "e1"}, {"py/object": "strutture_dati.Link", "nome": "L2", "FA_i": "C2", "FA_f": "C3", "buffer": "e3"}, {"py/object": "strutture_dati.Link", "nome": "L3", "FA_i": "C3", "FA_f": "C1", "buffer": ""}], "nome": "11:20:30|e1:e3:", "id": 11, "final": false, "indice_oss": 2}, {"py/object": "strutture_dati.Nodo", "stati_FA": ["11", "21", "31"], "lista_link": [{"py/object": "strutture_dati.Link", "nome": "L1", "FA_i": "C2", "FA_f": "C1", "buffer": ""}, {"py/object": "strutture_dati.Link", "nome": "L2", "FA_i": "C2", "FA_f": "C3", "buffer": "e3"}, {"py/object": "strutture_dati.Link", "nome": "L3", "FA_i": "C3", "FA_f": "C1", "buffer": "e2"}], "nome": "11:21:31|:e3:e2", "id": 12, "final": false, "indice_oss": 1}, {"py/object": "strutture_dati.Nodo", "stati_FA": ["10", "21", "30"], "lista_link": [{"py/object": "strutture_dati.Link", "nome": "L1", "FA_i": "C2", "FA_f": "C1", "buffer": "e1"}, {"py/object": "strutture_dati.Link", "nome": "L2", "FA_i": "C2", "FA_f": "C3", "buffer": ""}, {"py/object": "strutture_dati.Link", "nome": "L3", "FA_i": "C3", "FA_f": "C1", "buffer": "e2"}], "nome": "10:21:30|e1::e2", "id": 13, "final": false, "indice_oss": 1}, {"py/object": "strutture_dati.Nodo", "stati_FA": ["10", "21", "31"], "lista_link": [{"py/object": "strutture_dati.Link", "nome": "L1", "FA_i": "C2", "FA_f": "C1", "buffer": "e1"}, {"py/object": "strutture_dati.Link", "nome": "L2", "FA_i": "C2", "FA_f": "C3", "buffer": ""}, {"py/object": "strutture_dati.Link", "nome": "L3", "FA_i": "C3", "FA_f": "C1", "buffer": "e2"}], "nome": "10:21:31|e1::e2", "id": 14, "final": false, "indice_oss": 1}, {"py/object": "strutture_dati.Nodo", "stati_FA": ["10", "21", "31"], "lista_link": [{"py/object": "strutture_dati.Link", "nome": "L1", "FA_i": "C2", "FA_f": "C1", "buffer": "e1"}, {"py/object": "strutture_dati.Link", "nome": "L2", "FA_i": "C2", "FA_f": "C3", "buffer": "e3"}, {"py/object": "strutture_dati.Link", "nome": "L3", "FA_i": "C3", "FA_f": "C1", "buffer": ""}], "nome": "10:21:31|e1:e3:", "id": 15, "final": false, "indice_oss": 1}, {"py/object": "strutture_dati.Nodo", "stati_FA": ["11", "21", "30"], "lista_link": [{"py/object": "strutture_dati.Link", "nome": "L1", "FA_i": "C2", "FA_f": "C1", "buffer": "e1"}, {"py/object": "strutture_dati.Link", "nome": "L2", "FA_i": "C2", "FA_f": "C3", "buffer": ""}, {"py/object": "strutture_dati.Link", "nome": "L3", "FA_i": "C3", "FA_f": "C1", "buffer": "e2"}], "nome": "11:21:30|e1::e2", "id": 16, "final": false, "indice_oss": 1}, {"py/object": "strutture_dati.Nodo", "stati_FA": ["11", "20", "31"], "lista_link": [{"py/object": "strutture_dati.Link", "nome": "L1", "FA_i": "C2", "FA_f": "C1", "buffer": "e1"}, {"py/object": "strutture_dati.Link", "nome": "L2", "FA_i": "C2", "FA_f": "C3", "buffer": "e3"}, {"py/object": "strutture_dati.Link", "nome": "L3", "FA_i": "C3", "FA_f": "C1", "buffer": "e2"}], "nome": "11:20:31|e1:e3:e2", "id": 17, "final": false, "indice_oss": 2}, {"py/object": "strutture_dati.Nodo", "stati_FA": ["10", "21", "31"], "lista_link": [{"py/object": "strutture_dati.Link", "nome": "L1", "FA_i": "C2", "FA_f": "C1", "buffer": ""}, {"py/object": "strutture_dati.Link", "nome": "L2", "FA_i": "C2", "FA_f": "C3", "buffer": "e3"}, {"py/object": "strutture_dati.Link", "nome": "L3", "FA_i": "C3", "FA_f": "C1", "buffer": ""}], "nome": "10:21:31|:e3:", "id": 18, "final": false, "indice_oss": 1}, {"py/object": "strutture_dati.Nodo", "stati_FA": ["11", "21", "30"], "lista_link": [{"py/object": "strutture_dati.Link", "nome": "L1", "FA_i": "C2", "FA_f": "C1", "buffer": ""}, {"py/object": "strutture_dati.Link", "nome": "L2", "FA_i": "C2", "FA_f": "C3", "buffer": ""}, {"py/object": "strutture_dati.Link", "nome": "L3", "FA_i": "C3", "FA_f": "C1", "buffer": "e2"}], "nome": "11:21:30|::e2", "id": 19, "final": false, "indice_oss": 1}, {"py/object": "strutture_dati.Nodo", "stati_FA": ["11", "21", "31"], "lista_link": [{"py/object": "strutture_dati.Link", "nome": "L1", "FA_i": "C2", "FA_f": "C1", "buffer": ""}, {"py/object": "strutture_dati.Link", "nome": "L2", "FA_i": "C2", "FA_f": "C3", "buffer": ""}, {"py/object": "strutture_dati.Link", "nome": "L3", "FA_i": "C3", "FA_f": "C1", "buffer": "e2"}], "nome": "11:21:31|::e2", "id": 20, "final": false, "indice_oss": 1}, {"py/object": "strutture_dati.Nodo", "stati_FA": ["11", "21", "31"], "lista_link": [{"py/object": "strutture_dati.Link", "nome": "L1", "FA_i": "C2", "FA_f": "C1", "buffer": ""}, {"py/object": "strutture_dati.Link", "nome": "L2", "FA_i": "C2", "FA_f": "C3", "buffer": "e3"}, {"py/object": "strutture_dati.Link", "nome": "L3", "FA_i": "C3", "FA_f": "C1", "buffer": ""}], "nome": "11:21:31|:e3:", "id": 21, "final": false, "indice_oss": 1}, {"py/object": "strutture_dati.Nodo", "stati_FA": ["10", "21", "30"], "lista_link": [{"py/object": "strutture_dati.Link", "nome": "L1", "FA_i": "C2", "FA_f": "C1", "buffer": "e1"}, {"py/object": "strutture_dati.Link", "nome": "L2", "FA_i": "C2", "FA_f": "C3", "buffer": ""}, {"py/object": "strutture_dati.Link", "nome": "L3", "FA_i": "C3", "FA_f": "C1", "buffer": ""}], "nome": "10:21:30|e1::", "id": 22, "final": false, "indice_oss": 1}, {"py/object": "strutture_dati.Nodo", "stati_FA": ["10", "20", "31"], "lista_link": [{"py/object": "strutture_dati.Link", "nome": "L1", "FA_i": "C2", "FA_f": "C1", "buffer": "e1"}, {"py/object": "strutture_dati.Link", "nome": "L2", "FA_i": "C2", "FA_f": "C3", "buffer": "e3"}, {"py/object": "strutture_dati.Link", "nome": "L3", "FA_i": "C3", "FA_f": "C1", "buffer": ""}], "nome": "10:20:31|e1:e3:", "id": 23, "final": false, "indice_oss": 2}, {"py/object": "strutture_dati.Nodo", "stati_FA": ["11", "20", "30"], "lista_link": [{"py/object": "strutture_dati.Link", "nome": "L1", "FA_i": "C2", "FA_f": "C1", "buffer": "e1"}, {"py/object": "strutture_dati.Link", "nome": "L2", "FA_i": "C2", "FA_f": "C3", "buffer": ""}, {"py/object": "strutture_dati.Link", "nome": "L3", "FA_i": "C3", "FA_f": "C1", "buffer": "e2"}], "nome": "11:20:30|e1::e2", "id": 24, "final": false, "indice_oss": 2}, {"py/object": "strutture_dati.Nodo", "stati_FA": ["11", "20", "31"], "lista_link": [{"py/object": "strutture_dati.Link", "nome": "L1", "FA_i": "C2", "FA_f": "C1", "buffer": "e1"}, {"py/object": "strutture_dati.Link", "nome": "L2", "FA_i": "C2", "FA_f": "C3", "buffer": ""}, {"py/object": "strutture_dati.Link", "nome": "L3", "FA_i": "C3", "FA_f": "C1", "buffer": "e2"}], "nome": "11:20:31|e1::e2", "id": 25, "final": false, "indice_oss": 2}, {"py/object": "strutture_dati.Nodo", "stati_FA": ["10", "21", "30"], "lista_link": [{"py/object": "strutture_dati.Link", "nome": "L1", "FA_i": "C2", "FA_f": "C1", "buffer": ""}, {"py/object": "strutture_dati.Link", "nome": "L2", "FA_i": "C2", "FA_f": "C3", "buffer": ""}, {"py/object": "strutture_dati.Link", "nome": "L3", "FA_i": "C3", "FA_f": "C1", "buffer": ""}], "nome": "10:21:30|::", "id": 26, "final": false, "indice_oss": 1}, {"py/object": "strutture_dati.Nodo", "stati_FA": ["10", "21", "31"], "lista_link": [{"py/object": "strutture_dati.Link", "nome": "L1", "FA_i": "C2", "FA_f": "C1", "buffer": ""}, {"py/object": "strutture_dati.Link", "nome": "L2", "FA_i": "C2", "FA_f": "C3", "buffer": ""}, {"py/object": "strutture_dati.Link", "nome": "L3", "FA_i": "C3", "FA_f": "C1", "buffer": ""}], "nome": "10:21:31|::", "id": 27, "final": false, "indice_oss": 1}, {"py/object": "strutture_dati.Nodo", "stati_FA": ["11", "20", "31"], "lista_link": [{"py/object": "strutture_dati.Link", "nome": "L1", "FA_i": "C2", "FA_f": "C1", "buffer": "e1"}, {"py/object": "strutture_dati.Link", "nome": "L2", "FA_i": "C2", "FA_f": "C3", "buffer": "e3"}, {"py/object": "strutture_dati.Link", "nome": "L3", "FA_i": "C3", "FA_f": "C1", "buffer": ""}], "nome": "11:20:31|e1:e3:", "id": 28, "final": false, "indice_oss": 2}, {"py/object": "strutture_dati.Nodo", "stati_FA": ["11", "21", "30"], "lista_link": [{"py/object": "strutture_dati.Link", "nome": "L1", "FA_i": "C2", "FA_f": "C1", "buffer": ""}, {"py/object": "strutture_dati.Link", "nome": "L2", "FA_i": "C2", "FA_f": "C3", "buffer": ""}, {"py/object": "strutture_dati.Link", "nome": "L3", "FA_i": "C3", "FA_f": "C1", "buffer": ""}], "nome": "11:21:30|::", "id": 29, "final": false, "indice_oss": 1}, {"py/object": "strutture_dati.Nodo", "stati_FA": ["11", "20", "31"], "lista_link": [{"py/object": "strutture_dati.Link", "nome": "L1", "FA_i": "C2", "FA_f": "C1", "buffer": ""}, {"py/object": "strutture_dati.Link", "nome": "L2", "FA_i": "C2", "FA_f": "C3", "buffer": "e3"}, {"py/object": "strutture_dati.Link", "nome": "L3", "FA_i": "C3", "FA_f": "C1", "buffer": ""}], "nome": "11:20:31|:e3:", "id": 30, "final": false, "indice_oss": 2}, {"py/object": "strutture_dati.Nodo", "stati_FA": ["10", "20", "30"], "lista_link": [{"py/object": "strutture_dati.Link", "nome": "L1", "FA_i": "C2", "FA_f": "C1", "buffer": "e1"}, {"py/object": "strutture_dati.Link", "nome": "L2", "FA_i": "C2", "FA_f": "C3", "buffer": ""}, {"py/object": "strutture_dati.Link", "nome": "L3", "FA_i": "C3", "FA_f": "C1", "buffer": ""}], "nome": "10:20:30|e1::", "id": 31, "final": false, "indice_oss": 2}, {"py/object": "strutture_dati.Nodo", "stati_FA": ["10", "20", "31"], "lista_link": [{"py/object": "strutture_dati.Link", "nome": "L1", "FA_i": "C2", "FA_f": "C1", "buffer": "e1"}, {"py/object": "strutture_dati.Link", "nome": "L2", "FA_i": "C2", "FA_f": "C3", "buffer": ""}, {"py/object": "strutture_dati.Link", "nome": "L3", "FA_i": "C3", "FA_f": "C1", "buffer": ""}], "nome": "10:20:31|e1::", "id": 32, "final": false, "indice_oss": 2}, {"py/object": "strutture_dati.Nodo", "stati_FA": ["10", "21", "31"], "lista_link": [{"py/object": "strutture_dati.Link", "nome": "L1", "FA_i": "C2", "FA_f": "C1", "buffer": ""}, {"py/object": "strutture_dati.Link", "nome": "L2", "FA_i": "C2", "FA_f": "C3", "buffer": ""}, {"py/object": "strutture_dati.Link", "nome": "L3", "FA_i": "C3", "FA_f": "C1", "buffer": "e2"}], "nome": "10:21:31|::e2", "id": 33, "final": false, "indice_oss": 1}, {"py/object": "strutture_dati.Nodo", "stati_FA": ["11", "20", "30"], "lista_link": [{"py/object": "strutture_dati.Link", "nome": "L1", "FA_i": "C2", "FA_f": "C1", "buffer": "e1"}, {"py/object": "strutture_dati.Link", "nome": "L2", "FA_i": "C2", "FA_f": "C3", "buffer": ""}, {"py/object": "strutture_dati.Link", "nome": "L3", "FA_i": "C3", "FA_f": "C1", "buffer": ""}], "nome": "11:20:30|e1::", "id": 34, "final": false, "indice_oss": 2}, {"py/object": "strutture_dati.Nodo", "stati_FA": ["11", "20", "30"], "lista_link": [{"py/object": "strutture_dati.Link", "nome": "L1", "FA_i": "C2", "FA_f": "C1", "buffer": ""}, {"py/object": "strutture_dati.Link", "nome": "L2", "FA_i": "C2", "FA_f": "C3", "buffer": ""}, {"py/object": "strutture_dati.Link", "nome": "L3", "FA_i": "C3", "FA_f": "C1", "buffer": ""}], "nome": "11:20:30|::", "id": 35, "final": true, "indice_oss": 2}, {"py/object": "strutture_dati.Nodo", "stati_FA": ["11", "20", "31"], "lista_link": [{"py/object": "strutture_dati.Link", "nome": "L1", "FA_i": "C2", "FA_f": "C1", "buffer": ""}, {"py/object": "strutture_dati.Link", "nome": "L2", "FA_i": "C2", "FA_f": "C3", "buffer": ""}, {"py/object": "strutture_dati.Link", "nome": "L3", "FA_i": "C3", "FA_f": "C1", "buffer": ""}], "nome": "11:20:31|::", "id": 36, "final": true, "indice_oss": 2}, {"py/object": "strutture_dati.Nodo", "stati_FA": ["10", "20", "31"], "lista_link": [{"py/object": "strutture_dati.Link", "nome": "L1", "FA_i": "C2", "FA_f": "C1", "buffer": "e1"}, {"py/object": "strutture_dati.Link", "nome": "L2", "FA_i": "C2", "FA_f": "C3", "buffer": ""}, {"py/object": "strutture_dati.Link", "nome": "L3", "FA_i": "C3", "FA_f": "C1", "buffer": "e2"}], "nome": "10:20:31|e1::e2", "id": 37, "final": false, "indice_oss": 2}, {"py/object": "strutture_dati.Nodo", "stati_FA": ["11", "20", "31"], "lista_link": [{"py/object": "strutture_dati.Link", "nome": "L1", "FA_i": "C2", "FA_f": "C1", "buffer": ""}, {"py/object": "strutture_dati.Link", "nome": "L2", "FA_i": "C2", "FA_f": "C3", "buffer": ""}, {"py/object": "strutture_dati.Link", "nome": "L3", "FA_i": "C3", "FA_f": "C1", "buffer": "e2"}], "nome": "11:20:31|::e2", "id": 38, "final": false, "indice_oss": 2}, {"py/object": "strutture_dati.Nodo", "stati_FA": ["10", "20", "31"], "lista_link": [{"py/object": "strutture_dati.Link", "nome": "L1", "FA_i": "C2", "FA_f": "C1", "buffer": ""}, {"py/object": "strutture_dati.Link", "nome": "L2", "FA_i": "C2", "FA_f": "C3", "buffer": ""}, {"py/object": "strutture_dati.Link", "nome": "L3", "FA_i": "C3", "FA_f": "C1", "buffer": ""}], "nome": "10:20:31|::", "id": 39, "final": true, "indice_oss": 2}], "lista_cammini": [{"py/object": "strutture_dati.Cammino", "nome": "t1c", "nodo_iniziale": {"py/id": 1}, "nodo_finale": {"py/object": "strutture_dati.Nodo", "stati_FA": ["11", "20", "30"], "lista_link": [{"py/object": "strutture_dati.Link", "nome": "L1", "FA_i": "C2", "FA_f": "C1", "buffer": ""}, {"py/object": "strutture_dati.Link", "nome": "L2", "FA_i": "C2", "FA_f": "C3", "buffer": ""}, {"py/object": "strutture_dati.Link", "nome": "L3", "FA_i": "C3", "FA_f": "C1", "buffer": ""}], "nome": "11:20:30|::", "id": 2, "final": false, "indice_oss": 0}, "oss": "\u03b5", "ril": "f1", "chiusura_iniziale": null, "chiusura_finale": null, "nodo_accettazione_raggiunto": null, "etichetta_diagnosi": "\u03b5"}, {"py/object": "strutture_dati.Cammino", "nome": "t2a", "nodo_iniziale": {"py/id": 1}, "nodo_finale": {"py/object": "strutture_dati.Nodo", "stati_FA": ["10", "21", "30"], "lista_link": [{"py/object": "strutture_dati.Link", "nome": "L1", "FA_i": "C2", "FA_f": "C1", "buffer": "e1"}, {"py/object": "strutture_dati.Link", "nome": "L2", "FA_i": "C2", "FA_f": "C3", "buffer": "e3"}, {"py/object": "strutture_dati.Link", "nome": "L3", "FA_i": "C3", "FA_f": "C1", "buffer": ""}], "nome": "10:21:30|e1:e3:", "id": 3, "final": false, "indice_oss": 1}, "oss": "o1", "ril": "\u03b5", "chiusura_iniziale": null, "chiusura_finale": null, "nodo_accettazione_raggiunto": null, "etichetta_diagnosi": "\u03b5"}, {"py/object": "strutture_dati.Cammino", "nome": "t3a", "nodo_iniziale": {"py/id": 1}, "nodo_finale": {"py/object": "strutture_dati.Nodo", "stati_FA": ["10", "20", "31"], "lista_link": [{"py/object": "strutture_dati.Link", "nome": "L1", "FA_i": "C2", "FA_f": "C1", "buffer": ""}, {"py/object": "strutture_dati.Link", "nome": "L2", "FA_i": "C2", "FA_f": "C3", "buffer": ""}, {"py/object": "strutture_dati.Link", "nome": "L3", "FA_i": "C3", "FA_f": "C1", "buffer": "e2"}], "nome": "10:20:31|::e2", "id": 4, "final": false, "indice_oss": 0}, "oss": "\u03b5", "ril": "\u03b5", "chiusura_iniziale": null, "chiusura_finale": null, "nodo_accettazione_raggiunto": null, "etichetta_diagnosi": "\u03b5"}, {"py/object": "strutture_dati.Cammino", "nome": "t2a", "nodo_iniziale": {"py/id": 244}, "nodo_finale": {"py/object": "strutture_dati.Nodo", "stati_FA": ["11", "21", "30"], "lista_link": [{"py/object": "strutture_dati.Link", "nome": "L1", "FA_i": "C2", "FA_f": "C1", "buffer": "e1"}, {"py/object": "strutture_dati.Link", "nome": "L2", "FA_i": "C2", "FA_f": "C3", "buffer": "e3"}, {"py/object": "strutture_dati.Link", "nome": "L3", "FA_i": "C3", "FA_f": "C1", "buffer": ""}], "nome": "11:21:30|e1:e3:", "id": 5, "final": false, "indice_oss": 1}, "oss": "o1", "ril": "\u03b5", "chiusura_iniziale": null, "chiusura_finale": null, "nodo_accettazione_raggiunto": null, "etichetta_diagnosi": "\u03b5"}, {"py/object": "strutture_dati.Cammino", "nome": "t3a", "nodo_iniziale": {"py/id": 244}, "nodo_finale": {"py/object": "strutture_dati.Nodo", "stati_FA": ["11", "20", "31"], "lista_link": [{"py/object": "strutture_dati.Link", "nome": "L1", "FA_i": "C2", "FA_f": "C1", "buffer": ""}, {"py/object": "strutture_dati.Link", "nome": "L2", "FA_i": "C2", "FA_f": "C3", "buffer": ""}, {"py/object": "strutture_dati.Link", "nome": "L3", "FA_i": "C3", "FA_f": "C1", "buffer": "e2"}], "nome": "11:20:31|::e2", "id": 6, "final": false, "indice_oss": 0}, "oss": "\u03b5", "ril": "\u03b5", "chiusura_iniziale": null, "chiusura_finale": null, "nodo_accettazione_raggiunto": null, "etichetta_diagnosi": "\u03b5"}, {"py/object": "strutture_dati.Cammino", "nome": "t1a", "nodo_iniziale": {"py/id": 251}, "nodo_finale": {"py/object": "strutture_dati.Nodo", "stati_FA": ["11", "21", "30"], "lista_link": [{"py/object": "strutture_dati.Link", "nome": "L1", "FA_i": "C2", "FA_f": "C1", "buffer": ""}, {"py/object": "strutture_dati.Link", "nome": "L2", "FA_i": "C2", "FA_f": "C3", "buffer": "e3"}, {"py/object": "strutture_dati.Link", "nome": "L3", "FA_i": "C3", "FA_f": "C1", "buffer": ""}], "nome": "11:21:30|:e3:", "id": 7, "final": false, "indice_oss": 1}, "oss": "\u03b5", "ril": "\u03b5", "chiusura_iniziale": null, "chiusura_finale": null, "nodo_accettazione_raggiunto": null, "etichetta_diagnosi": "\u03b5"}, {"py/object": "strutture_dati.Cammino", "nome": "t1c", "nodo_iniziale": {"py/id": 251}, "nodo_finale": {"py/object": "strutture_dati.Nodo", "stati_FA": ["11", "21", "30"], "lista_link": [{"py/object": "strutture_dati.Link", "nome": "L1", "FA_i": "C2", "FA_f": "C1", "buffer": "e1"}, {"py/object": "strutture_dati.Link", "nome": "L2", "FA_i": "C2", "FA_f": "C3", "buffer": "e3"}, {"py/object": "strutture_dati.Link", "nome": "L3", "FA_i": "C3", "FA_f": "C1", "buffer": ""}], "nome": "11:21:30|e1:e3:", "id": 5, "final": false, "indice_oss": 1}, "oss": "\u03b5", "ril": "f1", "chiusura_iniziale": null, "chiusura_finale": null, "nodo_accettazione_raggiunto": null, "etichetta_diagnosi": "\u03b5"}, {"py/object": "strutture_dati.Cammino", "nome": "t3a", "nodo_iniziale": {"py/id": 251}, "nodo_finale": {"py/object": "strutture_dati.Nodo", "stati_FA": ["10", "21", "31"], "lista_link": [{"py/object": "strutture_dati.Link", "nome": "L1", "FA_i": "C2", "FA_f": "C1", "buffer": "e1"}, {"py/object": "strutture_dati.Link", "nome": "L2", "FA_i": "C2", "FA_f": "C3", "buffer": "e3"}, {"py/object": "strutture_dati.Link", "nome": "L3", "FA_i": "C3", "FA_f": "C1", "buffer": "e2"}], "nome": "10:21:31|e1:e3:e2", "id": 8, "final": false, "indice_oss": 1}, "oss": "\u03b5", "ril": "\u03b5", "chiusura_iniziale": null, "chiusura_finale": null, "nodo_accettazione_raggiunto": null, "etichetta_diagnosi": "\u03b5"}, {"py/object": "strutture_dati.Cammino", "nome": "t1c", "nodo_iniziale": {"py/id": 258}, "nodo_finale": {"py/object": "strutture_dati.Nodo", "stati_FA": ["11", "20", "31"], "lista_link": [{"py/object": "strutture_dati.Link", "nome": "L1", "FA_i": "C2", "FA_f": "C1", "buffer": ""}, {"py/object": "strutture_dati.Link", "nome": "L2", "FA_i": "C2", "FA_f": "C3", "buffer": ""}, {"py/object": "strutture_dati.Link", "nome": "L3", "FA_i": "C3", "FA_f": "C1", "buffer": "e2"}], "nome": "11:20:31|::e2", "id": 6, "final": false, "indice_oss": 0}, "oss": "\u03b5", "ril": "f1", "chiusura_iniziale": null, "chiusura_finale": null, "nodo_accettazione_raggiunto": null, "etichetta_diagnosi": "\u03b5"}, {"py/object": "strutture_dati.Cammino", "nome": "t2a", "nodo_iniziale": {"py/id": 258}, "nodo_finale": {"py/object": "strutture_dati.Nodo", "stati_FA": ["10", "21", "31"], "lista_link": [{"py/object": "strutture_dati.Link", "nome": "L1", "FA_i": "C2", "FA_f": "C1", "buffer": "e1"}, {"py/object": "strutture_dati.Link", "nome": "L2", "FA_i": "C2", "FA_f": "C3", "buffer": "e3"}, {"py/object": "strutture_dati.Link", "nome": "L3", "FA_i": "C3", "FA_f": "C1", "buffer": "e2"}], "nome": "10:21:31|e1:e3:e2", "id": 8, "final": false, "indice_oss": 1}, "oss": "o1", "ril": "\u03b5", "chiusura_iniziale": null, "chiusura_finale": null, "nodo_accettazione_raggiunto": null, "etichetta_diagnosi": "\u03b5"}, {"py/object": "strutture_dati.Cammino", "nome": "t3a", "nodo_iniziale": {"py/id": 265}, "nodo_finale": {"py/object": "strutture_dati.Nodo", "stati_FA": ["11", "21", "31"], "lista_link": [{"py/object": "strutture_dati.Link", "nome": "L1", "FA_i": "C2", "FA_f": "C1", "buffer": "e1"}, {"py/object": "strutture_dati.Link", "nome": "L2", "FA_i": "C2", "FA_f": "C3", "buffer": "e3"}, {"py/object": "strutture_dati.Link", "nome": "L3", "FA_i": "C3", "FA_f": "C1", "buffer": "e2"}], "nome": "11:21:31|e1:e3:e2", "id": 9, "final": false, "indice_oss": 1}, "oss": "\u03b5", "ril": "\u03b5", "chiusura_iniziale": null, "chiusura_finale": null, "nodo_accettazione_raggiunto": null, "etichetta_diagnosi": "\u03b5"}, {"py/object": "strutture_dati.Cammino", "nome": "t1b", "nodo_iniziale": {"py/id": 272}, "nodo_finale": {"py/object": "strutture_dati.Nodo", "stati_FA": ["10", "20", "31"], "lista_link": [{"py/object": "strutture_dati.Link", "nome": "L1", "FA_i": "C2", "FA_f": "C1", "buffer": ""}, {"py/object": "strutture_dati.Link", "nome": "L2", "FA_i": "C2", "FA_f": "C3", "buffer": ""}, {"py/object": "strutture_dati.Link", "nome": "L3", "FA_i": "C3", "FA_f": "C1", "buffer": ""}], "nome": "10:20:31|::", "id": 10, "final": false, "indice_oss": 0}, "oss": "\u03b5", "ril": "\u03b5", "chiusura_iniziale": null, "chiusura_finale": null, "nodo_accettazione_raggiunto": null, "etichetta_diagnosi": "\u03b5"}, {"py/object": "strutture_dati.Cammino", "nome": "t2a", "nodo_iniziale": {"py/id": 272}, "nodo_finale": {"py/object": "strutture_dati.Nodo", "stati_FA": ["11", "21", "31"], "lista_link": [{"py/object": "strutture_dati.Link", "nome": "L1", "FA_i": "C2", "FA_f": "C1", "buffer": "e1"}, {"py/object": "strutture_dati.Link", "nome": "L2", "FA_i": "C2", "FA_f": "C3", "buffer": "e3"}, {"py/object": "strutture_dati.Link", "nome": "L3", "FA_i": "C3", "FA_f": "C1", "buffer": "e2"}], "nome": "11:21:31|e1:e3:e2", "id": 9, "final": false, "indice_oss": 1}, "oss": "o1", "ril": "\u03b5", "chiusura_iniziale": null, "chiusura_finale": null, "nodo_accettazione_raggiunto": null, "etichetta_diagnosi": "\u03b5"}, {"py/object": "strutture_dati.Cammino", "nome": "t2b", "nodo_iniziale": {"py/id": 279}, "nodo_finale": {"py/object": "strutture_dati.Nodo", "stati_FA": ["11", "20", "30"], "lista_link": [{"py/object": "strutture_dati.Link", "nome": "L1", "FA_i": "C2", "FA_f": "C1", "buffer": "e1"}, {"py/object": "strutture_dati.Link", "nome": "L2", "FA_i": "C2", "FA_f": "C3", "buffer": "e3"}, {"py/object": "strutture_dati.Link", "nome": "L3", "FA_i": "C3", "FA_f": "C1", "buffer": ""}], "nome": "11:20:30|e1:e3:", "id": 11, "final": false, "indice_oss": 2}, "oss": "o2", "ril": "\u03b5", "chiusura_iniziale": null, "chiusura_finale": null, "nodo_accettazione_raggiunto": null, "etichetta_diagnosi": "\u03b5"}, {"py/object": "strutture_dati.Cammino", "nome": "t3a", "nodo_iniziale": {"py/id": 279}, "nodo_finale": {"py/object": "strutture_dati.Nodo", "stati_FA": ["11", "21", "31"], "lista_link": [{"py/object": "strutture_dati.Link", "nome": "L1", "FA_i": "C2", "FA_f": "C1", "buffer": ""}, {"py/object": "strutture_dati.Link", "nome": "L2", "FA_i": "C2", "FA_f": "C3", "buffer": "e3"}, {"py/object": "strutture_dati.Link", "nome": "L3", "FA_i": "C3", "FA_f": "C1", "buffer": "e2"}], "nome": "11:21:31|:e3:e2", "id": 12, "final": false, "indice_oss": 1}, "oss": "\u03b5", "ril": "\u03b5", "chiusura_iniziale": null, "chiusura_finale": null, "nodo_accettazione_raggiunto": null, "etichetta_diagnosi": "\u03b5"}, {"py/object": "strutture_dati.Cammino", "nome": "t1a", "nodo_iniziale": {"py/id": 293}, "nodo_finale": {"py/object": "strutture_dati.Nodo", "stati_FA": ["11", "21", "31"], "lista_link": [{"py/object": "strutture_dati.Link", "nome": "L1", "FA_i": "C2", "FA_f": "C1", "buffer": ""}, {"py/object": "strutture_dati.Link", "nome": "L2", "FA_i": "C2", "FA_f": "C3", "buffer": "e3"}, {"py/object": "strutture_dati.Link", "nome": "L3", "FA_i": "C3", "FA_f": "C1", "buffer": "e2"}], "nome": "11:21:31|:e3:e2", "id": 12, "final": false, "indice_oss": 1}, "oss": "\u03b5", "ril": "\u03b5", "chiusura_iniziale": null, "chiusura_finale": null, "nodo_accettazione_raggiunto": null, "etichetta_diagnosi": "\u03b5"}, {"py/object": "strutture_dati.Cammino", "nome": "t1c", "nodo_iniziale": {"py/id": 293}, "nodo_finale": {"py/object": "strutture_dati.Nodo", "stati_FA": ["11", "21", "31"], "lista_link": [{"py/object": "strutture_dati.Link", "nome": "L1", "FA_i": "C2", "FA_f": "C1", "buffer": "e1"}, {"py/object": "strutture_dati.Link", "nome": "L2", "FA_i": "C2", "FA_f": "C3", "buffer": "e3"}, {"py/object": "strutture_dati.Link", "nome": "L3", "FA_i": "C3", "FA_f": "C1", "buffer": "e2"}], "nome": "11:21:31|e1:e3:e2", "id": 9, "final": false, "indice_oss": 1}, "oss": "\u03b5", "ril": "f1", "chiusura_iniziale": null, "chiusura_finale": null, "nodo_accettazione_raggiunto": null, "etichetta_diagnosi": "\u03b5"}, {"py/object": "strutture_dati.Cammino", "nome": "t3b", "nodo_iniziale": {"py/id": 293}, "nodo_finale": {"py/object": "strutture_dati.Nodo", "stati_FA": ["10", "21", "30"], "lista_link": [{"py/object": "strutture_dati.Link", "nome": "L1", "FA_i": "C2", "FA_f": "C1", "buffer": "e1"}, {"py/object": "strutture_dati.Link", "nome": "L2", "FA_i": "C2", "FA_f": "C3", "buffer": ""}, {"py/object": "strutture_dati.Link", "nome": "L3", "FA_i": "C3", "FA_f": "C1", "buffer": "e2"}], "nome": "10:21:30|e1::e2", "id": 13, "final": false, "indice_oss": 1}, "oss": "\u03b5", "ril": "\u03b5", "chiusura_iniziale": null, "chiusura_finale": null, "nodo_accettazione_raggiunto": null, "etichetta_diagnosi": "\u03b5"}, {"py/object": "strutture_dati.Cammino", "nome": "t3c", "nodo_iniziale": {"py/id": 293}, "nodo_finale": {"py/object": "strutture_dati.Nodo", "stati_FA": ["10", "21", "31"], "lista_link": [{"py/object": "strutture_dati.Link", "nome": "L1", "FA_i": "C2", "FA_f": "C1", "buffer": "e1"}, {"py/object": "strutture_dati.Link", "nome": "L2", "FA_i": "C2", "FA_f": "C3", "buffer": ""}, {"py/object": "strutture_dati.Link", "nome": "L3", "FA_i": "C3", "FA_f": "C1", "buffer": "e2"}], "nome": "10:21:31|e1::e2", "id": 14, "final": false, "indice_oss": 1}, "oss": "\u03b5", "ril": "f3", "chiusura_iniziale": null, "chiusura_finale": null, "nodo_accettazione_raggiunto": null, "etichetta_diagnosi": "\u03b5"}, {"py/object": "strutture_dati.Cammino", "nome": "t1b", "nodo_iniziale": {"py/id": 314}, "nodo_finale": {"py/object": "strutture_dati.Nodo", "stati_FA": ["10", "21", "31"], "lista_link": [{"py/object": "strutture_dati.Link", "nome": "L1", "FA_i": "C2", "FA_f": "C1", "buffer": "e1"}, {"py/object": "strutture_dati.Link", "nome": "L2", "FA_i": "C2", "FA_f": "C3", "buffer": "e3"}, {"py/object": "strutture_dati.Link", "nome": "L3", "FA_i": "C3", "FA_f": "C1", "buffer": ""}], "nome": "10:21:31|e1:e3:", "id": 15, "final": false, "indice_oss": 1}, "oss": "\u03b5", "ril": "\u03b5", "chiusura_iniziale": null, "chiusura_finale": null, "nodo_accettazione_raggiunto": null, "etichetta_diagnosi": "\u03b5"}, {"py/object": "strutture_dati.Cammino", "nome": "t3b", "nodo_iniziale": {"py/id": 314}, "nodo_finale": {"py/object": "strutture_dati.Nodo", "stati_FA": ["11", "21", "30"], "lista_link": [{"py/object": "strutture_dati.Link", "nome": "L1", "FA_i": "C2", "FA_f": "C1", "buffer": "e1"}, {"py/object": "strutture_dati.Link", "nome": "L2", "FA_i": "C2", "FA_f": "C3", "buffer": ""}, {"py/object": "strutture_dati.Link", "nome": "L3", "FA_i": "C3", "FA_f": "C1", "buffer": "e2"}], "nome": "11:21:30|e1::e2", "id": 16, "final": false, "indice_oss": 1}, "oss": "\u03b5", "ril": "\u03b5", "chiusura_iniziale": null, "chiusura_finale": null, "nodo_accettazione_raggiunto": null, "etichetta_diagnosi": "\u03b5"}, {"py/object": "strutture_dati.Cammino", "nome": "t2a", "nodo_iniziale": {"py/id": 321}, "nodo_finale": {"py/object": "strutture_dati.Nodo", "stati_FA": ["10", "21", "31"], "lista_link": [{"py/object": "strutture_dati.Link", "nome": "L1", "FA_i": "C2", "FA_f": "C1", "buffer": "e1"}, {"py/object": "strutture_dati.Link", "nome": "L2", "FA_i": "C2", "FA_f": "C3", "buffer": "e3"}, {"py/object": "strutture_dati.Link", "nome": "L3", "FA_i": "C3", "FA_f": "C1", "buffer": ""}], "nome": "10:21:31|e1:e3:", "id": 15, "final": false, "indice_oss": 1}, "oss": "o1", "ril": "\u03b5", "chiusura_iniziale": null, "chiusura_finale": null, "nodo_accettazione_raggiunto": null, "etichetta_diagnosi": "\u03b5"}, {"py/object": "strutture_dati.Cammino", "nome": "t3a", "nodo_iniziale": {"py/id": 335}, "nodo_finale": {"py/object": "strutture_dati.Nodo", "stati_FA": ["11", "20", "31"], "lista_link": [{"py/object": "strutture_dati.Link", "nome": "L1", "FA_i": "C2", "FA_f": "C1", "buffer": "e1"}, {"py/object": "strutture_dati.Link", "nome": "L2", "FA_i": "C2", "FA_f": "C3", "buffer": "e3"}, {"py/object": "strutture_dati.Link", "nome": "L3", "FA_i": "C3", "FA_f": "C1", "buffer": "e2"}], "nome": "11:20:31|e1:e3:e2", "id": 17, "final": false, "indice_oss": 2}, "oss": "\u03b5", "ril": "\u03b5", "chiusura_iniziale": null, "chiusura_finale": null, "nodo_accettazione_raggiunto": null, "etichetta_diagnosi": "\u03b5"}, {"py/object": "strutture_dati.Cammino", "nome": "t1b", "nodo_iniziale": {"py/id": 342}, "nodo_finale": {"py/object": "strutture_dati.Nodo", "stati_FA": ["10", "21", "31"], "lista_link": [{"py/object": "strutture_dati.Link", "nome": "L1", "FA_i": "C2", "FA_f": "C1", "buffer": ""}, {"py/object": "strutture_dati.Link", "nome": "L2", "FA_i": "C2", "FA_f": "C3", "buffer": "e3"}, {"py/object": "strutture_dati.Link", "nome": "L3", "FA_i": "C3", "FA_f": "C1", "buffer": ""}], "nome": "10:21:31|:e3:", "id": 18, "final": false, "indice_oss": 1}, "oss": "\u03b5", "ril": "\u03b5", "chiusura_iniziale": null, "chiusura_finale": null, "nodo_accettazione_raggiunto": null, "etichetta_diagnosi": "\u03b5"}, {"py/object": "strutture_dati.Cammino", "nome": "t2b", "nodo_iniziale": {"py/id": 342}, "nodo_finale": {"py/object": "strutture_dati.Nodo", "stati_FA": ["11", "20", "31"], "lista_link": [{"py/object": "strutture_dati.Link", "nome": "L1", "FA_i": "C2", "FA_f": "C1", "buffer": "e1"}, {"py/object": "strutture_dati.Link", "nome": "L2", "FA_i": "C2", "FA_f": "C3", "buffer": "e3"}, {"py/object": "strutture_dati.Link", "nome": "L3", "FA_i": "C3", "FA_f": "C1", "buffer": "e2"}], "nome": "11:20:31|e1:e3:e2", "id": 17, "final": false, "indice_oss": 2}, "oss": "o2", "ril": "\u03b5", "chiusura_iniziale": null, "chiusura_finale": null, "nodo_accettazione_raggiunto": null, "etichetta_diagnosi": "\u03b5"}, {"py/object": "strutture_dati.Cammino", "nome": "t3b", "nodo_iniziale": {"py/id": 342}, "nodo_finale": {"py/object": "strutture_dati.Nodo", "stati_FA": ["11", "21", "30"], "lista_link": [{"py/object": "strutture_dati.Link", "nome": "L1", "FA_i": "C2", "FA_f": "C1", "buffer": ""}, {"py/object": "strutture_dati.Link", "nome": "L2", "FA_i": "C2", "FA_f": "C3", "buffer": ""}, {"py/object": "strutture_dati.Link", "nome": "L3", "FA_i": "C3", "FA_f": "C1", "buffer": "e2"}], "nome": "11:21:30|::e2", "id": 19, "final": false, "indice_oss": 1}, "oss": "\u03b5", "ril": "\u03b5", "chiusura_iniziale": null, "chiusura_finale": null, "nodo_accettazione_raggiunto": null, "etichetta_diagnosi": "\u03b5"}, {"py/object": "strutture_dati.Cammino", "nome": "t3c", "nodo_iniziale": {"py/id": 342}, "nodo_finale": {"py/object": "strutture_dati.Nodo", "stati_FA": ["11", "21", "31"], "lista_link": [{"py/object": "strutture_dati.Link", "nome": "L1", "FA_i": "C2", "FA_f": "C1", "buffer": ""}, {"py/object": "strutture_dati.Link", "nome": "L2", "FA_i": "C2", "FA_f": "C3", "buffer": ""}, {"py/object": "strutture_dati.Link", "nome": "L3", "FA_i": "C3", "FA_f": "C1", "buffer": "e2"}], "nome": "11:21:31|::e2", "id": 20, "final": false, "indice_oss": 1}, "oss": "\u03b5", "ril": "f3", "chiusura_iniziale": null, "chiusura_finale": null, "nodo_accettazione_raggiunto": null, "etichetta_diagnosi": "\u03b5"}, {"py/object": "strutture_dati.Cammino", "nome": "t1a", "nodo_iniziale": {"py/id": 363}, "nodo_finale": {"py/object": "strutture_dati.Nodo", "stati_FA": ["11", "21", "30"], "lista_link": [{"py/object": "strutture_dati.Link", "nome": "L1", "FA_i": "C2", "FA_f": "C1", "buffer": ""}, {"py/object": "strutture_dati.Link", "nome": "L2", "FA_i": "C2", "FA_f": "C3", "buffer": ""}, {"py/object": "strutture_dati.Link", "nome": "L3", "FA_i": "C3", "FA_f": "C1", "buffer": "e2"}], "nome": "11:21:30|::e2", "id": 19, "final": false, "indice_oss": 1}, "oss": "\u03b5", "ril": "\u03b5", "chiusura_iniziale": null, "chiusura_finale": null, "nodo_accettazione_raggiunto": null, "etichetta_diagnosi": "\u03b5"}, {"py/object": "strutture_dati.Cammino", "nome": "t1c", "nodo_iniziale": {"py/id": 363}, "nodo_finale": {"py/object": "strutture_dati.Nodo", "stati_FA": ["11", "21", "30"], "lista_link": [{"py/object": "strutture_dati.Link", "nome": "L1", "FA_i": "C2", "FA_f": "C1", "buffer": "e1"}, {"py/object": "strutture_dati.Link", "nome": "L2", "FA_i": "C2", "FA_f": "C3", "buffer": ""}, {"py/object": "strutture_dati.Link", "nome": "L3", "FA_i": "C3", "FA_f": "C1", "buffer": "e2"}], "nome": "11:21:30|e1::e2", "id": 16, "final": false, "indice_oss": 1}, "oss": "\u03b5", "ril": "f1", "chiusura_iniziale": null, "chiusura_finale": null, "nodo_accettazione_raggiunto": null, "etichetta_diagnosi": "\u03b5"}, {"py/object": "strutture_dati.Cammino", "nome": "t1a", "nodo_iniziale": {"py/id": 370}, "nodo_finale": {"py/object": "strutture_dati.Nodo", "stati_FA": ["11", "21", "31"], "lista_link": [{"py/object": "strutture_dati.Link", "nome": "L1", "FA_i": "C2", "FA_f": "C1", "buffer": ""}, {"py/object": "strutture_dati.Link", "nome": "L2", "FA_i": "C2", "FA_f": "C3", "buffer": ""}, {"py/object": "strutture_dati.Link", "nome": "L3", "FA_i": "C3", "FA_f": "C1", "buffer": "e2"}], "nome": "11:21:31|::e2", "id": 20, "final": false, "indice_oss": 1}, "oss": "\u03b5", "ril": "\u03b5", "chiusura_iniziale": null, "chiusura_finale": null, "nodo_accettazione_raggiunto": null, "etichetta_diagnosi": "\u03b5"}, {"py/object": "strutture_dati.Cammino", "nome": "t1a", "nodo_iniziale": {"py/id": 377}, "nodo_finale": {"py/object": "strutture_dati.Nodo", "stati_FA": ["11", "21", "31"], "lista_link": [{"py/object": "strutture_dati.Link", "nome": "L1", "FA_i": "C2", "FA_f": "C1", "buffer": ""}, {"py/object": "strutture_dati.Link", "nome": "L2", "FA_i": "C2", "FA_f": "C3", "buffer": "e3"}, {"py/object": "strutture_dati.Link", "nome": "L3", "FA_i": "C3", "FA_f": "C1", "buffer": ""}], "nome": "11:21:31|:e3:", "id": 21, "final": false, "indice_oss": 1}, "oss": "\u03b5", "ril": "\u03b5", "chiusura_iniziale": null, "chiusura_finale": null, "nodo_accettazione_raggiunto": null, "etichetta_diagnosi": "\u03b5"}, {"py/object": "strutture_dati.Cammino", "nome": "t3b", "nodo_iniziale": {"py/id": 377}, "nodo_finale": {"py/object": "strutture_dati.Nodo", "stati_FA": ["10", "21", "30"], "lista_link": [{"py/object": "strutture_dati.Link", "nome": "L1", "FA_i": "C2", "FA_f": "C1", "buffer": "e1"}, {"py/object": "strutture_dati.Link", "nome": "L2", "FA_i": "C2", "FA_f": "C3", "buffer": ""}, {"py/object": "strutture_dati.Link", "nome": "L3", "FA_i": "C3", "FA_f": "C1", "buffer": ""}], "nome": "10:21:30|e1::", "id": 22, "final": false, "indice_oss": 1}, "oss": "\u03b5", "ril": "\u03b5", "chiusura_iniziale": null, "chiusura_finale": null, "nodo_accettazione_raggiunto": null, "etichetta_diagnosi": "\u03b5"}, {"py/object": "strutture_dati.Cammino", "nome": "t1b", "nodo_iniziale": {"py/id": 384}, "nodo_finale": {"py/object": "strutture_dati.Nodo", "stati_FA": ["10", "21", "30"], "lista_link": [{"py/object": "strutture_dati.Link", "nome": "L1", "FA_i": "C2", "FA_f": "C1", "buffer": "e1"}, {"py/object": "strutture_dati.Link", "nome": "L2", "FA_i": "C2", "FA_f": "C3", "buffer": ""}, {"py/object": "strutture_dati.Link", "nome": "L3", "FA_i": "C3", "FA_f": "C1", "buffer": ""}], "nome": "10:21:30|e1::", "id": 22, "final": false, "indice_oss": 1}, "oss": "\u03b5", "ril": "\u03b5", "chiusura_iniziale": null, "chiusura_finale": null, "nodo_accettazione_raggiunto": null, "etichetta_diagnosi": "\u03b5"}, {"py/object": "strutture_dati.Cammino", "nome": "t1b", "nodo_iniziale": {"py/id": 398}, "nodo_finale": {"py/object": "strutture_dati.Nodo", "stati_FA": ["10", "20", "31"], "lista_link": [{"py/object": "strutture_dati.Link", "nome": "L1", "FA_i": "C2", "FA_f": "C1", "buffer": "e1"}, {"py/object": "strutture_dati.Link", "nome": "L2", "FA_i": "C2", "FA_f": "C3", "buffer": "e3"}, {"py/object": "strutture_dati.Link", "nome": "L3", "FA_i": "C3", "FA_f": "C1", "buffer": ""}], "nome": "10:20:31|e1:e3:", "id": 23, "final": false, "indice_oss": 2}, "oss": "\u03b5", "ril": "\u03b5", "chiusura_iniziale": null, "chiusura_finale": null, "nodo_accettazione_raggiunto": null, "etichetta_diagnosi": "\u03b5"}, {"py/object": "strutture_dati.Cammino", "nome": "t3b", "nodo_iniziale": {"py/id": 398}, "nodo_finale": {"py/object": "strutture_dati.Nodo", "stati_FA": ["11", "20", "30"], "lista_link": [{"py/object": "strutture_dati.Link", "nome": "L1", "FA_i": "C2", "FA_f": "C1", "buffer": "e1"}, {"py/object": "strutture_dati.Link", "nome": "L2", "FA_i": "C2", "FA_f": "C3", "buffer": ""}, {"py/object": "strutture_dati.Link", "nome": "L3", "FA_i": "C3", "FA_f": "C1", "buffer": "e2"}], "nome": "11:20:30|e1::e2", "id": 24, "final": false, "indice_oss": 2}, "oss": "\u03b5", "ril": "\u03b5", "chiusura_iniziale": null, "chiusura_finale": null, "nodo_accettazione_raggiunto": null, "etichetta_diagnosi": "\u03b5"}, {"py/object": "strutture_dati.Cammino", "nome": "t3c", "nodo_iniziale": {"py/id": 398}, "nodo_finale": {"py/object": "strutture_dati.Nodo", "stati_FA": ["11", "20", "31"], "lista_link": [{"py/object": "strutture_dati.Link", "nome": "L1", "FA_i": "C2", "FA_f": "C1", "buffer": "e1"}, {"py/object": "strutture_dati.Link", "nome": "L2", "FA_i": "C2", "FA_f": "C3", "buffer": ""}, {"py/object": "strutture_dati.Link", "nome": "L3", "FA_i": "C3", "FA_f": "C1", "buffer": "e2"}], "nome": "11:20:31|e1::e2", "id": 25, "final": false, "indice_oss": 2}, "oss": "\u03b5", "ril": "f3", "chiusura_iniziale": null, "chiusura_finale": null, "nodo_accettazione_raggiunto": null, "etichetta_diagnosi": "\u03b5"}, {"py/object": "strutture_dati.Cammino", "nome": "t1c", "nodo_iniziale": {"py/id": 405}, "nodo_finale": {"py/object": "strutture_dati.Nodo", "stati_FA": ["11", "21", "31"], "lista_link": [{"py/object": "strutture_dati.Link", "nome": "L1", "FA_i": "C2", "FA_f": "C1", "buffer": ""}, {"py/object": "strutture_dati.Link", "nome": "L2", "FA_i": "C2", "FA_f": "C3", "buffer": "e3"}, {"py/object": "strutture_dati.Link", "nome": "L3", "FA_i": "C3", "FA_f": "C1", "buffer": ""}], "nome": "11:21:31|:e3:", "id": 21, "final": false, "indice_oss": 1}, "oss": "\u03b5", "ril": "f1", "chiusura_iniziale": null, "chiusura_finale": null, "nodo_accettazione_raggiunto": null, "etichetta_diagnosi": "\u03b5"}, {"py/object": "strutture_dati.Cammino", "nome": "t2b", "nodo_iniziale": {"py/id": 405}, "nodo_finale": {"py/object": "strutture_dati.Nodo", "stati_FA": ["10", "20", "31"], "lista_link": [{"py/object": "strutture_dati.Link", "nome": "L1", "FA_i": "C2", "FA_f": "C1", "buffer": "e1"}, {"py/object": "strutture_dati.Link", "nome": "L2", "FA_i": "C2", "FA_f": "C3", "buffer": "e3"}, {"py/object": "strutture_dati.Link", "nome": "L3", "FA_i": "C3", "FA_f": "C1", "buffer": ""}], "nome": "10:20:31|e1:e3:", "id": 23, "final": false, "indice_oss": 2}, "oss": "o2", "ril": "\u03b5", "chiusura_iniziale": null, "chiusura_finale": null, "nodo_accettazione_raggiunto": null, "etichetta_diagnosi": "\u03b5"}, {"py/object": "strutture_dati.Cammino", "nome": "t3b", "nodo_iniziale": {"py/id": 405}, "nodo_finale": {"py/object": "strutture_dati.Nodo", "stati_FA": ["10", "21", "30"], "lista_link": [{"py/object": "strutture_dati.Link", "nome": "L1", "FA_i": "C2", "FA_f": "C1", "buffer": ""}, {"py/object": "strutture_dati.Link", "nome": "L2", "FA_i": "C2", "FA_f": "C3", "buffer": ""}, {"py/object": "strutture_dati.Link", "nome": "L3", "FA_i": "C3", "FA_f": "C1", "buffer": ""}], "nome": "10:21:30|::", "id": 26, "final": false, "indice_oss": 1}, "oss": "\u03b5", "ril": "\u03b5", "chiusura_iniziale": null, "chiusura_finale": null, "nodo_accettazione_raggiunto": null, "etichetta_diagnosi": "\u03b5"}, {"py/object": "strutture_dati.Cammino", "nome": "t3c", "nodo_iniziale": {"py/id": 405}, "nodo_finale": {"py/object": "strutture_dati.Nodo", "stati_FA": ["10", "21", "31"], "lista_link": [{"py/object": "strutture_dati.Link", "nome": "L1", "FA_i": "C2", "FA_f": "C1", "buffer": ""}, {"py/object": "strutture_dati.Link", "nome": "L2", "FA_i": "C2", "FA_f": "C3", "buffer": ""}, {"py/object": "strutture_dati.Link", "nome": "L3", "FA_i": "C3", "FA_f": "C1", "buffer": ""}], "nome": "10:21:31|::", "id": 27, "final": false, "indice_oss": 1}, "oss": "\u03b5", "ril": "f3", "chiusura_iniziale": null, "chiusura_finale": null, "nodo_accettazione_raggiunto": null, "etichetta_diagnosi": "\u03b5"}, {"py/object": "strutture_dati.Cammino", "nome": "t1b", "nodo_iniziale": {"py/id": 419}, "nodo_finale": {"py/object": "strutture_dati.Nodo", "stati_FA": ["10", "21", "30"], "lista_link": [{"py/object": "strutture_dati.Link", "nome": "L1", "FA_i": "C2", "FA_f": "C1", "buffer": ""}, {"py/object": "strutture_dati.Link", "nome": "L2", "FA_i": "C2", "FA_f": "C3", "buffer": ""}, {"py/object": "strutture_dati.Link", "nome": "L3", "FA_i": "C3", "FA_f": "C1", "buffer": ""}], "nome": "10:21:30|::", "id": 26, "final": false, "indice_oss": 1}, "oss": "\u03b5", "ril": "\u03b5", "chiusura_iniziale": null, "chiusura_finale": null, "nodo_accettazione_raggiunto": null, "etichetta_diagnosi": "\u03b5"}, {"py/object": "strutture_dati.Cammino", "nome": "t2b", "nodo_iniziale": {"py/id": 419}, "nodo_finale": {"py/object": "strutture_dati.Nodo", "stati_FA": ["11", "20", "30"], "lista_link": [{"py/object": "strutture_dati.Link", "nome": "L1", "FA_i": "C2", "FA_f": "C1", "buffer": "e1"}, {"py/object": "strutture_dati.Link", "nome": "L2", "FA_i": "C2", "FA_f": "C3", "buffer": ""}, {"py/object": "strutture_dati.Link", "nome": "L3", "FA_i": "C3", "FA_f": "C1", "buffer": "e2"}], "nome": "11:20:30|e1::e2", "id": 24, "final": false, "indice_oss": 2}, "oss": "o2", "ril": "\u03b5", "chiusura_iniziale": null, "chiusura_finale": null, "nodo_accettazione_raggiunto": null, "etichetta_diagnosi": "\u03b5"}, {"py/object": "strutture_dati.Cammino", "nome": "t1b", "nodo_iniziale": {"py/id": 426}, "nodo_finale": {"py/object": "strutture_dati.Nodo", "stati_FA": ["10", "21", "31"], "lista_link": [{"py/object": "strutture_dati.Link", "nome": "L1", "FA_i": "C2", "FA_f": "C1", "buffer": ""}, {"py/object": "strutture_dati.Link", "nome": "L2", "FA_i": "C2", "FA_f": "C3", "buffer": ""}, {"py/object": "strutture_dati.Link", "nome": "L3", "FA_i": "C3", "FA_f": "C1", "buffer": ""}], "nome": "10:21:31|::", "id": 27, "final": false, "indice_oss": 1}, "oss": "\u03b5", "ril": "\u03b5", "chiusura_iniziale": null, "chiusura_finale": null, "nodo_accettazione_raggiunto": null, "etichetta_diagnosi": "\u03b5"}, {"py/object": "strutture_dati.Cammino", "nome": "t2b", "nodo_iniziale": {"py/id": 426}, "nodo_finale": {"py/object": "strutture_dati.Nodo", "stati_FA": ["11", "20", "31"], "lista_link": [{"py/object": "strutture_dati.Link", "nome": "L1", "FA_i": "C2", "FA_f": "C1", "buffer": "e1"}, {"py/object": "strutture_dati.Link", "nome": "L2", "FA_i": "C2", "FA_f": "C3", "buffer": ""}, {"py/object": "strutture_dati.Link", "nome": "L3", "FA_i": "C3", "FA_f": "C1", "buffer": "e2"}], "nome": "11:20:31|e1::e2", "id": 25, "final": false, "indice_oss": 2}, "oss": "o2", "ril": "\u03b5", "chiusura_iniziale": null, "chiusura_finale": null, "nodo_accettazione_raggiunto": null, "etichetta_diagnosi": "\u03b5"}, {"py/object": "strutture_dati.Cammino", "nome": "t2b", "nodo_iniziale": {"py/id": 454}, "nodo_finale": {"py/object": "strutture_dati.Nodo", "stati_FA": ["11", "20", "31"], "lista_link": [{"py/object": "strutture_dati.Link", "nome": "L1", "FA_i": "C2", "FA_f": "C1", "buffer": "e1"}, {"py/object": "strutture_dati.Link", "nome": "L2", "FA_i": "C2", "FA_f": "C3", "buffer": "e3"}, {"py/object": "strutture_dati.Link", "nome": "L3", "FA_i": "C3", "FA_f": "C1", "buffer": ""}], "nome": "11:20:31|e1:e3:", "id": 28, "final": false, "indice_oss": 2}, "oss": "o2", "ril": "\u03b5", "chiusura_iniziale": null, "chiusura_finale": null, "nodo_accettazione_raggiunto": null, "etichetta_diagnosi": "\u03b5"}, {"py/object": "strutture_dati.Cammino", "nome": "t3b", "nodo_iniziale": {"py/id": 454}, "nodo_finale": {"py/object": "strutture_dati.Nodo", "stati_FA": ["11", "21", "30"], "lista_link": [{"py/object": "strutture_dati.Link", "nome": "L1", "FA_i": "C2", "FA_f": "C1", "buffer": ""}, {"py/object": "strutture_dati.Link", "nome": "L2", "FA_i": "C2", "FA_f": "C3", "buffer": ""}, {"py/object": "strutture_dati.Link", "nome": "L3", "FA_i": "C3", "FA_f": "C1", "buffer": ""}], "nome": "11:21:30|::", "id": 29, "final": false, "indice_oss": 1}, "oss": "\u03b5", "ril": "\u03b5", "chiusura_iniziale": null, "chiusura_finale": null, "nodo_accettazione_raggiunto": null, "etichetta_diagnosi": "\u03b5"}, {"py/object": "strutture_dati.Cammino", "nome": "t1a", "nodo_iniziale": {"py/id": 461}, "nodo_finale": {"py/object": "strutture_dati.Nodo", "stati_FA": ["11", "21", "30"], "lista_link": [{"py/object": "strutture_dati.Link", "nome": "L1", "FA_i": "C2", "FA_f": "C1", "buffer": ""}, {"py/object": "strutture_dati.Link", "nome": "L2", "FA_i": "C2", "FA_f": "C3", "buffer": ""}, {"py/object": "strutture_dati.Link", "nome": "L3", "FA_i": "C3", "FA_f": "C1", "buffer": ""}], "nome": "11:21:30|::", "id": 29, "final": false, "indice_oss": 1}, "oss": "\u03b5", "ril": "\u03b5", "chiusura_iniziale": null, "chiusura_finale": null, "nodo_accettazione_raggiunto": null, "etichetta_diagnosi": "\u03b5"}, {"py/object": "strutture_dati.Cammino", "nome": "t3a", "nodo_iniziale": {"py/id": 461}, "nodo_finale": {"py/object": "strutture_dati.Nodo", "stati_FA": ["10", "21", "31"], "lista_link": [{"py/object": "strutture_dati.Link", "nome": "L1", "FA_i": "C2", "FA_f": "C1", "buffer": "e1"}, {"py/object": "strutture_dati.Link", "nome": "L2", "FA_i": "C2", "FA_f": "C3", "buffer": ""}, {"py/object": "strutture_dati.Link", "nome": "L3", "FA_i": "C3", "FA_f": "C1", "buffer": "e2"}], "nome": "10:21:31|e1::e2", "id": 14, "final": false, "indice_oss": 1}, "oss": "\u03b5", "ril": "\u03b5", "chiusura_iniziale": null, "chiusura_finale": null, "nodo_accettazione_raggiunto": null, "etichetta_diagnosi": "\u03b5"}, {"py/object": "strutture_dati.Cammino", "nome": "t1a", "nodo_iniziale": {"py/id": 475}, "nodo_finale": {"py/object": "strutture_dati.Nodo", "stati_FA": ["11", "20", "31"], "lista_link": [{"py/object": "strutture_dati.Link", "nome": "L1", "FA_i": "C2", "FA_f": "C1", "buffer": ""}, {"py/object": "strutture_dati.Link", "nome": "L2", "FA_i": "C2", "FA_f": "C3", "buffer": "e3"}, {"py/object": "strutture_dati.Link", "nome": "L3", "FA_i": "C3", "FA_f": "C1", "buffer": ""}], "nome": "11:20:31|:e3:", "id": 30, "final": false, "indice_oss": 2}, "oss": "\u03b5", "ril": "\u03b5", "chiusura_iniziale": null, "chiusura_finale": null, "nodo_accettazione_raggiunto": null, "etichetta_diagnosi": "\u03b5"}, {"py/object": "strutture_dati.Cammino", "nome": "t1c", "nodo_iniziale": {"py/id": 475}, "nodo_finale": {"py/object": "strutture_dati.Nodo", "stati_FA": ["11", "20", "31"], "lista_link": [{"py/object": "strutture_dati.Link", "nome": "L1", "FA_i": "C2", "FA_f": "C1", "buffer": "e1"}, {"py/object": "strutture_dati.Link", "nome": "L2", "FA_i": "C2", "FA_f": "C3", "buffer": "e3"}, {"py/object": "strutture_dati.Link", "nome": "L3", "FA_i": "C3", "FA_f": "C1", "buffer": ""}], "nome": "11:20:31|e1:e3:", "id": 28, "final": false, "indice_oss": 2}, "oss": "\u03b5", "ril": "f1", "chiusura_iniziale": null, "chiusura_finale": null, "nodo_accettazione_raggiunto": null, "etichetta_diagnosi": "\u03b5"}, {"py/object": "strutture_dati.Cammino", "nome": "t3b", "nodo_iniziale": {"py/id": 475}, "nodo_finale": {"py/object": "strutture_dati.Nodo", "stati_FA": ["10", "20", "30"], "lista_link": [{"py/object": "strutture_dati.Link", "nome": "L1", "FA_i": "C2", "FA_f": "C1", "buffer": "e1"}, {"py/object": "strutture_dati.Link", "nome": "L2", "FA_i": "C2", "FA_f": "C3", "buffer": ""}, {"py/object": "strutture_dati.Link", "nome": "L3", "FA_i": "C3", "FA_f": "C1", "buffer": ""}], "nome": "10:20:30|e1::", "id": 31, "final": false, "indice_oss": 2}, "oss": "\u03b5", "ril": "\u03b5", "chiusura_iniziale": null, "chiusura_finale": null, "nodo_accettazione_raggiunto": null, "etichetta_diagnosi": "\u03b5"}, {"py/object": "strutture_dati.Cammino", "nome": "t3c", "nodo_iniziale": {"py/id": 475}, "nodo_finale": {"py/object": "strutture_dati.Nodo", "stati_FA": ["10", "20", "31"], "lista_link": [{"py/object": "strutture_dati.Link", "nome": "L1", "FA_i": "C2", "FA_f": "C1", "buffer": "e1"}, {"py/object": "strutture_dati.Link", "nome": "L2", "FA_i": "C2", "FA_f": "C3", "buffer": ""}, {"py/object": "strutture_dati.Link", "nome": "L3", "FA_i": "C3", "FA_f": "C1", "buffer": ""}], "nome": "10:20:31|e1::", "id": 32, "final": false, "indice_oss": 2}, "oss": "\u03b5", "ril": "f3", "chiusura_iniziale": null, "chiusura_finale": null, "nodo_accettazione_raggiunto": null, "etichetta_diagnosi": "\u03b5"}, {"py/object": "strutture_dati.Cammino", "nome": "t1b", "nodo_iniziale": {"py/id": 482}, "nodo_finale": {"py/object": "strutture_dati.Nodo", "stati_FA": ["10", "20", "30"], "lista_link": [{"py/object": "strutture_dati.Link", "nome": "L1", "FA_i": "C2", "FA_f": "C1", "buffer": "e1"}, {"py/object": "strutture_dati.Link", "nome": "L2", "FA_i": "C2", "FA_f": "C3", "buffer": ""}, {"py/object": "strutture_dati.Link", "nome": "L3", "FA_i": "C3", "FA_f": "C1", "buffer": ""}], "nome": "10:20:30|e1::", "id": 31, "final": false, "indice_oss": 2}, "oss": "\u03b5", "ril": "\u03b5", "chiusura_iniziale": null, "chiusura_finale": null, "nodo_accettazione_raggiunto": null, "etichetta_diagnosi": "\u03b5"}, {"py/object": "strutture_dati.Cammino", "nome": "t1b", "nodo_iniziale": {"py/id": 489}, "nodo_finale": {"py/object": "strutture_dati.Nodo", "stati_FA": ["10", "20", "31"], "lista_link": [{"py/object": "strutture_dati.Link", "nome": "L1", "FA_i": "C2", "FA_f": "C1", "buffer": "e1"}, {"py/object": "strutture_dati.Link", "nome": "L2", "FA_i": "C2", "FA_f": "C3", "buffer": ""}, {"py/object": "strutture_dati.Link", "nome": "L3", "FA_i": "C3", "FA_f": "C1", "buffer": ""}], "nome": "10:20:31|e1::", "id": 32, "final": false, "indice_oss": 2}, "oss": "\u03b5", "ril": "\u03b5", "chiusura_iniziale": null, "chiusura_finale": null, "nodo_accettazione_raggiunto": null, "etichetta_diagnosi": "\u03b5"}, {"py/object": "strutture_dati.Cammino", "nome": "t1c", "nodo_iniziale": {"py/id": 510}, "nodo_finale": {"py/object": "strutture_dati.Nodo", "stati_FA": ["11", "21", "30"], "lista_link": [{"py/object": "strutture_dati.Link", "nome": "L1", "FA_i": "C2", "FA_f": "C1", "buffer": ""}, {"py/object": "strutture_dati.Link", "nome": "L2", "FA_i": "C2", "FA_f": "C3", "buffer": ""}, {"py/object": "strutture_dati.Link", "nome": "L3", "FA_i": "C3", "FA_f": "C1", "buffer": ""}], "nome": "11:21:30|::", "id": 29, "final": false, "indice_oss": 1}, "oss": "\u03b5", "ril": "f1", "chiusura_iniziale": null, "chiusura_finale": null, "nodo_accettazione_raggiunto": null, "etichetta_diagnosi": "\u03b5"}, {"py/object": "strutture_dati.Cammino", "nome": "t2b", "nodo_iniziale": {"py/id": 510}, "nodo_finale": {"py/object": "strutture_dati.Nodo", "stati_FA": ["10", "20", "30"], "lista_link": [{"py/object": "strutture_dati.Link", "nome": "L1", "FA_i": "C2", "FA_f": "C1", "buffer": "e1"}, {"py/object": "strutture_dati.Link", "nome": "L2", "FA_i": "C2", "FA_f": "C3", "buffer": ""}, {"py/object": "strutture_dati.Link", "nome": "L3", "FA_i": "C3", "FA_f": "C1", "buffer": ""}], "nome": "10:20:30|e1::", "id": 31, "final": false, "indice_oss": 2}, "oss": "o2", "ril": "\u03b5", "chiusura_iniziale": null, "chiusura_finale": null, "nodo_accettazione_raggiunto": null, "etichetta_diagnosi": "\u03b5"}, {"py/object": "strutture_dati.Cammino", "nome": "t3a", "nodo_iniziale": {"py/id": 510}, "nodo_finale": {"py/object": "strutture_dati.Nodo", "stati_FA": ["10", "21", "31"], "lista_link": [{"py/object": "strutture_dati.Link", "nome": "L1", "FA_i": "C2", "FA_f": "C1", "buffer": ""}, {"py/object": "strutture_dati.Link", "nome": "L2", "FA_i": "C2", "FA_f": "C3", "buffer": ""}, {"py/object": "strutture_dati.Link", "nome": "L3", "FA_i": "C3", "FA_f": "C1", "buffer": "e2"}], "nome": "10:21:31|::e2", "id": 33, "final": false, "indice_oss": 1}, "oss": "\u03b5", "ril": "\u03b5", "chiusura_iniziale": null, "chiusura_finale": null, "nodo_accettazione_raggiunto": null, "etichetta_diagnosi": "\u03b5"}, {"py/object": "strutture_dati.Cammino", "nome": "t2b", "nodo_iniziale": {"py/id": 517}, "nodo_finale": {"py/object": "strutture_dati.Nodo", "stati_FA": ["10", "20", "31"], "lista_link": [{"py/object": "strutture_dati.Link", "nome": "L1", "FA_i": "C2", "FA_f": "C1", "buffer": "e1"}, {"py/object": "strutture_dati.Link", "nome": "L2", "FA_i": "C2", "FA_f": "C3", "buffer": ""}, {"py/object": "strutture_dati.Link", "nome": "L3", "FA_i": "C3", "FA_f": "C1", "buffer": ""}], "nome": "10:20:31|e1::", "id": 32, "final": false, "indice_oss": 2}, "oss": "o2", "ril": "\u03b5", "chiusura_iniziale": null, "chiusura_finale": null, "nodo_accettazione_raggiunto": null, "etichetta_diagnosi": "\u03b5"}, {"py/object": "strutture_dati.Cammino", "nome": "t3b", "nodo_iniziale": {"py/id": 552}, "nodo_finale": {"py/object": "strutture_dati.Nodo", "stati_FA": ["11", "20", "30"], "lista_link": [{"py/object": "strutture_dati.Link", "nome": "L1", "FA_i": "C2", "FA_f": "C1", "buffer": "e1"}, {"py/object": "strutture_dati.Link", "nome": "L2", "FA_i": "C2", "FA_f": "C3", "buffer": ""}, {"py/object": "strutture_dati.Link", "nome": "L3", "FA_i": "C3", "FA_f": "C1", "buffer": ""}], "nome": "11:20:30|e1::", "id": 34, "final": false, "indice_oss": 2}, "oss": "\u03b5", "ril": "\u03b5", "chiusura_iniziale": null, "chiusura_finale": null, "nodo_accettazione_raggiunto": null, "etichetta_diagnosi": "\u03b5"}, {"py/object": "strutture_dati.Cammino", "nome": "t2b", "nodo_iniziale": {"py/id": 559}, "nodo_finale": {"py/object": "strutture_dati.Nodo", "stati_FA": ["11", "20", "30"], "lista_link": [{"py/object": "strutture_dati.Link", "nome": "L1", "FA_i": "C2", "FA_f": "C1", "buffer": "e1"}, {"py/object": "strutture_dati.Link", "nome": "L2", "FA_i": "C2", "FA_f": "C3", "buffer": ""}, {"py/object": "strutture_dati.Link", "nome": "L3", "FA_i": "C3", "FA_f": "C1", "buffer": ""}], "nome": "11:20:30|e1::", "id": 34, "final": false, "indice_oss": 2}, "oss": "o2", "ril": "\u03b5", "chiusura_iniziale": null, "chiusura_finale": null, "nodo_accettazione_raggiunto": null, "etichetta_diagnosi": "\u03b5"}, {"py/object": "strutture_dati.Cammino", "nome": "t3a", "nodo_iniziale": {"py/id": 559}, "nodo_finale": {"py/object": "strutture_dati.Nodo", "stati_FA": ["11", "21", "31"], "lista_link": [{"py/object": "strutture_dati.Link", "nome": "L1", "FA_i": "C2", "FA_f": "C1", "buffer": ""}, {"py/object": "strutture_dati.Link", "nome": "L2", "FA_i": "C2", "FA_f": "C3", "buffer": ""}, {"py/object": "strutture_dati.Link", "nome": "L3", "FA_i": "C3", "FA_f": "C1", "buffer": "e2"}], "nome": "11:21:31|::e2", "id": 20, "final": false, "indice_oss": 1}, "oss": "\u03b5", "ril": "\u03b5", "chiusura_iniziale": null, "chiusura_finale": null, "nodo_accettazione_raggiunto": null, "etichetta_diagnosi": "\u03b5"}, {"py/object": "strutture_dati.Cammino", "nome": "t3b", "nodo_iniziale": {"py/id": 580}, "nodo_finale": {"py/object": "strutture_dati.Nodo", "stati_FA": ["11", "20", "30"], "lista_link": [{"py/object": "strutture_dati.Link", "nome": "L1", "FA_i": "C2", "FA_f": "C1", "buffer": ""}, {"py/object": "strutture_dati.Link", "nome": "L2", "FA_i": "C2", "FA_f": "C3", "buffer": ""}, {"py/object": "strutture_dati.Link", "nome": "L3", "FA_i": "C3", "FA_f": "C1", "buffer": ""}], "nome": "11:20:30|::", "id": 35, "final": true, "indice_oss": 2}, "oss": "\u03b5", "ril": "\u03b5", "chiusura_iniziale": null, "chiusura_finale": null, "nodo_accettazione_raggiunto": null, "etichetta_diagnosi": "\u03b5"}, {"py/object": "strutture_dati.Cammino", "nome": "t3c", "nodo_iniziale": {"py/id": 580}, "nodo_finale": {"py/object": "strutture_dati.Nodo", "stati_FA": ["11", "20", "31"], "lista_link": [{"py/object": "strutture_dati.Link", "nome": "L1", "FA_i": "C2", "FA_f": "C1", "buffer": ""}, {"py/object": "strutture_dati.Link", "nome": "L2", "FA_i": "C2", "FA_f": "C3", "buffer": ""}, {"py/object": "strutture_dati.Link", "nome": "L3", "FA_i": "C3", "FA_f": "C1", "buffer": ""}], "nome": "11:20:31|::", "id": 36, "final": true, "indice_oss": 2}, "oss": "\u03b5", "ril": "f3", "chiusura_iniziale": null, "chiusura_finale": null, "nodo_accettazione_raggiunto": null, "etichetta_diagnosi": "\u03b5"}, {"py/object": "strutture_dati.Cammino", "nome": "t1a", "nodo_iniziale": {"py/id": 594}, "nodo_finale": {"py/object": "strutture_dati.Nodo", "stati_FA": ["11", "20", "30"], "lista_link": [{"py/object": "strutture_dati.Link", "nome": "L1", "FA_i": "C2", "FA_f": "C1", "buffer": ""}, {"py/object": "strutture_dati.Link", "nome": "L2", "FA_i": "C2", "FA_f": "C3", "buffer": ""}, {"py/object": "strutture_dati.Link", "nome": "L3", "FA_i": "C3", "FA_f": "C1", "buffer": ""}], "nome": "11:20:30|::", "id": 35, "final": true, "indice_oss": 2}, "oss": "\u03b5", "ril": "\u03b5", "chiusura_iniziale": null, "chiusura_finale": null, "nodo_accettazione_raggiunto": null, "etichetta_diagnosi": "\u03b5"}, {"py/object": "strutture_dati.Cammino", "nome": "t1c", "nodo_iniziale": {"py/id": 594}, "nodo_finale": {"py/object": "strutture_dati.Nodo", "stati_FA": ["11", "20", "30"], "lista_link": [{"py/object": "strutture_dati.Link", "nome": "L1", "FA_i": "C2", "FA_f": "C1", "buffer": "e1"}, {"py/object": "strutture_dati.Link", "nome": "L2", "FA_i": "C2", "FA_f": "C3", "buffer": ""}, {"py/object": "strutture_dati.Link", "nome": "L3", "FA_i": "C3", "FA_f": "C1", "buffer": ""}], "nome": "11:20:30|e1::", "id": 34, "final": false, "indice_oss": 2}, "oss": "\u03b5", "ril": "f1", "chiusura_iniziale": null, "chiusura_finale": null, "nodo_accettazione_raggiunto": null, "etichetta_diagnosi": "\u03b5"}, {"py/object": "strutture_dati.Cammino", "nome": "t3a", "nodo_iniziale": {"py/id": 594}, "nodo_finale": {"py/object": "strutture_dati.Nodo", "stati_FA": ["10", "20", "31"], "lista_link": [{"py/object": "strutture_dati.Link", "nome": "L1", "FA_i": "C2", "FA_f": "C1", "buffer": "e1"}, {"py/object": "strutture_dati.Link", "nome": "L2", "FA_i": "C2", "FA_f": "C3", "buffer": ""}, {"py/object": "strutture_dati.Link", "nome": "L3", "FA_i": "C3", "FA_f": "C1", "buffer": "e2"}], "nome": "10:20:31|e1::e2", "id": 37, "final": false, "indice_oss": 2}, "oss": "\u03b5", "ril": "\u03b5", "chiusura_iniziale": null, "chiusura_finale": null, "nodo_accettazione_raggiunto": null, "etichetta_diagnosi": "\u03b5"}, {"py/object": "strutture_dati.Cammino", "nome": "t1a", "nodo_iniziale": {"py/id": 601}, "nodo_finale": {"py/object": "strutture_dati.Nodo", "stati_FA": ["11", "20", "31"], "lista_link": [{"py/object": "strutture_dati.Link", "nome": "L1", "FA_i": "C2", "FA_f": "C1", "buffer": ""}, {"py/object": "strutture_dati.Link", "nome": "L2", "FA_i": "C2", "FA_f": "C3", "buffer": ""}, {"py/object": "strutture_dati.Link", "nome": "L3", "FA_i": "C3", "FA_f": "C1", "buffer": ""}], "nome": "11:20:31|::", "id": 36, "final": true, "indice_oss": 2}, "oss": "\u03b5", "ril": "\u03b5", "chiusura_iniziale": null, "chiusura_finale": null, "nodo_accettazione_raggiunto": null, "etichetta_diagnosi": "\u03b5"}, {"py/object": "strutture_dati.Cammino", "nome": "t1c", "nodo_iniziale": {"py/id": 636}, "nodo_finale": {"py/object": "strutture_dati.Nodo", "stati_FA": ["11", "21", "31"], "lista_link": [{"py/object": "strutture_dati.Link", "nome": "L1", "FA_i": "C2", "FA_f": "C1", "buffer": ""}, {"py/object": "strutture_dati.Link", "nome": "L2", "FA_i": "C2", "FA_f": "C3", "buffer": ""}, {"py/object": "strutture_dati.Link", "nome": "L3", "FA_i": "C3", "FA_f": "C1", "buffer": "e2"}], "nome": "11:21:31|::e2", "id": 20, "final": false, "indice_oss": 1}, "oss": "\u03b5", "ril": "f1", "chiusura_iniziale": null, "chiusura_finale": null, "nodo_accettazione_raggiunto": null, "etichetta_diagnosi": "\u03b5"}, {"py/object": "strutture_dati.Cammino", "nome": "t2b", "nodo_iniziale": {"py/id": 636}, "nodo_finale": {"py/object": "strutture_dati.Nodo", "stati_FA": ["10", "20", "31"], "lista_link": [{"py/object": "strutture_dati.Link", "nome": "L1", "FA_i": "C2", "FA_f": "C1", "buffer": "e1"}, {"py/object": "strutture_dati.Link", "nome": "L2", "FA_i": "C2", "FA_f": "C3", "buffer": ""}, {"py/object": "strutture_dati.Link", "nome": "L3", "FA_i": "C3", "FA_f": "C1", "buffer": "e2"}], "nome": "10:20:31|e1::e2", "id": 37, "final": false, "indice_oss": 2}, "oss": "o2", "ril": "\u03b5", "chiusura_iniziale": null, "chiusura_finale": null, "nodo_accettazione_raggiunto": null, "etichetta_diagnosi": "\u03b5"}, {"py/object": "strutture_dati.Cammino", "nome": "t3a", "nodo_iniziale": {"py/id": 650}, "nodo_finale": {"py/object": "strutture_dati.Nodo", "stati_FA": ["11", "20", "31"], "lista_link": [{"py/object": "strutture_dati.Link", "nome": "L1", "FA_i": "C2", "FA_f": "C1", "buffer": "e1"}, {"py/object": "strutture_dati.Link", "nome": "L2", "FA_i": "C2", "FA_f": "C3", "buffer": ""}, {"py/object": "strutture_dati.Link", "nome": "L3", "FA_i": "C3", "FA_f": "C1", "buffer": "e2"}], "nome": "11:20:31|e1::e2", "id": 25, "final": false, "indice_oss": 2}, "oss": "\u03b5", "ril": "\u03b5", "chiusura_iniziale": null, "chiusura_finale": null, "nodo_accettazione_raggiunto": null, "etichetta_diagnosi": "\u03b5"}, {"py/object": "strutture_dati.Cammino", "nome": "t3a", "nodo_iniziale": {"py/id": 671}, "nodo_finale": {"py/object": "strutture_dati.Nodo", "stati_FA": ["11", "20", "31"], "lista_link": [{"py/object": "strutture_dati.Link", "nome": "L1", "FA_i": "C2", "FA_f": "C1", "buffer": ""}, {"py/object": "strutture_dati.Link", "nome": "L2", "FA_i": "C2", "FA_f": "C3", "buffer": ""}, {"py/object": "strutture_dati.Link", "nome": "L3", "FA_i": "C3", "FA_f": "C1", "buffer": "e2"}], "nome": "11:20:31|::e2", "id": 38, "final": false, "indice_oss": 2}, "oss": "\u03b5", "ril": "\u03b5", "chiusura_iniziale": null, "chiusura_finale": null, "nodo_accettazione_raggiunto": null, "etichetta_diagnosi": "\u03b5"}, {"py/object": "strutture_dati.Cammino", "nome": "t1a", "nodo_iniziale": {"py/id": 699}, "nodo_finale": {"py/object": "strutture_dati.Nodo", "stati_FA": ["11", "20", "31"], "lista_link": [{"py/object": "strutture_dati.Link", "nome": "L1", "FA_i": "C2", "FA_f": "C1", "buffer": ""}, {"py/object": "strutture_dati.Link", "nome": "L2", "FA_i": "C2", "FA_f": "C3", "buffer": ""}, {"py/object": "strutture_dati.Link", "nome": "L3", "FA_i": "C3", "FA_f": "C1", "buffer": "e2"}], "nome": "11:20:31|::e2", "id": 38, "final": false, "indice_oss": 2}, "oss": "\u03b5", "ril": "\u03b5", "chiusura_iniziale": null, "chiusura_finale": null, "nodo_accettazione_raggiunto": null, "etichetta_diagnosi": "\u03b5"}, {"py/object": "strutture_dati.Cammino", "nome": "t1c", "nodo_iniziale": {"py/id": 699}, "nodo_finale": {"py/object": "strutture_dati.Nodo", "stati_FA": ["11", "20", "31"], "lista_link": [{"py/object": "strutture_dati.Link", "nome": "L1", "FA_i": "C2", "FA_f": "C1", "buffer": "e1"}, {"py/object": "strutture_dati.Link", "nome": "L2", "FA_i": "C2", "FA_f": "C3", "buffer": ""}, {"py/object": "strutture_dati.Link", "nome": "L3", "FA_i": "C3", "FA_f": "C1", "buffer": "e2"}], "nome": "11:20:31|e1::e2", "id": 25, "final": false, "indice_oss": 2}, "oss": "\u03b5", "ril": "f1", "chiusura_iniziale": null, "chiusura_finale": null, "nodo_accettazione_raggiunto": null, "etichetta_diagnosi": "\u03b5"}, {"py/object": "strutture_dati.Cammino", "nome": "t1b", "nodo_iniziale": {"py/id": 734}, "nodo_finale": {"py/object": "strutture_dati.Nodo", "stati_FA": ["10", "20", "31"], "lista_link": [{"py/object": "strutture_dati.Link", "nome": "L1", "FA_i": "C2", "FA_f": "C1", "buffer": ""}, {"py/object": "strutture_dati.Link", "nome": "L2", "FA_i": "C2", "FA_f": "C3", "buffer": ""}, {"py/object": "strutture_dati.Link", "nome": "L3", "FA_i": "C3", "FA_f": "C1", "buffer": ""}], "nome": "10:20:31|::", "id": 39, "final": true, "indice_oss": 2}, "oss": "\u03b5", "ril": "\u03b5", "chiusura_iniziale": null, "chiusura_finale": null, "nodo_accettazione_raggiunto": null, "etichetta_diagnosi": "\u03b5"}, {"py/object": "strutture_dati.Cammino", "nome": "t1c", "nodo_iniziale": {"py/id": 755}, "nodo_finale": {"py/object": "strutture_dati.Nodo", "stati_FA": ["11", "20", "31"], "lista_link": [{"py/object": "strutture_dati.Link", "nome": "L1", "FA_i": "C2", "FA_f": "C1", "buffer": ""}, {"py/object": "strutture_dati.Link", "nome": "L2", "FA_i": "C2", "FA_f": "C3", "buffer": ""}, {"py/object": "strutture_dati.Link", "nome": "L3", "FA_i": "C3", "FA_f": "C1", "buffer": ""}], "nome": "11:20:31|::", "id": 36, "final": true, "indice_oss": 2}, "oss": "\u03b5", "ril": "f1", "chiusura_iniziale": null, "chiusura_finale": null, "nodo_accettazione_raggiunto": null, "etichetta_diagnosi": "\u03b5"}], "nome_rete": "Rete 2", "osservazione": "o1o2"}